<?xml version="1.0" encoding="UTF-8"?>
<gpx xmlns="http://www.topografix.com/GPX/1/1" version="1.1" creator="AlpineQuest 2.3.9d" xmlns:xsi="http://www.w3.org/2001/XMLSchema-instance" xsi:schemaLocation="http://www.topografix.com/GPX/1/1 http://www.topografix.com/GPX/1/1/gpx.xsd">
<metadata>
<desc>AlpineQuest Track 25/4/13 8:45:35 오전</desc>
<link href="https://www.alpinequest.net" />
<time>2025-04-13T21:40:21Z</time>
</metadata>
<wpt lat="36.0590994" lon="127.8743566">
<ele>495.763</ele>
<time>2025-04-12T23:45:35Z</time>
<name>물한계곡 공영주차장</name>
<cmt>무료주차장</cmt>
<hdop>3.79</hdop>
</wpt>
<wpt lat="36.0571428" lon="127.8732496">
<ele>512.317</ele>
<time>2025-04-12T23:53:17Z</time>
<name>물한계곡 표석</name>
<hdop>3.79</hdop>
</wpt>
<wpt lat="36.0550196" lon="127.8722598">
<ele>529.785</ele>
<time>2025-04-12T23:57:02Z</time>
<name>황룡사 일주문</name>
<hdop>3.79</hdop>
</wpt>
<wpt lat="36.0523772" lon="127.8726411">
<ele>561.388</ele>
<time>2025-04-13T00:02:02Z</time>
<name>이정목</name>
<hdop>3.79</hdop>
</wpt>
<wpt lat="36.0496094" lon="127.8707363">
<ele>581.209</ele>
<time>2025-04-13T00:06:52Z</time>
<name>목교 보수중</name>
<cmt>민주지산 갯마숲길 갈림길</cmt>
<hdop>9.94</hdop>
</wpt>
<wpt lat="36.0467433" lon="127.8700324">
<ele>611.141</ele>
<time>2025-04-13T00:11:42Z</time>
<name>민주지산 갈림길</name>
<hdop>3.79</hdop>
</wpt>
<wpt lat="36.0456157" lon="127.8701055">
<ele>623.616</ele>
<time>2025-04-13T00:17:47Z</time>
<name>민주지산 갈림길</name>
<hdop>3.79</hdop>
</wpt>
<wpt lat="36.0433766" lon="127.8703064">
<ele>639.772</ele>
<time>2025-04-13T00:21:32Z</time>
<name>삼도봉 갈림길</name>
<hdop>3.79</hdop>
</wpt>
<wpt lat="36.0396403" lon="127.8721792">
<ele>698.476</ele>
<time>2025-04-13T00:30:41Z</time>
<name>석기봉 갈림길</name>
<hdop>9.94</hdop>
</wpt>
<wpt lat="36.0363862" lon="127.873244">
<ele>752.611</ele>
<time>2025-04-13T00:38:00Z</time>
<name>이정목</name>
<hdop>9.94</hdop>
</wpt>
<wpt lat="36.0347873" lon="127.8747028">
<ele>789.432</ele>
<time>2025-04-13T00:45:54Z</time>
<name>구.등산로 일시통제</name>
<hdop>3.79</hdop>
</wpt>
<wpt lat="36.0340984" lon="127.8752499">
<ele>790.832</ele>
<time>2025-04-13T00:48:04Z</time>
<name>이정목</name>
<hdop>3.79</hdop>
</wpt>
<wpt lat="36.0302807" lon="127.87873">
<ele>907.53</ele>
<time>2025-04-13T01:05:19Z</time>
<name>쉼터</name>
<hdop>3.79</hdop>
</wpt>
<wpt lat="36.029967" lon="127.8793482">
<ele>912.789</ele>
<time>2025-04-13T01:09:14Z</time>
<name>무덤골</name>
<hdop>3.79</hdop>
</wpt>
<wpt lat="36.0265985" lon="127.8823267">
<ele>1011.156</ele>
<time>2025-04-13T01:23:40Z</time>
<name>삼마골재</name>
<hdop>3.79</hdop>
</wpt>
<wpt lat="36.0240127" lon="127.879896">
<ele>1103.912</ele>
<time>2025-04-13T01:36:42Z</time>
<name>웰빙숲길 갈림길</name>
<hdop>3.79</hdop>
</wpt>
<wpt lat="36.0226247" lon="127.8767822">
<ele>1175.227</ele>
<time>2025-04-13T01:53:58Z</time>
<name>삼도봉</name>
<cmt>백두대간 인증지점</cmt>
<hdop>3.79</hdop>
</wpt>
<wpt lat="36.0358056" lon="127.8738103">
<ele>777.727</ele>
<time>2025-04-13T02:53:16Z</time>
<name>구.등산로 일시통제</name>
<hdop>3.79</hdop>
</wpt>
<wpt lat="36.0548207" lon="127.871658">
<ele>539.806</ele>
<time>2025-04-13T03:26:44Z</time>
<name>차단기</name>
<hdop>3.79</hdop>
</wpt>
<wpt lat="36.0599583" lon="127.87522">
<ele>499.865</ele>
<time>2025-04-13T03:39:22Z</time>
<name>다래나무식당</name>
<hdop>3.79</hdop>
</wpt>
<trk>
<name>민주지산_물한계곡-삼도봉</name>
<type>hike</type>
<trkseg>
<trkpt lat="36.0590994" lon="127.8743566">
<ele>495.763</ele>
<time>2025-04-12T23:45:35Z</time>
<hdop>3.79</hdop>
</trkpt>
<trkpt lat="36.0591221" lon="127.8743401">
<ele>496.076</ele>
<time>2025-04-12T23:45:40Z</time>
<hdop>3.79</hdop>
</trkpt>
<trkpt lat="36.0591493" lon="127.8743747">
<ele>496.765</ele>
<time>2025-04-12T23:45:45Z</time>
<hdop>3.79</hdop>
</trkpt>
<trkpt lat="36.05913" lon="127.8744088">
<ele>497.124</ele>
<time>2025-04-12T23:45:50Z</time>
<hdop>3.79</hdop>
</trkpt>
<trkpt lat="36.0591295" lon="127.8744553">
<ele>497.52</ele>
<time>2025-04-12T23:45:55Z</time>
<hdop>3.79</hdop>
</trkpt>
<trkpt lat="36.0591232" lon="127.8745153">
<ele>498.585</ele>
<time>2025-04-12T23:46:00Z</time>
<hdop>3.79</hdop>
</trkpt>
<trkpt lat="36.0591122" lon="127.8745784">
<ele>498.838</ele>
<time>2025-04-12T23:46:05Z</time>
<hdop>3.79</hdop>
</trkpt>
<trkpt lat="36.0590997" lon="127.8746346">
<ele>499.008</ele>
<time>2025-04-12T23:46:10Z</time>
<hdop>3.79</hdop>
</trkpt>
<trkpt lat="36.059085" lon="127.8746863">
<ele>499.405</ele>
<time>2025-04-12T23:46:15Z</time>
<hdop>3.79</hdop>
</trkpt>
<trkpt lat="36.0590657" lon="127.8747305">
<ele>499.69</ele>
<time>2025-04-12T23:46:20Z</time>
<hdop>3.79</hdop>
</trkpt>
<trkpt lat="36.0590729" lon="127.8747732">
<ele>499.851</ele>
<time>2025-04-12T23:46:25Z</time>
<hdop>3.79</hdop>
</trkpt>
<trkpt lat="36.0590781" lon="127.8747854">
<ele>500.375</ele>
<time>2025-04-12T23:46:30Z</time>
<hdop>3.79</hdop>
</trkpt>
<trkpt lat="36.0590781" lon="127.8747854">
<ele>500.396</ele>
<time>2025-04-12T23:46:35Z</time>
<hdop>3.79</hdop>
</trkpt>
<trkpt lat="36.0590781" lon="127.8747854">
<ele>500.712</ele>
<time>2025-04-12T23:46:41Z</time>
<hdop>3.79</hdop>
</trkpt>
<trkpt lat="36.0590781" lon="127.8747854">
<ele>499.577</ele>
<time>2025-04-12T23:46:46Z</time>
<hdop>3.79</hdop>
</trkpt>
<trkpt lat="36.0590781" lon="127.8747854">
<ele>499.599</ele>
<time>2025-04-12T23:46:51Z</time>
<hdop>3.79</hdop>
</trkpt>
<trkpt lat="36.0590781" lon="127.8747854">
<ele>499.353</ele>
<time>2025-04-12T23:46:57Z</time>
<hdop>3.79</hdop>
</trkpt>
<trkpt lat="36.0590781" lon="127.8747854">
<ele>498.986</ele>
<time>2025-04-12T23:47:02Z</time>
<hdop>3.79</hdop>
</trkpt>
<trkpt lat="36.0590781" lon="127.8747854">
<ele>499.082</ele>
<time>2025-04-12T23:47:07Z</time>
<hdop>3.79</hdop>
</trkpt>
<trkpt lat="36.0590781" lon="127.8747854">
<ele>499.348</ele>
<time>2025-04-12T23:47:13Z</time>
<hdop>3.79</hdop>
</trkpt>
<trkpt lat="36.0590781" lon="127.8747854">
<ele>499.397</ele>
<time>2025-04-12T23:47:18Z</time>
<hdop>3.79</hdop>
</trkpt>
<trkpt lat="36.0590781" lon="127.8747854">
<ele>499.531</ele>
<time>2025-04-12T23:47:23Z</time>
<hdop>3.79</hdop>
</trkpt>
<trkpt lat="36.0590781" lon="127.8747854">
<ele>499.678</ele>
<time>2025-04-12T23:47:29Z</time>
<hdop>3.79</hdop>
</trkpt>
<trkpt lat="36.0590781" lon="127.8747854">
<ele>499.624</ele>
<time>2025-04-12T23:47:34Z</time>
<hdop>3.79</hdop>
</trkpt>
<trkpt lat="36.0590781" lon="127.8747854">
<ele>499.62</ele>
<time>2025-04-12T23:47:39Z</time>
<hdop>3.79</hdop>
</trkpt>
<trkpt lat="36.0590781" lon="127.8747854">
<ele>499.527</ele>
<time>2025-04-12T23:47:45Z</time>
<hdop>3.79</hdop>
</trkpt>
<trkpt lat="36.0590781" lon="127.8747854">
<ele>499.813</ele>
<time>2025-04-12T23:47:50Z</time>
<hdop>3.79</hdop>
</trkpt>
<trkpt lat="36.0590781" lon="127.8747854">
<ele>499.771</ele>
<time>2025-04-12T23:47:55Z</time>
<hdop>3.79</hdop>
</trkpt>
<trkpt lat="36.0590781" lon="127.8747854">
<ele>500.711</ele>
<time>2025-04-12T23:48:01Z</time>
<hdop>3.79</hdop>
</trkpt>
<trkpt lat="36.0590781" lon="127.8747854">
<ele>500.427</ele>
<time>2025-04-12T23:48:06Z</time>
<hdop>3.79</hdop>
</trkpt>
<trkpt lat="36.0590781" lon="127.8747854">
<ele>500.579</ele>
<time>2025-04-12T23:48:11Z</time>
<hdop>3.79</hdop>
</trkpt>
<trkpt lat="36.0589632" lon="127.8747737">
<ele>500.798</ele>
<time>2025-04-12T23:48:17Z</time>
<hdop>3.79</hdop>
</trkpt>
<trkpt lat="36.0589287" lon="127.8747442">
<ele>502.029</ele>
<time>2025-04-12T23:48:22Z</time>
<hdop>3.79</hdop>
</trkpt>
<trkpt lat="36.058904" lon="127.8747316">
<ele>501.063</ele>
<time>2025-04-12T23:48:27Z</time>
<hdop>3.79</hdop>
</trkpt>
<trkpt lat="36.0588705" lon="127.8747327">
<ele>501.524</ele>
<time>2025-04-12T23:48:33Z</time>
<hdop>3.79</hdop>
</trkpt>
<trkpt lat="36.0588317" lon="127.8747339">
<ele>502.294</ele>
<time>2025-04-12T23:48:38Z</time>
<hdop>3.79</hdop>
</trkpt>
<trkpt lat="36.0587982" lon="127.8747371">
<ele>502.491</ele>
<time>2025-04-12T23:48:43Z</time>
<hdop>3.79</hdop>
</trkpt>
<trkpt lat="36.0587817" lon="127.8747488">
<ele>502.61</ele>
<time>2025-04-12T23:48:46Z</time>
<hdop>3.79</hdop>
</trkpt>
<trkpt lat="36.0587817" lon="127.8747488">
<ele>503.471</ele>
<time>2025-04-12T23:48:57Z</time>
<hdop>3.79</hdop>
</trkpt>
<trkpt lat="36.0587817" lon="127.8747488">
<ele>503.199</ele>
<time>2025-04-12T23:49:02Z</time>
<hdop>3.79</hdop>
</trkpt>
<trkpt lat="36.0587817" lon="127.8747488">
<ele>503.556</ele>
<time>2025-04-12T23:49:07Z</time>
<hdop>3.79</hdop>
</trkpt>
<trkpt lat="36.0587746" lon="127.8747436">
<ele>504.059</ele>
<time>2025-04-12T23:49:12Z</time>
<hdop>3.79</hdop>
</trkpt>
<trkpt lat="36.058764" lon="127.8747383">
<ele>504.031</ele>
<time>2025-04-12T23:49:17Z</time>
<hdop>3.79</hdop>
</trkpt>
<trkpt lat="36.0587331" lon="127.8747111">
<ele>504.381</ele>
<time>2025-04-12T23:49:22Z</time>
<hdop>3.79</hdop>
</trkpt>
<trkpt lat="36.0587128" lon="127.8746994">
<ele>504.871</ele>
<time>2025-04-12T23:49:27Z</time>
<hdop>3.79</hdop>
</trkpt>
<trkpt lat="36.0586733" lon="127.8746665">
<ele>504.856</ele>
<time>2025-04-12T23:49:32Z</time>
<hdop>3.79</hdop>
</trkpt>
<trkpt lat="36.0586367" lon="127.8746311">
<ele>505.107</ele>
<time>2025-04-12T23:49:37Z</time>
<hdop>3.79</hdop>
</trkpt>
<trkpt lat="36.0585932" lon="127.874595">
<ele>505.609</ele>
<time>2025-04-12T23:49:42Z</time>
<hdop>3.79</hdop>
</trkpt>
<trkpt lat="36.0585529" lon="127.8745556">
<ele>506.248</ele>
<time>2025-04-12T23:49:47Z</time>
<hdop>3.79</hdop>
</trkpt>
<trkpt lat="36.0585071" lon="127.8745163">
<ele>507.079</ele>
<time>2025-04-12T23:49:52Z</time>
<hdop>3.79</hdop>
</trkpt>
<trkpt lat="36.0584656" lon="127.8744788">
<ele>507.994</ele>
<time>2025-04-12T23:49:57Z</time>
<hdop>3.79</hdop>
</trkpt>
<trkpt lat="36.0584247" lon="127.8744507">
<ele>508.464</ele>
<time>2025-04-12T23:50:02Z</time>
<hdop>3.79</hdop>
</trkpt>
<trkpt lat="36.0583841" lon="127.8744083">
<ele>509.088</ele>
<time>2025-04-12T23:50:07Z</time>
<hdop>3.79</hdop>
</trkpt>
<trkpt lat="36.0583621" lon="127.874361">
<ele>509.021</ele>
<time>2025-04-12T23:50:12Z</time>
<hdop>3.79</hdop>
</trkpt>
<trkpt lat="36.0583229" lon="127.8743069">
<ele>509.474</ele>
<time>2025-04-12T23:50:17Z</time>
<hdop>3.79</hdop>
</trkpt>
<trkpt lat="36.0582864" lon="127.8742452">
<ele>509.913</ele>
<time>2025-04-12T23:50:22Z</time>
<hdop>3.79</hdop>
</trkpt>
<trkpt lat="36.0582474" lon="127.8741818">
<ele>510.528</ele>
<time>2025-04-12T23:50:27Z</time>
<hdop>3.79</hdop>
</trkpt>
<trkpt lat="36.0582107" lon="127.8741223">
<ele>510.883</ele>
<time>2025-04-12T23:50:32Z</time>
<hdop>3.79</hdop>
</trkpt>
<trkpt lat="36.0581776" lon="127.8740685">
<ele>509.277</ele>
<time>2025-04-12T23:50:37Z</time>
<hdop>3.79</hdop>
</trkpt>
<trkpt lat="36.0581394" lon="127.8740059">
<ele>510.034</ele>
<time>2025-04-12T23:50:42Z</time>
<hdop>3.79</hdop>
</trkpt>
<trkpt lat="36.0581051" lon="127.8739432">
<ele>509.397</ele>
<time>2025-04-12T23:50:47Z</time>
<hdop>3.79</hdop>
</trkpt>
<trkpt lat="36.0580689" lon="127.8738785">
<ele>509.809</ele>
<time>2025-04-12T23:50:52Z</time>
<hdop>3.79</hdop>
</trkpt>
<trkpt lat="36.0580325" lon="127.8738134">
<ele>510.57</ele>
<time>2025-04-12T23:50:57Z</time>
<hdop>3.79</hdop>
</trkpt>
<trkpt lat="36.0579921" lon="127.8737617">
<ele>509.806</ele>
<time>2025-04-12T23:51:02Z</time>
<hdop>3.79</hdop>
</trkpt>
<trkpt lat="36.0579458" lon="127.8737107">
<ele>510.573</ele>
<time>2025-04-12T23:51:07Z</time>
<hdop>3.79</hdop>
</trkpt>
<trkpt lat="36.0578952" lon="127.8736672">
<ele>510.77</ele>
<time>2025-04-12T23:51:12Z</time>
<hdop>3.79</hdop>
</trkpt>
<trkpt lat="36.0578417" lon="127.8736253">
<ele>510.861</ele>
<time>2025-04-12T23:51:17Z</time>
<hdop>3.79</hdop>
</trkpt>
<trkpt lat="36.0577847" lon="127.873591">
<ele>511.314</ele>
<time>2025-04-12T23:51:22Z</time>
<hdop>3.79</hdop>
</trkpt>
<trkpt lat="36.0577342" lon="127.8735658">
<ele>511.143</ele>
<time>2025-04-12T23:51:27Z</time>
<hdop>3.79</hdop>
</trkpt>
<trkpt lat="36.0576825" lon="127.8735294">
<ele>511.293</ele>
<time>2025-04-12T23:51:32Z</time>
<hdop>3.79</hdop>
</trkpt>
<trkpt lat="36.0576678" lon="127.873491">
<ele>511.787</ele>
<time>2025-04-12T23:51:37Z</time>
<hdop>3.79</hdop>
</trkpt>
<trkpt lat="36.0576678" lon="127.873491">
<ele>511.473</ele>
<time>2025-04-12T23:51:47Z</time>
<hdop>3.79</hdop>
</trkpt>
<trkpt lat="36.0576264" lon="127.8734629">
<ele>511.734</ele>
<time>2025-04-12T23:51:52Z</time>
<hdop>3.79</hdop>
</trkpt>
<trkpt lat="36.057552" lon="127.8734093">
<ele>512.692</ele>
<time>2025-04-12T23:51:57Z</time>
<hdop>3.79</hdop>
</trkpt>
<trkpt lat="36.0574782" lon="127.8733613">
<ele>512.459</ele>
<time>2025-04-12T23:52:02Z</time>
<hdop>3.79</hdop>
</trkpt>
<trkpt lat="36.0574018" lon="127.8733178">
<ele>513.648</ele>
<time>2025-04-12T23:52:07Z</time>
<hdop>3.79</hdop>
</trkpt>
<trkpt lat="36.0573309" lon="127.873276">
<ele>513.681</ele>
<time>2025-04-12T23:52:12Z</time>
<hdop>3.79</hdop>
</trkpt>
<trkpt lat="36.0572559" lon="127.8732573">
<ele>513.728</ele>
<time>2025-04-12T23:52:17Z</time>
<hdop>3.79</hdop>
</trkpt>
<trkpt lat="36.0571945" lon="127.8732484">
<ele>513.174</ele>
<time>2025-04-12T23:52:22Z</time>
<hdop>3.79</hdop>
</trkpt>
<trkpt lat="36.0571545" lon="127.8732274">
<ele>513.206</ele>
<time>2025-04-12T23:52:27Z</time>
<hdop>3.79</hdop>
</trkpt>
<trkpt lat="36.0571563" lon="127.8732164">
<ele>512.663</ele>
<time>2025-04-12T23:52:32Z</time>
<hdop>3.79</hdop>
</trkpt>
<trkpt lat="36.0571563" lon="127.8732164">
<ele>512.617</ele>
<time>2025-04-12T23:52:37Z</time>
<hdop>3.79</hdop>
</trkpt>
<trkpt lat="36.0571563" lon="127.8732164">
<ele>512.12</ele>
<time>2025-04-12T23:52:42Z</time>
<hdop>3.79</hdop>
</trkpt>
<trkpt lat="36.0571563" lon="127.8732164">
<ele>512.002</ele>
<time>2025-04-12T23:52:47Z</time>
<hdop>3.79</hdop>
</trkpt>
<trkpt lat="36.0571563" lon="127.8732164">
<ele>512.977</ele>
<time>2025-04-12T23:52:52Z</time>
<hdop>3.79</hdop>
</trkpt>
<trkpt lat="36.0571563" lon="127.8732164">
<ele>511.829</ele>
<time>2025-04-12T23:52:57Z</time>
<hdop>3.79</hdop>
</trkpt>
<trkpt lat="36.0571563" lon="127.8732164">
<ele>512.327</ele>
<time>2025-04-12T23:53:02Z</time>
<hdop>3.79</hdop>
</trkpt>
<trkpt lat="36.0571563" lon="127.8732164">
<ele>512.804</ele>
<time>2025-04-12T23:53:07Z</time>
<hdop>3.79</hdop>
</trkpt>
<trkpt lat="36.0571563" lon="127.8732164">
<ele>512.007</ele>
<time>2025-04-12T23:53:12Z</time>
<hdop>3.79</hdop>
</trkpt>
<trkpt lat="36.0571563" lon="127.8732164">
<ele>512.318</ele>
<time>2025-04-12T23:53:17Z</time>
<hdop>3.79</hdop>
</trkpt>
<trkpt lat="36.0571563" lon="127.8732164">
<ele>511.591</ele>
<time>2025-04-12T23:53:22Z</time>
<hdop>3.79</hdop>
</trkpt>
<trkpt lat="36.0571021" lon="127.8731926">
<ele>511.518</ele>
<time>2025-04-12T23:53:27Z</time>
<hdop>3.79</hdop>
</trkpt>
<trkpt lat="36.0570868" lon="127.8731386">
<ele>511.227</ele>
<time>2025-04-12T23:53:32Z</time>
<hdop>3.79</hdop>
</trkpt>
<trkpt lat="36.0570544" lon="127.8730906">
<ele>510.371</ele>
<time>2025-04-12T23:53:37Z</time>
<hdop>3.79</hdop>
</trkpt>
<trkpt lat="36.057001" lon="127.8730097">
<ele>511.516</ele>
<time>2025-04-12T23:53:42Z</time>
<hdop>3.79</hdop>
</trkpt>
<trkpt lat="36.0569262" lon="127.8729478">
<ele>512.383</ele>
<time>2025-04-12T23:53:47Z</time>
<hdop>3.79</hdop>
</trkpt>
<trkpt lat="36.0568674" lon="127.8729248">
<ele>513.75</ele>
<time>2025-04-12T23:53:52Z</time>
<hdop>3.79</hdop>
</trkpt>
<trkpt lat="36.0568587" lon="127.8729214">
<ele>513.354</ele>
<time>2025-04-12T23:53:57Z</time>
<hdop>3.79</hdop>
</trkpt>
<trkpt lat="36.0568587" lon="127.8729214">
<ele>511.002</ele>
<time>2025-04-12T23:54:02Z</time>
<hdop>3.79</hdop>
</trkpt>
<trkpt lat="36.0568587" lon="127.8729214">
<ele>510.484</ele>
<time>2025-04-12T23:54:07Z</time>
<hdop>3.79</hdop>
</trkpt>
<trkpt lat="36.0568382" lon="127.8728868">
<ele>509.245</ele>
<time>2025-04-12T23:54:12Z</time>
<hdop>3.99</hdop>
</trkpt>
<trkpt lat="36.056774" lon="127.8728651">
<ele>510.333</ele>
<time>2025-04-12T23:54:17Z</time>
<hdop>4.2</hdop>
</trkpt>
<trkpt lat="36.0566918" lon="127.8728412">
<ele>511.0</ele>
<time>2025-04-12T23:54:22Z</time>
<hdop>4.23</hdop>
</trkpt>
<trkpt lat="36.056605" lon="127.8728236">
<ele>512.288</ele>
<time>2025-04-12T23:54:27Z</time>
<hdop>3.79</hdop>
</trkpt>
<trkpt lat="36.0565228" lon="127.8727892">
<ele>514.346</ele>
<time>2025-04-12T23:54:32Z</time>
<hdop>3.79</hdop>
</trkpt>
<trkpt lat="36.0564526" lon="127.8727753">
<ele>515.111</ele>
<time>2025-04-12T23:54:37Z</time>
<hdop>3.79</hdop>
</trkpt>
<trkpt lat="36.0563979" lon="127.8727622">
<ele>515.261</ele>
<time>2025-04-12T23:54:42Z</time>
<hdop>3.79</hdop>
</trkpt>
<trkpt lat="36.0563467" lon="127.8727447">
<ele>518.192</ele>
<time>2025-04-12T23:54:47Z</time>
<hdop>3.79</hdop>
</trkpt>
<trkpt lat="36.056299" lon="127.8727264">
<ele>518.964</ele>
<time>2025-04-12T23:54:52Z</time>
<hdop>3.79</hdop>
</trkpt>
<trkpt lat="36.0562502" lon="127.8727057">
<ele>518.409</ele>
<time>2025-04-12T23:54:57Z</time>
<hdop>3.79</hdop>
</trkpt>
<trkpt lat="36.0562028" lon="127.872678">
<ele>519.664</ele>
<time>2025-04-12T23:55:02Z</time>
<hdop>3.79</hdop>
</trkpt>
<trkpt lat="36.0561559" lon="127.8726503">
<ele>519.443</ele>
<time>2025-04-12T23:55:07Z</time>
<hdop>3.79</hdop>
</trkpt>
<trkpt lat="36.0561079" lon="127.8726097">
<ele>520.079</ele>
<time>2025-04-12T23:55:12Z</time>
<hdop>3.79</hdop>
</trkpt>
<trkpt lat="36.0560619" lon="127.872572">
<ele>521.301</ele>
<time>2025-04-12T23:55:17Z</time>
<hdop>3.79</hdop>
</trkpt>
<trkpt lat="36.0560103" lon="127.8725351">
<ele>522.54</ele>
<time>2025-04-12T23:55:22Z</time>
<hdop>3.79</hdop>
</trkpt>
<trkpt lat="36.0559531" lon="127.8724966">
<ele>523.78</ele>
<time>2025-04-12T23:55:27Z</time>
<hdop>3.79</hdop>
</trkpt>
<trkpt lat="36.0558989" lon="127.8724585">
<ele>524.43</ele>
<time>2025-04-12T23:55:32Z</time>
<hdop>3.79</hdop>
</trkpt>
<trkpt lat="36.0558476" lon="127.8724281">
<ele>524.857</ele>
<time>2025-04-12T23:55:37Z</time>
<hdop>3.79</hdop>
</trkpt>
<trkpt lat="36.0557904" lon="127.8723895">
<ele>525.096</ele>
<time>2025-04-12T23:55:42Z</time>
<hdop>3.79</hdop>
</trkpt>
<trkpt lat="36.0557327" lon="127.8723546">
<ele>525.354</ele>
<time>2025-04-12T23:55:47Z</time>
<hdop>3.79</hdop>
</trkpt>
<trkpt lat="36.0556725" lon="127.8723198">
<ele>526.276</ele>
<time>2025-04-12T23:55:52Z</time>
<hdop>3.79</hdop>
</trkpt>
<trkpt lat="36.0556226" lon="127.8722771">
<ele>526.301</ele>
<time>2025-04-12T23:55:57Z</time>
<hdop>3.79</hdop>
</trkpt>
<trkpt lat="36.0555727" lon="127.8722761">
<ele>525.707</ele>
<time>2025-04-12T23:56:02Z</time>
<hdop>3.79</hdop>
</trkpt>
<trkpt lat="36.0555294" lon="127.8722432">
<ele>525.054</ele>
<time>2025-04-12T23:56:07Z</time>
<hdop>3.79</hdop>
</trkpt>
<trkpt lat="36.0555071" lon="127.8722231">
<ele>525.599</ele>
<time>2025-04-12T23:56:12Z</time>
<hdop>3.79</hdop>
</trkpt>
<trkpt lat="36.0554568" lon="127.8722072">
<ele>526.357</ele>
<time>2025-04-12T23:56:17Z</time>
<hdop>3.79</hdop>
</trkpt>
<trkpt lat="36.0554258" lon="127.8722008">
<ele>526.022</ele>
<time>2025-04-12T23:56:22Z</time>
<hdop>3.79</hdop>
</trkpt>
<trkpt lat="36.0553877" lon="127.8722082">
<ele>526.427</ele>
<time>2025-04-12T23:56:27Z</time>
<hdop>3.79</hdop>
</trkpt>
<trkpt lat="36.0553375" lon="127.8722222">
<ele>526.298</ele>
<time>2025-04-12T23:56:32Z</time>
<hdop>3.79</hdop>
</trkpt>
<trkpt lat="36.0552844" lon="127.8722327">
<ele>527.055</ele>
<time>2025-04-12T23:56:37Z</time>
<hdop>3.79</hdop>
</trkpt>
<trkpt lat="36.0552259" lon="127.8722542">
<ele>526.303</ele>
<time>2025-04-12T23:56:42Z</time>
<hdop>3.79</hdop>
</trkpt>
<trkpt lat="36.055171" lon="127.8722701">
<ele>526.914</ele>
<time>2025-04-12T23:56:47Z</time>
<hdop>3.79</hdop>
</trkpt>
<trkpt lat="36.0551007" lon="127.8722782">
<ele>528.12</ele>
<time>2025-04-12T23:56:52Z</time>
<hdop>3.79</hdop>
</trkpt>
<trkpt lat="36.0550475" lon="127.8722648">
<ele>529.183</ele>
<time>2025-04-12T23:56:57Z</time>
<hdop>3.79</hdop>
</trkpt>
<trkpt lat="36.0550196" lon="127.8722598">
<ele>529.785</ele>
<time>2025-04-12T23:57:02Z</time>
<hdop>3.79</hdop>
</trkpt>
<trkpt lat="36.0549941" lon="127.872287">
<ele>528.592</ele>
<time>2025-04-12T23:57:07Z</time>
<hdop>3.79</hdop>
</trkpt>
<trkpt lat="36.0549329" lon="127.8722859">
<ele>528.612</ele>
<time>2025-04-12T23:57:12Z</time>
<hdop>3.79</hdop>
</trkpt>
<trkpt lat="36.054874" lon="127.8722783">
<ele>527.96</ele>
<time>2025-04-12T23:57:17Z</time>
<hdop>3.79</hdop>
</trkpt>
<trkpt lat="36.0547962" lon="127.8722503">
<ele>528.905</ele>
<time>2025-04-12T23:57:22Z</time>
<hdop>3.79</hdop>
</trkpt>
<trkpt lat="36.0547285" lon="127.8722838">
<ele>530.209</ele>
<time>2025-04-12T23:57:27Z</time>
<hdop>3.79</hdop>
</trkpt>
<trkpt lat="36.0546748" lon="127.8723343">
<ele>531.346</ele>
<time>2025-04-12T23:57:32Z</time>
<hdop>3.79</hdop>
</trkpt>
<trkpt lat="36.0546251" lon="127.8723426">
<ele>532.529</ele>
<time>2025-04-12T23:57:37Z</time>
<hdop>3.79</hdop>
</trkpt>
<trkpt lat="36.0545925" lon="127.8723234">
<ele>532.568</ele>
<time>2025-04-12T23:57:42Z</time>
<hdop>3.79</hdop>
</trkpt>
<trkpt lat="36.0545925" lon="127.8723234">
<ele>532.641</ele>
<time>2025-04-12T23:57:47Z</time>
<hdop>3.79</hdop>
</trkpt>
<trkpt lat="36.0545503" lon="127.8723261">
<ele>531.852</ele>
<time>2025-04-12T23:57:52Z</time>
<hdop>3.79</hdop>
</trkpt>
<trkpt lat="36.0545023" lon="127.8723794">
<ele>532.606</ele>
<time>2025-04-12T23:57:57Z</time>
<hdop>3.79</hdop>
</trkpt>
<trkpt lat="36.0544635" lon="127.8723623">
<ele>532.499</ele>
<time>2025-04-12T23:58:02Z</time>
<hdop>3.79</hdop>
</trkpt>
<trkpt lat="36.0544309" lon="127.8723942">
<ele>532.257</ele>
<time>2025-04-12T23:58:07Z</time>
<hdop>3.79</hdop>
</trkpt>
<trkpt lat="36.0543809" lon="127.8724355">
<ele>530.804</ele>
<time>2025-04-12T23:58:12Z</time>
<hdop>3.79</hdop>
</trkpt>
<trkpt lat="36.0543371" lon="127.8725253">
<ele>534.615</ele>
<time>2025-04-12T23:58:17Z</time>
<hdop>3.79</hdop>
</trkpt>
<trkpt lat="36.054327" lon="127.8725585">
<ele>535.152</ele>
<time>2025-04-12T23:58:22Z</time>
<hdop>3.79</hdop>
</trkpt>
<trkpt lat="36.054327" lon="127.8725585">
<ele>535.14</ele>
<time>2025-04-12T23:58:27Z</time>
<hdop>3.79</hdop>
</trkpt>
<trkpt lat="36.0543254" lon="127.872556">
<ele>535.299</ele>
<time>2025-04-12T23:58:32Z</time>
<hdop>3.79</hdop>
</trkpt>
<trkpt lat="36.054295" lon="127.8725568">
<ele>534.002</ele>
<time>2025-04-12T23:58:37Z</time>
<hdop>9.94</hdop>
</trkpt>
<trkpt lat="36.054243" lon="127.8725705">
<ele>534.038</ele>
<time>2025-04-12T23:58:42Z</time>
<hdop>9.94</hdop>
</trkpt>
<trkpt lat="36.0541766" lon="127.8725882">
<ele>534.25</ele>
<time>2025-04-12T23:58:47Z</time>
<hdop>9.94</hdop>
</trkpt>
<trkpt lat="36.0541222" lon="127.8725959">
<ele>533.544</ele>
<time>2025-04-12T23:58:52Z</time>
<hdop>9.94</hdop>
</trkpt>
<trkpt lat="36.0540732" lon="127.8726031">
<ele>533.925</ele>
<time>2025-04-12T23:58:57Z</time>
<hdop>9.94</hdop>
</trkpt>
<trkpt lat="36.054025" lon="127.8726072">
<ele>533.582</ele>
<time>2025-04-12T23:59:02Z</time>
<hdop>9.94</hdop>
</trkpt>
<trkpt lat="36.0539827" lon="127.8726117">
<ele>533.163</ele>
<time>2025-04-12T23:59:07Z</time>
<hdop>9.94</hdop>
</trkpt>
<trkpt lat="36.053946" lon="127.872629">
<ele>533.645</ele>
<time>2025-04-12T23:59:12Z</time>
<hdop>9.94</hdop>
</trkpt>
<trkpt lat="36.0539096" lon="127.8726651">
<ele>529.138</ele>
<time>2025-04-12T23:59:17Z</time>
<hdop>9.94</hdop>
</trkpt>
<trkpt lat="36.053865" lon="127.8727092">
<ele>530.295</ele>
<time>2025-04-12T23:59:22Z</time>
<hdop>9.94</hdop>
</trkpt>
<trkpt lat="36.0538202" lon="127.8727617">
<ele>530.644</ele>
<time>2025-04-12T23:59:27Z</time>
<hdop>9.94</hdop>
</trkpt>
<trkpt lat="36.0537689" lon="127.8728041">
<ele>531.079</ele>
<time>2025-04-12T23:59:32Z</time>
<hdop>9.94</hdop>
</trkpt>
<trkpt lat="36.053722" lon="127.8728484">
<ele>531.719</ele>
<time>2025-04-12T23:59:37Z</time>
<hdop>9.94</hdop>
</trkpt>
<trkpt lat="36.0536769" lon="127.8728846">
<ele>531.723</ele>
<time>2025-04-12T23:59:42Z</time>
<hdop>9.94</hdop>
</trkpt>
<trkpt lat="36.0536223" lon="127.872929">
<ele>534.447</ele>
<time>2025-04-12T23:59:47Z</time>
<hdop>9.94</hdop>
</trkpt>
<trkpt lat="36.0535706" lon="127.8729561">
<ele>537.907</ele>
<time>2025-04-12T23:59:52Z</time>
<hdop>9.94</hdop>
</trkpt>
<trkpt lat="36.0535304" lon="127.8730068">
<ele>538.429</ele>
<time>2025-04-12T23:59:57Z</time>
<hdop>9.94</hdop>
</trkpt>
<trkpt lat="36.053484" lon="127.8730464">
<ele>539.022</ele>
<time>2025-04-13T00:00:02Z</time>
<hdop>3.79</hdop>
</trkpt>
<trkpt lat="36.0534425" lon="127.8730683">
<ele>539.527</ele>
<time>2025-04-13T00:00:07Z</time>
<hdop>3.79</hdop>
</trkpt>
<trkpt lat="36.0533985" lon="127.8730918">
<ele>540.461</ele>
<time>2025-04-13T00:00:12Z</time>
<hdop>3.79</hdop>
</trkpt>
<trkpt lat="36.0533456" lon="127.8731129">
<ele>539.894</ele>
<time>2025-04-13T00:00:17Z</time>
<hdop>3.79</hdop>
</trkpt>
<trkpt lat="36.0532928" lon="127.873137">
<ele>539.643</ele>
<time>2025-04-13T00:00:22Z</time>
<hdop>3.79</hdop>
</trkpt>
<trkpt lat="36.0532358" lon="127.8731684">
<ele>540.481</ele>
<time>2025-04-13T00:00:27Z</time>
<hdop>3.79</hdop>
</trkpt>
<trkpt lat="36.0531772" lon="127.8732009">
<ele>542.024</ele>
<time>2025-04-13T00:00:32Z</time>
<hdop>3.79</hdop>
</trkpt>
<trkpt lat="36.0531268" lon="127.8732234">
<ele>543.246</ele>
<time>2025-04-13T00:00:37Z</time>
<hdop>3.79</hdop>
</trkpt>
<trkpt lat="36.0530744" lon="127.8732456">
<ele>545.064</ele>
<time>2025-04-13T00:00:42Z</time>
<hdop>3.79</hdop>
</trkpt>
<trkpt lat="36.0530274" lon="127.8732541">
<ele>545.292</ele>
<time>2025-04-13T00:00:47Z</time>
<hdop>3.79</hdop>
</trkpt>
<trkpt lat="36.0529779" lon="127.8732482">
<ele>548.139</ele>
<time>2025-04-13T00:00:52Z</time>
<hdop>3.79</hdop>
</trkpt>
<trkpt lat="36.0529313" lon="127.8732264">
<ele>550.5</ele>
<time>2025-04-13T00:00:57Z</time>
<hdop>3.79</hdop>
</trkpt>
<trkpt lat="36.0528817" lon="127.8732052">
<ele>551.688</ele>
<time>2025-04-13T00:01:02Z</time>
<hdop>3.79</hdop>
</trkpt>
<trkpt lat="36.0528331" lon="127.8731789">
<ele>552.093</ele>
<time>2025-04-13T00:01:07Z</time>
<hdop>3.79</hdop>
</trkpt>
<trkpt lat="36.0527993" lon="127.873122">
<ele>551.319</ele>
<time>2025-04-13T00:01:12Z</time>
<hdop>3.79</hdop>
</trkpt>
<trkpt lat="36.0527653" lon="127.8730864">
<ele>548.748</ele>
<time>2025-04-13T00:01:17Z</time>
<hdop>3.79</hdop>
</trkpt>
<trkpt lat="36.0527135" lon="127.8730464">
<ele>550.198</ele>
<time>2025-04-13T00:01:22Z</time>
<hdop>3.79</hdop>
</trkpt>
<trkpt lat="36.0526644" lon="127.872994">
<ele>551.643</ele>
<time>2025-04-13T00:01:27Z</time>
<hdop>3.79</hdop>
</trkpt>
<trkpt lat="36.0526126" lon="127.8729486">
<ele>553.262</ele>
<time>2025-04-13T00:01:32Z</time>
<hdop>3.79</hdop>
</trkpt>
<trkpt lat="36.0525704" lon="127.8728954">
<ele>554.476</ele>
<time>2025-04-13T00:01:37Z</time>
<hdop>3.79</hdop>
</trkpt>
<trkpt lat="36.0525294" lon="127.8728327">
<ele>556.375</ele>
<time>2025-04-13T00:01:42Z</time>
<hdop>3.79</hdop>
</trkpt>
<trkpt lat="36.0524885" lon="127.872787">
<ele>557.463</ele>
<time>2025-04-13T00:01:47Z</time>
<hdop>3.79</hdop>
</trkpt>
<trkpt lat="36.0524475" lon="127.8727429">
<ele>557.67</ele>
<time>2025-04-13T00:01:52Z</time>
<hdop>3.79</hdop>
</trkpt>
<trkpt lat="36.0524072" lon="127.8726873">
<ele>558.499</ele>
<time>2025-04-13T00:01:57Z</time>
<hdop>3.79</hdop>
</trkpt>
<trkpt lat="36.0523772" lon="127.8726411">
<ele>561.388</ele>
<time>2025-04-13T00:02:02Z</time>
<hdop>3.79</hdop>
</trkpt>
<trkpt lat="36.0523772" lon="127.8726411">
<ele>558.887</ele>
<time>2025-04-13T00:02:07Z</time>
<hdop>3.79</hdop>
</trkpt>
<trkpt lat="36.0523772" lon="127.8726411">
<ele>558.899</ele>
<time>2025-04-13T00:02:12Z</time>
<hdop>3.79</hdop>
</trkpt>
<trkpt lat="36.0523746" lon="127.8726362">
<ele>558.423</ele>
<time>2025-04-13T00:02:17Z</time>
<hdop>3.79</hdop>
</trkpt>
<trkpt lat="36.052308" lon="127.8726069">
<ele>559.3</ele>
<time>2025-04-13T00:02:22Z</time>
<hdop>3.79</hdop>
</trkpt>
<trkpt lat="36.0522545" lon="127.8725554">
<ele>558.535</ele>
<time>2025-04-13T00:02:27Z</time>
<hdop>3.79</hdop>
</trkpt>
<trkpt lat="36.0521894" lon="127.8725189">
<ele>557.97</ele>
<time>2025-04-13T00:02:32Z</time>
<hdop>3.79</hdop>
</trkpt>
<trkpt lat="36.052135" lon="127.8724988">
<ele>560.086</ele>
<time>2025-04-13T00:02:37Z</time>
<hdop>3.79</hdop>
</trkpt>
<trkpt lat="36.0520846" lon="127.8724755">
<ele>560.671</ele>
<time>2025-04-13T00:02:42Z</time>
<hdop>3.79</hdop>
</trkpt>
<trkpt lat="36.0520293" lon="127.872448">
<ele>560.354</ele>
<time>2025-04-13T00:02:47Z</time>
<hdop>3.79</hdop>
</trkpt>
<trkpt lat="36.0519767" lon="127.8724196">
<ele>559.612</ele>
<time>2025-04-13T00:02:52Z</time>
<hdop>3.79</hdop>
</trkpt>
<trkpt lat="36.0519179" lon="127.8723914">
<ele>559.2</ele>
<time>2025-04-13T00:02:57Z</time>
<hdop>3.79</hdop>
</trkpt>
<trkpt lat="36.0518539" lon="127.8723595">
<ele>561.566</ele>
<time>2025-04-13T00:03:02Z</time>
<hdop>3.79</hdop>
</trkpt>
<trkpt lat="36.0517917" lon="127.8723346">
<ele>562.333</ele>
<time>2025-04-13T00:03:07Z</time>
<hdop>3.79</hdop>
</trkpt>
<trkpt lat="36.0517325" lon="127.8723088">
<ele>564.04</ele>
<time>2025-04-13T00:03:12Z</time>
<hdop>3.79</hdop>
</trkpt>
<trkpt lat="36.0516804" lon="127.8722746">
<ele>565.5</ele>
<time>2025-04-13T00:03:17Z</time>
<hdop>3.79</hdop>
</trkpt>
<trkpt lat="36.0516323" lon="127.8722232">
<ele>566.271</ele>
<time>2025-04-13T00:03:22Z</time>
<hdop>3.79</hdop>
</trkpt>
<trkpt lat="36.0515865" lon="127.8721664">
<ele>566.686</ele>
<time>2025-04-13T00:03:27Z</time>
<hdop>3.79</hdop>
</trkpt>
<trkpt lat="36.0515426" lon="127.8721182">
<ele>568.318</ele>
<time>2025-04-13T00:03:32Z</time>
<hdop>3.79</hdop>
</trkpt>
<trkpt lat="36.0515008" lon="127.8720699">
<ele>570.406</ele>
<time>2025-04-13T00:03:37Z</time>
<hdop>3.79</hdop>
</trkpt>
<trkpt lat="36.0514551" lon="127.8720222">
<ele>572.265</ele>
<time>2025-04-13T00:03:42Z</time>
<hdop>3.79</hdop>
</trkpt>
<trkpt lat="36.0514098" lon="127.8719738">
<ele>572.124</ele>
<time>2025-04-13T00:03:47Z</time>
<hdop>3.79</hdop>
</trkpt>
<trkpt lat="36.051362" lon="127.8719272">
<ele>572.487</ele>
<time>2025-04-13T00:03:52Z</time>
<hdop>3.79</hdop>
</trkpt>
<trkpt lat="36.0513154" lon="127.8718754">
<ele>572.77</ele>
<time>2025-04-13T00:03:57Z</time>
<hdop>3.79</hdop>
</trkpt>
<trkpt lat="36.0512708" lon="127.8718272">
<ele>572.281</ele>
<time>2025-04-13T00:04:02Z</time>
<hdop>3.79</hdop>
</trkpt>
<trkpt lat="36.0512224" lon="127.8717876">
<ele>572.594</ele>
<time>2025-04-13T00:04:07Z</time>
<hdop>3.79</hdop>
</trkpt>
<trkpt lat="36.0511778" lon="127.8717445">
<ele>572.827</ele>
<time>2025-04-13T00:04:12Z</time>
<hdop>3.79</hdop>
</trkpt>
<trkpt lat="36.0511306" lon="127.8716972">
<ele>573.825</ele>
<time>2025-04-13T00:04:17Z</time>
<hdop>3.79</hdop>
</trkpt>
<trkpt lat="36.0510923" lon="127.871646">
<ele>573.072</ele>
<time>2025-04-13T00:04:22Z</time>
<hdop>3.79</hdop>
</trkpt>
<trkpt lat="36.0510481" lon="127.8716138">
<ele>572.718</ele>
<time>2025-04-13T00:04:27Z</time>
<hdop>3.79</hdop>
</trkpt>
<trkpt lat="36.0509936" lon="127.8715813">
<ele>572.777</ele>
<time>2025-04-13T00:04:32Z</time>
<hdop>3.79</hdop>
</trkpt>
<trkpt lat="36.0509384" lon="127.8715443">
<ele>573.428</ele>
<time>2025-04-13T00:04:37Z</time>
<hdop>3.79</hdop>
</trkpt>
<trkpt lat="36.0508963" lon="127.871495">
<ele>573.669</ele>
<time>2025-04-13T00:04:42Z</time>
<hdop>3.79</hdop>
</trkpt>
<trkpt lat="36.0508561" lon="127.8714551">
<ele>573.971</ele>
<time>2025-04-13T00:04:47Z</time>
<hdop>3.79</hdop>
</trkpt>
<trkpt lat="36.0508101" lon="127.8714144">
<ele>574.539</ele>
<time>2025-04-13T00:04:52Z</time>
<hdop>3.79</hdop>
</trkpt>
<trkpt lat="36.0507636" lon="127.8713712">
<ele>574.34</ele>
<time>2025-04-13T00:04:57Z</time>
<hdop>3.79</hdop>
</trkpt>
<trkpt lat="36.0507238" lon="127.8713246">
<ele>575.049</ele>
<time>2025-04-13T00:05:02Z</time>
<hdop>3.79</hdop>
</trkpt>
<trkpt lat="36.0506744" lon="127.8712855">
<ele>577.134</ele>
<time>2025-04-13T00:05:07Z</time>
<hdop>3.79</hdop>
</trkpt>
<trkpt lat="36.0506305" lon="127.8712494">
<ele>575.539</ele>
<time>2025-04-13T00:05:12Z</time>
<hdop>3.79</hdop>
</trkpt>
<trkpt lat="36.0505829" lon="127.8712084">
<ele>578.299</ele>
<time>2025-04-13T00:05:17Z</time>
<hdop>3.79</hdop>
</trkpt>
<trkpt lat="36.0505364" lon="127.8711682">
<ele>577.604</ele>
<time>2025-04-13T00:05:22Z</time>
<hdop>3.79</hdop>
</trkpt>
<trkpt lat="36.0504903" lon="127.8711199">
<ele>578.038</ele>
<time>2025-04-13T00:05:27Z</time>
<hdop>3.79</hdop>
</trkpt>
<trkpt lat="36.05045" lon="127.8710668">
<ele>578.174</ele>
<time>2025-04-13T00:05:32Z</time>
<hdop>3.79</hdop>
</trkpt>
<trkpt lat="36.0504059" lon="127.8710191">
<ele>577.593</ele>
<time>2025-04-13T00:05:37Z</time>
<hdop>3.79</hdop>
</trkpt>
<trkpt lat="36.050357" lon="127.8709805">
<ele>576.48</ele>
<time>2025-04-13T00:05:42Z</time>
<hdop>3.79</hdop>
</trkpt>
<trkpt lat="36.050301" lon="127.8709421">
<ele>574.69</ele>
<time>2025-04-13T00:05:47Z</time>
<hdop>3.79</hdop>
</trkpt>
<trkpt lat="36.050247" lon="127.8709063">
<ele>575.021</ele>
<time>2025-04-13T00:05:52Z</time>
<hdop>3.79</hdop>
</trkpt>
<trkpt lat="36.0501941" lon="127.8708756">
<ele>575.866</ele>
<time>2025-04-13T00:05:57Z</time>
<hdop>3.79</hdop>
</trkpt>
<trkpt lat="36.0501445" lon="127.8708375">
<ele>576.912</ele>
<time>2025-04-13T00:06:02Z</time>
<hdop>3.79</hdop>
</trkpt>
<trkpt lat="36.0500955" lon="127.8708092">
<ele>578.637</ele>
<time>2025-04-13T00:06:07Z</time>
<hdop>3.79</hdop>
</trkpt>
<trkpt lat="36.0500412" lon="127.870778">
<ele>579.767</ele>
<time>2025-04-13T00:06:12Z</time>
<hdop>3.79</hdop>
</trkpt>
<trkpt lat="36.0499848" lon="127.8707586">
<ele>580.608</ele>
<time>2025-04-13T00:06:17Z</time>
<hdop>3.79</hdop>
</trkpt>
<trkpt lat="36.0499248" lon="127.8707482">
<ele>580.979</ele>
<time>2025-04-13T00:06:22Z</time>
<hdop>9.94</hdop>
</trkpt>
<trkpt lat="36.0498615" lon="127.870728">
<ele>581.413</ele>
<time>2025-04-13T00:06:27Z</time>
<hdop>9.94</hdop>
</trkpt>
<trkpt lat="36.0498009" lon="127.8707079">
<ele>581.634</ele>
<time>2025-04-13T00:06:32Z</time>
<hdop>9.94</hdop>
</trkpt>
<trkpt lat="36.0497399" lon="127.8707099">
<ele>581.918</ele>
<time>2025-04-13T00:06:37Z</time>
<hdop>9.94</hdop>
</trkpt>
<trkpt lat="36.0496736" lon="127.8707229">
<ele>582.173</ele>
<time>2025-04-13T00:06:42Z</time>
<hdop>9.94</hdop>
</trkpt>
<trkpt lat="36.0496116" lon="127.8707262">
<ele>582.175</ele>
<time>2025-04-13T00:06:47Z</time>
<hdop>9.94</hdop>
</trkpt>
<trkpt lat="36.0496094" lon="127.8707363">
<ele>581.209</ele>
<time>2025-04-13T00:06:52Z</time>
<hdop>9.94</hdop>
</trkpt>
<trkpt lat="36.0496094" lon="127.8707363">
<ele>581.166</ele>
<time>2025-04-13T00:06:57Z</time>
<hdop>9.94</hdop>
</trkpt>
<trkpt lat="36.0495733" lon="127.8707551">
<ele>582.618</ele>
<time>2025-04-13T00:07:02Z</time>
<hdop>9.94</hdop>
</trkpt>
<trkpt lat="36.0495135" lon="127.8707664">
<ele>583.91</ele>
<time>2025-04-13T00:07:07Z</time>
<hdop>9.94</hdop>
</trkpt>
<trkpt lat="36.0494472" lon="127.8707679">
<ele>581.611</ele>
<time>2025-04-13T00:07:12Z</time>
<hdop>9.94</hdop>
</trkpt>
<trkpt lat="36.0493766" lon="127.8707685">
<ele>583.023</ele>
<time>2025-04-13T00:07:17Z</time>
<hdop>9.94</hdop>
</trkpt>
<trkpt lat="36.0493018" lon="127.87075">
<ele>582.947</ele>
<time>2025-04-13T00:07:22Z</time>
<hdop>9.94</hdop>
</trkpt>
<trkpt lat="36.0492288" lon="127.8707215">
<ele>582.252</ele>
<time>2025-04-13T00:07:27Z</time>
<hdop>9.94</hdop>
</trkpt>
<trkpt lat="36.0491581" lon="127.870692">
<ele>583.698</ele>
<time>2025-04-13T00:07:32Z</time>
<hdop>9.94</hdop>
</trkpt>
<trkpt lat="36.0490935" lon="127.8706719">
<ele>584.198</ele>
<time>2025-04-13T00:07:37Z</time>
<hdop>9.94</hdop>
</trkpt>
<trkpt lat="36.0490271" lon="127.8706492">
<ele>585.127</ele>
<time>2025-04-13T00:07:42Z</time>
<hdop>9.94</hdop>
</trkpt>
<trkpt lat="36.0489575" lon="127.8706437">
<ele>585.471</ele>
<time>2025-04-13T00:07:47Z</time>
<hdop>9.94</hdop>
</trkpt>
<trkpt lat="36.0488925" lon="127.870657">
<ele>587.491</ele>
<time>2025-04-13T00:07:52Z</time>
<hdop>9.94</hdop>
</trkpt>
<trkpt lat="36.0488275" lon="127.8706784">
<ele>587.876</ele>
<time>2025-04-13T00:07:57Z</time>
<hdop>9.94</hdop>
</trkpt>
<trkpt lat="36.048764" lon="127.8706717">
<ele>589.224</ele>
<time>2025-04-13T00:08:02Z</time>
<hdop>9.94</hdop>
</trkpt>
<trkpt lat="36.0487131" lon="127.8706394">
<ele>589.543</ele>
<time>2025-04-13T00:08:07Z</time>
<hdop>9.94</hdop>
</trkpt>
<trkpt lat="36.0486562" lon="127.8706158">
<ele>590.417</ele>
<time>2025-04-13T00:08:12Z</time>
<hdop>9.94</hdop>
</trkpt>
<trkpt lat="36.048594" lon="127.8705961">
<ele>590.999</ele>
<time>2025-04-13T00:08:17Z</time>
<hdop>9.94</hdop>
</trkpt>
<trkpt lat="36.0485302" lon="127.8705755">
<ele>590.732</ele>
<time>2025-04-13T00:08:22Z</time>
<hdop>9.94</hdop>
</trkpt>
<trkpt lat="36.0484717" lon="127.8705464">
<ele>590.825</ele>
<time>2025-04-13T00:08:27Z</time>
<hdop>9.94</hdop>
</trkpt>
<trkpt lat="36.0484074" lon="127.8705272">
<ele>591.081</ele>
<time>2025-04-13T00:08:32Z</time>
<hdop>9.94</hdop>
</trkpt>
<trkpt lat="36.0483403" lon="127.8705118">
<ele>593.1</ele>
<time>2025-04-13T00:08:37Z</time>
<hdop>9.94</hdop>
</trkpt>
<trkpt lat="36.0482799" lon="127.8704959">
<ele>592.943</ele>
<time>2025-04-13T00:08:42Z</time>
<hdop>9.94</hdop>
</trkpt>
<trkpt lat="36.0482148" lon="127.8704745">
<ele>595.148</ele>
<time>2025-04-13T00:08:47Z</time>
<hdop>9.94</hdop>
</trkpt>
<trkpt lat="36.0481561" lon="127.8704606">
<ele>592.878</ele>
<time>2025-04-13T00:08:52Z</time>
<hdop>9.94</hdop>
</trkpt>
<trkpt lat="36.0480957" lon="127.8704486">
<ele>592.428</ele>
<time>2025-04-13T00:08:57Z</time>
<hdop>9.94</hdop>
</trkpt>
<trkpt lat="36.0480299" lon="127.8704431">
<ele>594.096</ele>
<time>2025-04-13T00:09:02Z</time>
<hdop>9.94</hdop>
</trkpt>
<trkpt lat="36.0479846" lon="127.870403">
<ele>595.929</ele>
<time>2025-04-13T00:09:07Z</time>
<hdop>9.94</hdop>
</trkpt>
<trkpt lat="36.0479607" lon="127.8703404">
<ele>595.935</ele>
<time>2025-04-13T00:09:12Z</time>
<hdop>3.79</hdop>
</trkpt>
<trkpt lat="36.0479402" lon="127.8702773">
<ele>596.397</ele>
<time>2025-04-13T00:09:17Z</time>
<hdop>3.79</hdop>
</trkpt>
<trkpt lat="36.0479261" lon="127.8702183">
<ele>597.992</ele>
<time>2025-04-13T00:09:22Z</time>
<hdop>3.79</hdop>
</trkpt>
<trkpt lat="36.0479037" lon="127.8701606">
<ele>600.216</ele>
<time>2025-04-13T00:09:27Z</time>
<hdop>3.79</hdop>
</trkpt>
<trkpt lat="36.0478684" lon="127.8701113">
<ele>598.412</ele>
<time>2025-04-13T00:09:32Z</time>
<hdop>3.79</hdop>
</trkpt>
<trkpt lat="36.0478165" lon="127.8700843">
<ele>598.783</ele>
<time>2025-04-13T00:09:37Z</time>
<hdop>3.79</hdop>
</trkpt>
<trkpt lat="36.0477707" lon="127.8700383">
<ele>599.957</ele>
<time>2025-04-13T00:09:42Z</time>
<hdop>3.79</hdop>
</trkpt>
<trkpt lat="36.0477144" lon="127.8700064">
<ele>601.853</ele>
<time>2025-04-13T00:09:47Z</time>
<hdop>3.79</hdop>
</trkpt>
<trkpt lat="36.0476618" lon="127.8699761">
<ele>600.345</ele>
<time>2025-04-13T00:09:52Z</time>
<hdop>3.79</hdop>
</trkpt>
<trkpt lat="36.0476061" lon="127.8699496">
<ele>602.145</ele>
<time>2025-04-13T00:09:57Z</time>
<hdop>3.79</hdop>
</trkpt>
<trkpt lat="36.0475479" lon="127.8699298">
<ele>604.078</ele>
<time>2025-04-13T00:10:02Z</time>
<hdop>3.79</hdop>
</trkpt>
<trkpt lat="36.0474899" lon="127.8699297">
<ele>606.436</ele>
<time>2025-04-13T00:10:07Z</time>
<hdop>3.79</hdop>
</trkpt>
<trkpt lat="36.0474379" lon="127.8699109">
<ele>609.127</ele>
<time>2025-04-13T00:10:12Z</time>
<hdop>3.79</hdop>
</trkpt>
<trkpt lat="36.0473887" lon="127.8698962">
<ele>610.413</ele>
<time>2025-04-13T00:10:17Z</time>
<hdop>3.79</hdop>
</trkpt>
<trkpt lat="36.0473579" lon="127.8698731">
<ele>611.354</ele>
<time>2025-04-13T00:10:22Z</time>
<hdop>3.79</hdop>
</trkpt>
<trkpt lat="36.0473564" lon="127.8698743">
<ele>611.304</ele>
<time>2025-04-13T00:10:27Z</time>
<hdop>3.79</hdop>
</trkpt>
<trkpt lat="36.0473512" lon="127.8698715">
<ele>610.174</ele>
<time>2025-04-13T00:10:32Z</time>
<hdop>3.79</hdop>
</trkpt>
<trkpt lat="36.0473194" lon="127.869856">
<ele>611.802</ele>
<time>2025-04-13T00:10:37Z</time>
<hdop>3.79</hdop>
</trkpt>
<trkpt lat="36.0472741" lon="127.8698345">
<ele>612.579</ele>
<time>2025-04-13T00:10:42Z</time>
<hdop>3.79</hdop>
</trkpt>
<trkpt lat="36.047227" lon="127.869827">
<ele>611.042</ele>
<time>2025-04-13T00:10:47Z</time>
<hdop>3.79</hdop>
</trkpt>
<trkpt lat="36.0471779" lon="127.8698188">
<ele>610.617</ele>
<time>2025-04-13T00:10:52Z</time>
<hdop>3.79</hdop>
</trkpt>
<trkpt lat="36.0471257" lon="127.8698184">
<ele>609.635</ele>
<time>2025-04-13T00:10:57Z</time>
<hdop>3.79</hdop>
</trkpt>
<trkpt lat="36.0470761" lon="127.8698165">
<ele>609.004</ele>
<time>2025-04-13T00:11:02Z</time>
<hdop>3.79</hdop>
</trkpt>
<trkpt lat="36.0470207" lon="127.8698219">
<ele>609.103</ele>
<time>2025-04-13T00:11:07Z</time>
<hdop>3.79</hdop>
</trkpt>
<trkpt lat="36.046961" lon="127.8698441">
<ele>609.618</ele>
<time>2025-04-13T00:11:12Z</time>
<hdop>3.79</hdop>
</trkpt>
<trkpt lat="36.0468997" lon="127.8698553">
<ele>609.21</ele>
<time>2025-04-13T00:11:17Z</time>
<hdop>3.79</hdop>
</trkpt>
<trkpt lat="36.0468496" lon="127.8698886">
<ele>610.0</ele>
<time>2025-04-13T00:11:22Z</time>
<hdop>3.79</hdop>
</trkpt>
<trkpt lat="36.0468143" lon="127.8699351">
<ele>610.476</ele>
<time>2025-04-13T00:11:27Z</time>
<hdop>3.79</hdop>
</trkpt>
<trkpt lat="36.0467706" lon="127.8699838">
<ele>612.366</ele>
<time>2025-04-13T00:11:32Z</time>
<hdop>3.79</hdop>
</trkpt>
<trkpt lat="36.0467417" lon="127.8700283">
<ele>611.594</ele>
<time>2025-04-13T00:11:37Z</time>
<hdop>3.79</hdop>
</trkpt>
<trkpt lat="36.0467433" lon="127.8700324">
<ele>611.141</ele>
<time>2025-04-13T00:11:42Z</time>
<hdop>3.79</hdop>
</trkpt>
<trkpt lat="36.046757" lon="127.8700412">
<ele>611.088</ele>
<time>2025-04-13T00:11:47Z</time>
<hdop>3.79</hdop>
</trkpt>
<trkpt lat="36.0467724" lon="127.8700963">
<ele>611.047</ele>
<time>2025-04-13T00:11:52Z</time>
<hdop>3.79</hdop>
</trkpt>
<trkpt lat="36.0467792" lon="127.8700967">
<ele>611.39</ele>
<time>2025-04-13T00:11:57Z</time>
<hdop>3.79</hdop>
</trkpt>
<trkpt lat="36.0467792" lon="127.8700967">
<ele>611.541</ele>
<time>2025-04-13T00:12:02Z</time>
<hdop>3.79</hdop>
</trkpt>
<trkpt lat="36.0467792" lon="127.8700967">
<ele>611.466</ele>
<time>2025-04-13T00:12:07Z</time>
<hdop>3.79</hdop>
</trkpt>
<trkpt lat="36.0467792" lon="127.8700967">
<ele>611.226</ele>
<time>2025-04-13T00:12:12Z</time>
<hdop>3.79</hdop>
</trkpt>
<trkpt lat="36.0467792" lon="127.8700967">
<ele>611.036</ele>
<time>2025-04-13T00:12:17Z</time>
<hdop>3.79</hdop>
</trkpt>
<trkpt lat="36.0467792" lon="127.8700967">
<ele>610.746</ele>
<time>2025-04-13T00:12:22Z</time>
<hdop>3.79</hdop>
</trkpt>
<trkpt lat="36.0467792" lon="127.8700967">
<ele>610.807</ele>
<time>2025-04-13T00:12:27Z</time>
<hdop>3.79</hdop>
</trkpt>
<trkpt lat="36.0467792" lon="127.8700967">
<ele>610.867</ele>
<time>2025-04-13T00:12:32Z</time>
<hdop>3.79</hdop>
</trkpt>
<trkpt lat="36.0467792" lon="127.8700967">
<ele>609.724</ele>
<time>2025-04-13T00:12:37Z</time>
<hdop>3.79</hdop>
</trkpt>
<trkpt lat="36.0467792" lon="127.8700967">
<ele>609.65</ele>
<time>2025-04-13T00:12:42Z</time>
<hdop>3.79</hdop>
</trkpt>
<trkpt lat="36.0467792" lon="127.8700967">
<ele>608.101</ele>
<time>2025-04-13T00:12:47Z</time>
<hdop>3.79</hdop>
</trkpt>
<trkpt lat="36.0467792" lon="127.8700967">
<ele>608.349</ele>
<time>2025-04-13T00:12:52Z</time>
<hdop>3.79</hdop>
</trkpt>
<trkpt lat="36.0467792" lon="127.8700967">
<ele>608.374</ele>
<time>2025-04-13T00:12:57Z</time>
<hdop>3.79</hdop>
</trkpt>
<trkpt lat="36.0467792" lon="127.8700967">
<ele>608.478</ele>
<time>2025-04-13T00:13:02Z</time>
<hdop>3.79</hdop>
</trkpt>
<trkpt lat="36.0467792" lon="127.8700967">
<ele>608.488</ele>
<time>2025-04-13T00:13:07Z</time>
<hdop>3.79</hdop>
</trkpt>
<trkpt lat="36.0467792" lon="127.8700967">
<ele>608.567</ele>
<time>2025-04-13T00:13:12Z</time>
<hdop>3.79</hdop>
</trkpt>
<trkpt lat="36.0467792" lon="127.8700967">
<ele>608.384</ele>
<time>2025-04-13T00:13:17Z</time>
<hdop>3.79</hdop>
</trkpt>
<trkpt lat="36.0467792" lon="127.8700967">
<ele>608.425</ele>
<time>2025-04-13T00:13:22Z</time>
<hdop>3.79</hdop>
</trkpt>
<trkpt lat="36.0467792" lon="127.8700967">
<ele>608.424</ele>
<time>2025-04-13T00:13:27Z</time>
<hdop>3.79</hdop>
</trkpt>
<trkpt lat="36.0467792" lon="127.8700967">
<ele>608.445</ele>
<time>2025-04-13T00:13:32Z</time>
<hdop>3.79</hdop>
</trkpt>
<trkpt lat="36.0467792" lon="127.8700967">
<ele>609.364</ele>
<time>2025-04-13T00:13:37Z</time>
<hdop>3.79</hdop>
</trkpt>
<trkpt lat="36.0467792" lon="127.8700967">
<ele>608.591</ele>
<time>2025-04-13T00:13:42Z</time>
<hdop>3.79</hdop>
</trkpt>
<trkpt lat="36.0467792" lon="127.8700967">
<ele>608.398</ele>
<time>2025-04-13T00:13:47Z</time>
<hdop>3.79</hdop>
</trkpt>
<trkpt lat="36.0467792" lon="127.8700967">
<ele>608.383</ele>
<time>2025-04-13T00:13:52Z</time>
<hdop>3.79</hdop>
</trkpt>
<trkpt lat="36.0467792" lon="127.8700967">
<ele>608.154</ele>
<time>2025-04-13T00:13:57Z</time>
<hdop>3.79</hdop>
</trkpt>
<trkpt lat="36.0467792" lon="127.8700967">
<ele>608.172</ele>
<time>2025-04-13T00:14:02Z</time>
<hdop>3.79</hdop>
</trkpt>
<trkpt lat="36.0467792" lon="127.8700967">
<ele>608.214</ele>
<time>2025-04-13T00:14:07Z</time>
<hdop>3.79</hdop>
</trkpt>
<trkpt lat="36.0467792" lon="127.8700967">
<ele>608.256</ele>
<time>2025-04-13T00:14:12Z</time>
<hdop>3.79</hdop>
</trkpt>
<trkpt lat="36.0467792" lon="127.8700967">
<ele>608.248</ele>
<time>2025-04-13T00:14:17Z</time>
<hdop>3.79</hdop>
</trkpt>
<trkpt lat="36.0467792" lon="127.8700967">
<ele>608.346</ele>
<time>2025-04-13T00:14:22Z</time>
<hdop>3.79</hdop>
</trkpt>
<trkpt lat="36.0467792" lon="127.8700967">
<ele>608.429</ele>
<time>2025-04-13T00:14:27Z</time>
<hdop>3.79</hdop>
</trkpt>
<trkpt lat="36.0467792" lon="127.8700967">
<ele>608.456</ele>
<time>2025-04-13T00:14:32Z</time>
<hdop>3.79</hdop>
</trkpt>
<trkpt lat="36.0467792" lon="127.8700967">
<ele>608.408</ele>
<time>2025-04-13T00:14:37Z</time>
<hdop>3.79</hdop>
</trkpt>
<trkpt lat="36.0467792" lon="127.8700967">
<ele>608.269</ele>
<time>2025-04-13T00:14:42Z</time>
<hdop>3.79</hdop>
</trkpt>
<trkpt lat="36.0467792" lon="127.8700967">
<ele>608.346</ele>
<time>2025-04-13T00:14:47Z</time>
<hdop>3.79</hdop>
</trkpt>
<trkpt lat="36.0467792" lon="127.8700967">
<ele>608.544</ele>
<time>2025-04-13T00:14:52Z</time>
<hdop>3.79</hdop>
</trkpt>
<trkpt lat="36.0467792" lon="127.8700967">
<ele>608.63</ele>
<time>2025-04-13T00:14:57Z</time>
<hdop>3.79</hdop>
</trkpt>
<trkpt lat="36.0467792" lon="127.8700967">
<ele>608.355</ele>
<time>2025-04-13T00:15:02Z</time>
<hdop>3.79</hdop>
</trkpt>
<trkpt lat="36.0467861" lon="127.8701538">
<ele>607.35</ele>
<time>2025-04-13T00:15:07Z</time>
<hdop>3.79</hdop>
</trkpt>
<trkpt lat="36.0467733" lon="127.8702165">
<ele>606.205</ele>
<time>2025-04-13T00:15:12Z</time>
<hdop>3.79</hdop>
</trkpt>
<trkpt lat="36.0467456" lon="127.8702674">
<ele>604.058</ele>
<time>2025-04-13T00:15:17Z</time>
<hdop>3.79</hdop>
</trkpt>
<trkpt lat="36.0467197" lon="127.8703261">
<ele>602.945</ele>
<time>2025-04-13T00:15:22Z</time>
<hdop>3.79</hdop>
</trkpt>
<trkpt lat="36.0466797" lon="127.870379">
<ele>601.599</ele>
<time>2025-04-13T00:15:27Z</time>
<hdop>3.79</hdop>
</trkpt>
<trkpt lat="36.0466327" lon="127.8704235">
<ele>600.847</ele>
<time>2025-04-13T00:15:32Z</time>
<hdop>3.79</hdop>
</trkpt>
<trkpt lat="36.0465714" lon="127.8704296">
<ele>600.775</ele>
<time>2025-04-13T00:15:37Z</time>
<hdop>3.79</hdop>
</trkpt>
<trkpt lat="36.046519" lon="127.8703931">
<ele>601.034</ele>
<time>2025-04-13T00:15:42Z</time>
<hdop>3.79</hdop>
</trkpt>
<trkpt lat="36.0464681" lon="127.8703353">
<ele>602.177</ele>
<time>2025-04-13T00:15:47Z</time>
<hdop>3.79</hdop>
</trkpt>
<trkpt lat="36.0464247" lon="127.8702753">
<ele>602.829</ele>
<time>2025-04-13T00:15:52Z</time>
<hdop>3.79</hdop>
</trkpt>
<trkpt lat="36.0463807" lon="127.8702209">
<ele>603.117</ele>
<time>2025-04-13T00:15:57Z</time>
<hdop>3.79</hdop>
</trkpt>
<trkpt lat="36.0463333" lon="127.8701656">
<ele>605.421</ele>
<time>2025-04-13T00:16:02Z</time>
<hdop>3.79</hdop>
</trkpt>
<trkpt lat="36.0462777" lon="127.8701341">
<ele>607.074</ele>
<time>2025-04-13T00:16:07Z</time>
<hdop>3.79</hdop>
</trkpt>
<trkpt lat="36.0462249" lon="127.870113">
<ele>609.444</ele>
<time>2025-04-13T00:16:12Z</time>
<hdop>3.79</hdop>
</trkpt>
<trkpt lat="36.0461685" lon="127.8701189">
<ele>608.844</ele>
<time>2025-04-13T00:16:17Z</time>
<hdop>3.79</hdop>
</trkpt>
<trkpt lat="36.0461368" lon="127.8701811">
<ele>610.22</ele>
<time>2025-04-13T00:16:22Z</time>
<hdop>3.79</hdop>
</trkpt>
<trkpt lat="36.0461175" lon="127.8702537">
<ele>609.689</ele>
<time>2025-04-13T00:16:27Z</time>
<hdop>3.79</hdop>
</trkpt>
<trkpt lat="36.0461041" lon="127.870326">
<ele>610.57</ele>
<time>2025-04-13T00:16:32Z</time>
<hdop>3.79</hdop>
</trkpt>
<trkpt lat="36.0460934" lon="127.8703992">
<ele>611.747</ele>
<time>2025-04-13T00:16:37Z</time>
<hdop>3.79</hdop>
</trkpt>
<trkpt lat="36.046061" lon="127.8704568">
<ele>613.71</ele>
<time>2025-04-13T00:16:42Z</time>
<hdop>3.79</hdop>
</trkpt>
<trkpt lat="36.0460065" lon="127.8704765">
<ele>613.955</ele>
<time>2025-04-13T00:16:47Z</time>
<hdop>3.79</hdop>
</trkpt>
<trkpt lat="36.0459546" lon="127.8704521">
<ele>613.487</ele>
<time>2025-04-13T00:16:52Z</time>
<hdop>3.79</hdop>
</trkpt>
<trkpt lat="36.0458985" lon="127.8704092">
<ele>615.19</ele>
<time>2025-04-13T00:16:57Z</time>
<hdop>3.79</hdop>
</trkpt>
<trkpt lat="36.0458405" lon="127.8703695">
<ele>617.411</ele>
<time>2025-04-13T00:17:02Z</time>
<hdop>3.79</hdop>
</trkpt>
<trkpt lat="36.0458007" lon="127.870316">
<ele>617.278</ele>
<time>2025-04-13T00:17:07Z</time>
<hdop>3.79</hdop>
</trkpt>
<trkpt lat="36.0457582" lon="127.8702629">
<ele>618.095</ele>
<time>2025-04-13T00:17:12Z</time>
<hdop>3.79</hdop>
</trkpt>
<trkpt lat="36.045717" lon="127.8702122">
<ele>619.801</ele>
<time>2025-04-13T00:17:17Z</time>
<hdop>3.79</hdop>
</trkpt>
<trkpt lat="36.0456737" lon="127.8701644">
<ele>621.547</ele>
<time>2025-04-13T00:17:22Z</time>
<hdop>3.79</hdop>
</trkpt>
<trkpt lat="36.0456453" lon="127.8701072">
<ele>623.907</ele>
<time>2025-04-13T00:17:27Z</time>
<hdop>3.79</hdop>
</trkpt>
<trkpt lat="36.0456235" lon="127.8700714">
<ele>624.594</ele>
<time>2025-04-13T00:17:32Z</time>
<hdop>3.79</hdop>
</trkpt>
<trkpt lat="36.0456235" lon="127.8700714">
<ele>624.635</ele>
<time>2025-04-13T00:17:37Z</time>
<hdop>3.79</hdop>
</trkpt>
<trkpt lat="36.0456235" lon="127.8700714">
<ele>624.724</ele>
<time>2025-04-13T00:17:42Z</time>
<hdop>3.79</hdop>
</trkpt>
<trkpt lat="36.0456235" lon="127.8700714">
<ele>623.616</ele>
<time>2025-04-13T00:17:47Z</time>
<hdop>3.79</hdop>
</trkpt>
<trkpt lat="36.0456235" lon="127.8700714">
<ele>623.131</ele>
<time>2025-04-13T00:17:52Z</time>
<hdop>3.79</hdop>
</trkpt>
<trkpt lat="36.0456235" lon="127.8700714">
<ele>622.91</ele>
<time>2025-04-13T00:17:57Z</time>
<hdop>3.79</hdop>
</trkpt>
<trkpt lat="36.0455484" lon="127.8700537">
<ele>622.035</ele>
<time>2025-04-13T00:18:02Z</time>
<hdop>3.79</hdop>
</trkpt>
<trkpt lat="36.045494" lon="127.8699847">
<ele>622.694</ele>
<time>2025-04-13T00:18:07Z</time>
<hdop>3.79</hdop>
</trkpt>
<trkpt lat="36.0453951" lon="127.8699694">
<ele>623.606</ele>
<time>2025-04-13T00:18:12Z</time>
<hdop>3.79</hdop>
</trkpt>
<trkpt lat="36.0453249" lon="127.8699781">
<ele>623.295</ele>
<time>2025-04-13T00:18:17Z</time>
<hdop>3.79</hdop>
</trkpt>
<trkpt lat="36.0452525" lon="127.869975">
<ele>621.719</ele>
<time>2025-04-13T00:18:22Z</time>
<hdop>3.79</hdop>
</trkpt>
<trkpt lat="36.04519" lon="127.8699734">
<ele>618.71</ele>
<time>2025-04-13T00:18:27Z</time>
<hdop>3.79</hdop>
</trkpt>
<trkpt lat="36.0451172" lon="127.8699665">
<ele>618.954</ele>
<time>2025-04-13T00:18:32Z</time>
<hdop>3.79</hdop>
</trkpt>
<trkpt lat="36.0450552" lon="127.8699798">
<ele>621.27</ele>
<time>2025-04-13T00:18:37Z</time>
<hdop>9.94</hdop>
</trkpt>
<trkpt lat="36.0450026" lon="127.8699534">
<ele>622.357</ele>
<time>2025-04-13T00:18:42Z</time>
<hdop>9.94</hdop>
</trkpt>
<trkpt lat="36.044937" lon="127.8699328">
<ele>623.032</ele>
<time>2025-04-13T00:18:47Z</time>
<hdop>9.94</hdop>
</trkpt>
<trkpt lat="36.0448754" lon="127.8699085">
<ele>624.695</ele>
<time>2025-04-13T00:18:52Z</time>
<hdop>9.94</hdop>
</trkpt>
<trkpt lat="36.0448127" lon="127.8698793">
<ele>623.486</ele>
<time>2025-04-13T00:18:57Z</time>
<hdop>9.94</hdop>
</trkpt>
<trkpt lat="36.044753" lon="127.8698485">
<ele>622.609</ele>
<time>2025-04-13T00:19:02Z</time>
<hdop>9.94</hdop>
</trkpt>
<trkpt lat="36.0447033" lon="127.8698271">
<ele>625.381</ele>
<time>2025-04-13T00:19:07Z</time>
<hdop>9.94</hdop>
</trkpt>
<trkpt lat="36.0446548" lon="127.8698211">
<ele>622.871</ele>
<time>2025-04-13T00:19:12Z</time>
<hdop>9.94</hdop>
</trkpt>
<trkpt lat="36.0445971" lon="127.8698364">
<ele>623.705</ele>
<time>2025-04-13T00:19:17Z</time>
<hdop>9.94</hdop>
</trkpt>
<trkpt lat="36.0445186" lon="127.8698253">
<ele>625.42</ele>
<time>2025-04-13T00:19:22Z</time>
<hdop>9.94</hdop>
</trkpt>
<trkpt lat="36.044463" lon="127.8698218">
<ele>624.164</ele>
<time>2025-04-13T00:19:27Z</time>
<hdop>9.94</hdop>
</trkpt>
<trkpt lat="36.0444091" lon="127.8698267">
<ele>628.603</ele>
<time>2025-04-13T00:19:32Z</time>
<hdop>9.94</hdop>
</trkpt>
<trkpt lat="36.04435" lon="127.8698183">
<ele>630.999</ele>
<time>2025-04-13T00:19:37Z</time>
<hdop>9.94</hdop>
</trkpt>
<trkpt lat="36.0442932" lon="127.8698318">
<ele>630.317</ele>
<time>2025-04-13T00:19:42Z</time>
<hdop>9.94</hdop>
</trkpt>
<trkpt lat="36.0442264" lon="127.8698321">
<ele>628.646</ele>
<time>2025-04-13T00:19:47Z</time>
<hdop>9.94</hdop>
</trkpt>
<trkpt lat="36.0441651" lon="127.8698159">
<ele>630.448</ele>
<time>2025-04-13T00:19:52Z</time>
<hdop>9.94</hdop>
</trkpt>
<trkpt lat="36.044106" lon="127.8697895">
<ele>631.438</ele>
<time>2025-04-13T00:19:57Z</time>
<hdop>9.94</hdop>
</trkpt>
<trkpt lat="36.0440469" lon="127.8697586">
<ele>631.494</ele>
<time>2025-04-13T00:20:02Z</time>
<hdop>9.94</hdop>
</trkpt>
<trkpt lat="36.043996" lon="127.8697303">
<ele>632.51</ele>
<time>2025-04-13T00:20:07Z</time>
<hdop>9.94</hdop>
</trkpt>
<trkpt lat="36.0439384" lon="127.8697042">
<ele>632.936</ele>
<time>2025-04-13T00:20:12Z</time>
<hdop>9.94</hdop>
</trkpt>
<trkpt lat="36.0438842" lon="127.8696885">
<ele>630.86</ele>
<time>2025-04-13T00:20:17Z</time>
<hdop>9.94</hdop>
</trkpt>
<trkpt lat="36.0438286" lon="127.869696">
<ele>631.656</ele>
<time>2025-04-13T00:20:22Z</time>
<hdop>9.94</hdop>
</trkpt>
<trkpt lat="36.0437694" lon="127.8697394">
<ele>633.946</ele>
<time>2025-04-13T00:20:27Z</time>
<hdop>9.94</hdop>
</trkpt>
<trkpt lat="36.043729" lon="127.8698148">
<ele>632.041</ele>
<time>2025-04-13T00:20:32Z</time>
<hdop>9.94</hdop>
</trkpt>
<trkpt lat="36.0437005" lon="127.8698598">
<ele>633.701</ele>
<time>2025-04-13T00:20:37Z</time>
<hdop>9.94</hdop>
</trkpt>
<trkpt lat="36.0436842" lon="127.8699052">
<ele>633.239</ele>
<time>2025-04-13T00:20:42Z</time>
<hdop>9.94</hdop>
</trkpt>
<trkpt lat="36.0436544" lon="127.8699526">
<ele>633.575</ele>
<time>2025-04-13T00:20:47Z</time>
<hdop>9.94</hdop>
</trkpt>
<trkpt lat="36.0436156" lon="127.8699977">
<ele>635.186</ele>
<time>2025-04-13T00:20:52Z</time>
<hdop>9.94</hdop>
</trkpt>
<trkpt lat="36.0435753" lon="127.8700457">
<ele>632.843</ele>
<time>2025-04-13T00:20:57Z</time>
<hdop>9.94</hdop>
</trkpt>
<trkpt lat="36.0435238" lon="127.8700736">
<ele>632.963</ele>
<time>2025-04-13T00:21:02Z</time>
<hdop>9.94</hdop>
</trkpt>
<trkpt lat="36.0434794" lon="127.8701074">
<ele>636.292</ele>
<time>2025-04-13T00:21:07Z</time>
<hdop>9.94</hdop>
</trkpt>
<trkpt lat="36.0434426" lon="127.8701543">
<ele>638.215</ele>
<time>2025-04-13T00:21:12Z</time>
<hdop>3.79</hdop>
</trkpt>
<trkpt lat="36.0434014" lon="127.8701897">
<ele>638.111</ele>
<time>2025-04-13T00:21:17Z</time>
<hdop>3.79</hdop>
</trkpt>
<trkpt lat="36.0433961" lon="127.8702678">
<ele>638.195</ele>
<time>2025-04-13T00:21:22Z</time>
<hdop>3.79</hdop>
</trkpt>
<trkpt lat="36.0433689" lon="127.8703077">
<ele>641.242</ele>
<time>2025-04-13T00:21:27Z</time>
<hdop>3.79</hdop>
</trkpt>
<trkpt lat="36.0433689" lon="127.8703077">
<ele>639.772</ele>
<time>2025-04-13T00:21:32Z</time>
<hdop>3.79</hdop>
</trkpt>
<trkpt lat="36.0433689" lon="127.8703077">
<ele>639.92</ele>
<time>2025-04-13T00:21:37Z</time>
<hdop>3.79</hdop>
</trkpt>
<trkpt lat="36.0433507" lon="127.8703492">
<ele>640.302</ele>
<time>2025-04-13T00:21:42Z</time>
<hdop>3.79</hdop>
</trkpt>
<trkpt lat="36.0433113" lon="127.8704003">
<ele>640.068</ele>
<time>2025-04-13T00:21:47Z</time>
<hdop>3.79</hdop>
</trkpt>
<trkpt lat="36.0432868" lon="127.870464">
<ele>638.949</ele>
<time>2025-04-13T00:21:52Z</time>
<hdop>3.79</hdop>
</trkpt>
<trkpt lat="36.0432656" lon="127.8705268">
<ele>635.955</ele>
<time>2025-04-13T00:21:57Z</time>
<hdop>3.79</hdop>
</trkpt>
<trkpt lat="36.0432551" lon="127.8705837">
<ele>635.807</ele>
<time>2025-04-13T00:22:02Z</time>
<hdop>3.79</hdop>
</trkpt>
<trkpt lat="36.0432059" lon="127.8706389">
<ele>635.267</ele>
<time>2025-04-13T00:22:07Z</time>
<hdop>3.79</hdop>
</trkpt>
<trkpt lat="36.0432074" lon="127.8706926">
<ele>637.262</ele>
<time>2025-04-13T00:22:12Z</time>
<hdop>9.94</hdop>
</trkpt>
<trkpt lat="36.0432213" lon="127.8707233">
<ele>635.017</ele>
<time>2025-04-13T00:22:17Z</time>
<hdop>9.94</hdop>
</trkpt>
<trkpt lat="36.0432312" lon="127.8707769">
<ele>634.051</ele>
<time>2025-04-13T00:22:22Z</time>
<hdop>9.94</hdop>
</trkpt>
<trkpt lat="36.0432411" lon="127.870866">
<ele>634.26</ele>
<time>2025-04-13T00:22:27Z</time>
<hdop>9.94</hdop>
</trkpt>
<trkpt lat="36.0432852" lon="127.8709081">
<ele>636.723</ele>
<time>2025-04-13T00:22:32Z</time>
<hdop>9.94</hdop>
</trkpt>
<trkpt lat="36.043306" lon="127.8709582">
<ele>638.559</ele>
<time>2025-04-13T00:22:37Z</time>
<hdop>9.94</hdop>
</trkpt>
<trkpt lat="36.0433158" lon="127.8710314">
<ele>639.968</ele>
<time>2025-04-13T00:22:42Z</time>
<hdop>9.94</hdop>
</trkpt>
<trkpt lat="36.043301" lon="127.8710912">
<ele>637.845</ele>
<time>2025-04-13T00:22:47Z</time>
<hdop>9.94</hdop>
</trkpt>
<trkpt lat="36.043295" lon="127.8711453">
<ele>636.713</ele>
<time>2025-04-13T00:22:52Z</time>
<hdop>9.94</hdop>
</trkpt>
<trkpt lat="36.0433006" lon="127.8711965">
<ele>637.651</ele>
<time>2025-04-13T00:22:57Z</time>
<hdop>9.94</hdop>
</trkpt>
<trkpt lat="36.0433028" lon="127.8712485">
<ele>640.444</ele>
<time>2025-04-13T00:23:02Z</time>
<hdop>3.79</hdop>
</trkpt>
<trkpt lat="36.0432935" lon="127.8712989">
<ele>639.239</ele>
<time>2025-04-13T00:23:07Z</time>
<hdop>3.79</hdop>
</trkpt>
<trkpt lat="36.0432525" lon="127.8713316">
<ele>638.642</ele>
<time>2025-04-13T00:23:12Z</time>
<hdop>3.79</hdop>
</trkpt>
<trkpt lat="36.0432064" lon="127.8713692">
<ele>639.485</ele>
<time>2025-04-13T00:23:17Z</time>
<hdop>3.79</hdop>
</trkpt>
<trkpt lat="36.0431739" lon="127.8714279">
<ele>641.819</ele>
<time>2025-04-13T00:23:22Z</time>
<hdop>3.79</hdop>
</trkpt>
<trkpt lat="36.0431409" lon="127.8714808">
<ele>644.345</ele>
<time>2025-04-13T00:23:27Z</time>
<hdop>3.79</hdop>
</trkpt>
<trkpt lat="36.04311" lon="127.871529">
<ele>645.336</ele>
<time>2025-04-13T00:23:32Z</time>
<hdop>3.79</hdop>
</trkpt>
<trkpt lat="36.0430831" lon="127.8715669">
<ele>648.613</ele>
<time>2025-04-13T00:23:37Z</time>
<hdop>3.79</hdop>
</trkpt>
<trkpt lat="36.0430565" lon="127.8716091">
<ele>650.847</ele>
<time>2025-04-13T00:23:42Z</time>
<hdop>3.79</hdop>
</trkpt>
<trkpt lat="36.0430289" lon="127.8716617">
<ele>648.4</ele>
<time>2025-04-13T00:23:47Z</time>
<hdop>3.79</hdop>
</trkpt>
<trkpt lat="36.0429983" lon="127.8716988">
<ele>649.497</ele>
<time>2025-04-13T00:23:52Z</time>
<hdop>3.79</hdop>
</trkpt>
<trkpt lat="36.0429638" lon="127.87174">
<ele>649.448</ele>
<time>2025-04-13T00:23:57Z</time>
<hdop>3.79</hdop>
</trkpt>
<trkpt lat="36.042935" lon="127.8717883">
<ele>652.516</ele>
<time>2025-04-13T00:24:02Z</time>
<hdop>3.79</hdop>
</trkpt>
<trkpt lat="36.0429151" lon="127.8718497">
<ele>654.022</ele>
<time>2025-04-13T00:24:07Z</time>
<hdop>3.79</hdop>
</trkpt>
<trkpt lat="36.042899" lon="127.8719101">
<ele>654.368</ele>
<time>2025-04-13T00:24:12Z</time>
<hdop>3.79</hdop>
</trkpt>
<trkpt lat="36.0428778" lon="127.871962">
<ele>656.0</ele>
<time>2025-04-13T00:24:17Z</time>
<hdop>3.79</hdop>
</trkpt>
<trkpt lat="36.0428571" lon="127.8720189">
<ele>658.25</ele>
<time>2025-04-13T00:24:22Z</time>
<hdop>3.79</hdop>
</trkpt>
<trkpt lat="36.0428286" lon="127.8720721">
<ele>660.364</ele>
<time>2025-04-13T00:24:27Z</time>
<hdop>3.79</hdop>
</trkpt>
<trkpt lat="36.0428053" lon="127.8721305">
<ele>658.644</ele>
<time>2025-04-13T00:24:32Z</time>
<hdop>3.79</hdop>
</trkpt>
<trkpt lat="36.0427754" lon="127.8721794">
<ele>660.65</ele>
<time>2025-04-13T00:24:37Z</time>
<hdop>3.79</hdop>
</trkpt>
<trkpt lat="36.0427478" lon="127.8722289">
<ele>658.916</ele>
<time>2025-04-13T00:24:42Z</time>
<hdop>3.79</hdop>
</trkpt>
<trkpt lat="36.0427119" lon="127.8722633">
<ele>660.368</ele>
<time>2025-04-13T00:24:47Z</time>
<hdop>3.79</hdop>
</trkpt>
<trkpt lat="36.0426598" lon="127.8722863">
<ele>662.683</ele>
<time>2025-04-13T00:24:52Z</time>
<hdop>3.79</hdop>
</trkpt>
<trkpt lat="36.0426261" lon="127.8723204">
<ele>664.191</ele>
<time>2025-04-13T00:24:57Z</time>
<hdop>3.79</hdop>
</trkpt>
<trkpt lat="36.042618" lon="127.8723695">
<ele>663.3</ele>
<time>2025-04-13T00:25:03Z</time>
<hdop>3.79</hdop>
</trkpt>
<trkpt lat="36.0426132" lon="127.8723929">
<ele>663.459</ele>
<time>2025-04-13T00:25:08Z</time>
<hdop>3.79</hdop>
</trkpt>
<trkpt lat="36.0425523" lon="127.8724189">
<ele>663.061</ele>
<time>2025-04-13T00:25:13Z</time>
<hdop>9.94</hdop>
</trkpt>
<trkpt lat="36.0424977" lon="127.8724391">
<ele>664.063</ele>
<time>2025-04-13T00:25:18Z</time>
<hdop>9.94</hdop>
</trkpt>
<trkpt lat="36.0424704" lon="127.8724802">
<ele>665.639</ele>
<time>2025-04-13T00:25:23Z</time>
<hdop>9.94</hdop>
</trkpt>
<trkpt lat="36.0424746" lon="127.8724866">
<ele>665.515</ele>
<time>2025-04-13T00:25:28Z</time>
<hdop>9.94</hdop>
</trkpt>
<trkpt lat="36.042462" lon="127.872474">
<ele>666.073</ele>
<time>2025-04-13T00:25:33Z</time>
<hdop>9.94</hdop>
</trkpt>
<trkpt lat="36.0424035" lon="127.8724916">
<ele>666.149</ele>
<time>2025-04-13T00:25:38Z</time>
<hdop>9.94</hdop>
</trkpt>
<trkpt lat="36.0423228" lon="127.8725209">
<ele>666.849</ele>
<time>2025-04-13T00:25:43Z</time>
<hdop>9.94</hdop>
</trkpt>
<trkpt lat="36.0422678" lon="127.8725565">
<ele>667.925</ele>
<time>2025-04-13T00:25:48Z</time>
<hdop>9.94</hdop>
</trkpt>
<trkpt lat="36.042207" lon="127.8725862">
<ele>667.951</ele>
<time>2025-04-13T00:25:53Z</time>
<hdop>9.94</hdop>
</trkpt>
<trkpt lat="36.0421771" lon="127.8726024">
<ele>668.71</ele>
<time>2025-04-13T00:25:58Z</time>
<hdop>9.94</hdop>
</trkpt>
<trkpt lat="36.042119" lon="127.87262">
<ele>666.294</ele>
<time>2025-04-13T00:26:03Z</time>
<hdop>9.94</hdop>
</trkpt>
<trkpt lat="36.0420506" lon="127.8726349">
<ele>666.458</ele>
<time>2025-04-13T00:26:08Z</time>
<hdop>9.94</hdop>
</trkpt>
<trkpt lat="36.0419973" lon="127.8726563">
<ele>667.858</ele>
<time>2025-04-13T00:26:13Z</time>
<hdop>9.94</hdop>
</trkpt>
<trkpt lat="36.0419378" lon="127.8726489">
<ele>667.906</ele>
<time>2025-04-13T00:26:18Z</time>
<hdop>9.94</hdop>
</trkpt>
<trkpt lat="36.0418872" lon="127.8726422">
<ele>670.621</ele>
<time>2025-04-13T00:26:23Z</time>
<hdop>9.94</hdop>
</trkpt>
<trkpt lat="36.0418496" lon="127.8726756">
<ele>670.578</ele>
<time>2025-04-13T00:26:28Z</time>
<hdop>9.94</hdop>
</trkpt>
<trkpt lat="36.0418417" lon="127.8726786">
<ele>670.713</ele>
<time>2025-04-13T00:26:29Z</time>
<hdop>9.94</hdop>
</trkpt>
<trkpt lat="36.041796" lon="127.8727239">
<ele>669.945</ele>
<time>2025-04-13T00:26:38Z</time>
<hdop>9.94</hdop>
</trkpt>
<trkpt lat="36.0417633" lon="127.8727478">
<ele>670.181</ele>
<time>2025-04-13T00:26:43Z</time>
<hdop>9.94</hdop>
</trkpt>
<trkpt lat="36.0417207" lon="127.872752">
<ele>670.498</ele>
<time>2025-04-13T00:26:48Z</time>
<hdop>9.94</hdop>
</trkpt>
<trkpt lat="36.0416627" lon="127.8727521">
<ele>669.86</ele>
<time>2025-04-13T00:26:53Z</time>
<hdop>9.94</hdop>
</trkpt>
<trkpt lat="36.0415964" lon="127.8727636">
<ele>673.047</ele>
<time>2025-04-13T00:26:58Z</time>
<hdop>9.94</hdop>
</trkpt>
<trkpt lat="36.0415316" lon="127.872766">
<ele>670.765</ele>
<time>2025-04-13T00:27:03Z</time>
<hdop>9.94</hdop>
</trkpt>
<trkpt lat="36.0414842" lon="127.8727775">
<ele>670.687</ele>
<time>2025-04-13T00:27:08Z</time>
<hdop>9.94</hdop>
</trkpt>
<trkpt lat="36.041429" lon="127.8727899">
<ele>671.4</ele>
<time>2025-04-13T00:27:13Z</time>
<hdop>9.94</hdop>
</trkpt>
<trkpt lat="36.0413773" lon="127.8727822">
<ele>672.291</ele>
<time>2025-04-13T00:27:18Z</time>
<hdop>9.94</hdop>
</trkpt>
<trkpt lat="36.0413215" lon="127.8727872">
<ele>674.148</ele>
<time>2025-04-13T00:27:23Z</time>
<hdop>9.94</hdop>
</trkpt>
<trkpt lat="36.0412617" lon="127.8727897">
<ele>673.386</ele>
<time>2025-04-13T00:27:28Z</time>
<hdop>9.94</hdop>
</trkpt>
<trkpt lat="36.0411829" lon="127.8727515">
<ele>671.884</ele>
<time>2025-04-13T00:27:33Z</time>
<hdop>9.94</hdop>
</trkpt>
<trkpt lat="36.0411257" lon="127.8727471">
<ele>673.856</ele>
<time>2025-04-13T00:27:38Z</time>
<hdop>9.94</hdop>
</trkpt>
<trkpt lat="36.0410743" lon="127.8727221">
<ele>674.018</ele>
<time>2025-04-13T00:27:43Z</time>
<hdop>9.94</hdop>
</trkpt>
<trkpt lat="36.0410306" lon="127.8726832">
<ele>673.953</ele>
<time>2025-04-13T00:27:48Z</time>
<hdop>9.94</hdop>
</trkpt>
<trkpt lat="36.0409831" lon="127.8726533">
<ele>670.806</ele>
<time>2025-04-13T00:27:53Z</time>
<hdop>9.94</hdop>
</trkpt>
<trkpt lat="36.0409419" lon="127.8726058">
<ele>670.449</ele>
<time>2025-04-13T00:27:58Z</time>
<hdop>9.94</hdop>
</trkpt>
<trkpt lat="36.0408968" lon="127.8725723">
<ele>672.051</ele>
<time>2025-04-13T00:28:03Z</time>
<hdop>9.94</hdop>
</trkpt>
<trkpt lat="36.0408452" lon="127.8725369">
<ele>674.719</ele>
<time>2025-04-13T00:28:08Z</time>
<hdop>9.94</hdop>
</trkpt>
<trkpt lat="36.04078" lon="127.8725209">
<ele>676.814</ele>
<time>2025-04-13T00:28:13Z</time>
<hdop>9.94</hdop>
</trkpt>
<trkpt lat="36.0407364" lon="127.872508">
<ele>675.881</ele>
<time>2025-04-13T00:28:18Z</time>
<hdop>9.94</hdop>
</trkpt>
<trkpt lat="36.0406855" lon="127.8724896">
<ele>677.413</ele>
<time>2025-04-13T00:28:23Z</time>
<hdop>9.94</hdop>
</trkpt>
<trkpt lat="36.040639" lon="127.8724621">
<ele>676.679</ele>
<time>2025-04-13T00:28:28Z</time>
<hdop>9.94</hdop>
</trkpt>
<trkpt lat="36.040588" lon="127.8724258">
<ele>676.541</ele>
<time>2025-04-13T00:28:33Z</time>
<hdop>9.94</hdop>
</trkpt>
<trkpt lat="36.0405407" lon="127.872407">
<ele>676.588</ele>
<time>2025-04-13T00:28:38Z</time>
<hdop>9.94</hdop>
</trkpt>
<trkpt lat="36.0405004" lon="127.8723945">
<ele>676.254</ele>
<time>2025-04-13T00:28:43Z</time>
<hdop>9.94</hdop>
</trkpt>
<trkpt lat="36.04046" lon="127.8723824">
<ele>677.145</ele>
<time>2025-04-13T00:28:48Z</time>
<hdop>9.94</hdop>
</trkpt>
<trkpt lat="36.0404109" lon="127.8723525">
<ele>678.675</ele>
<time>2025-04-13T00:28:53Z</time>
<hdop>9.94</hdop>
</trkpt>
<trkpt lat="36.0403605" lon="127.872347">
<ele>680.553</ele>
<time>2025-04-13T00:28:58Z</time>
<hdop>9.94</hdop>
</trkpt>
<trkpt lat="36.0403171" lon="127.8723279">
<ele>680.706</ele>
<time>2025-04-13T00:29:03Z</time>
<hdop>9.94</hdop>
</trkpt>
<trkpt lat="36.0403106" lon="127.8723229">
<ele>680.306</ele>
<time>2025-04-13T00:29:05Z</time>
<hdop>9.94</hdop>
</trkpt>
<trkpt lat="36.0403106" lon="127.8723229">
<ele>679.49</ele>
<time>2025-04-13T00:29:15Z</time>
<hdop>9.94</hdop>
</trkpt>
<trkpt lat="36.0403106" lon="127.8723229">
<ele>680.023</ele>
<time>2025-04-13T00:29:18Z</time>
<hdop>9.94</hdop>
</trkpt>
<trkpt lat="36.040301" lon="127.8723127">
<ele>680.915</ele>
<time>2025-04-13T00:29:27Z</time>
<hdop>9.94</hdop>
</trkpt>
<trkpt lat="36.0402756" lon="127.8722984">
<ele>681.116</ele>
<time>2025-04-13T00:29:32Z</time>
<hdop>9.94</hdop>
</trkpt>
<trkpt lat="36.0402626" lon="127.8722707">
<ele>682.453</ele>
<time>2025-04-13T00:29:37Z</time>
<hdop>9.94</hdop>
</trkpt>
<trkpt lat="36.040233" lon="127.872242">
<ele>683.089</ele>
<time>2025-04-13T00:29:42Z</time>
<hdop>9.94</hdop>
</trkpt>
<trkpt lat="36.0401724" lon="127.8722021">
<ele>684.866</ele>
<time>2025-04-13T00:29:47Z</time>
<hdop>9.94</hdop>
</trkpt>
<trkpt lat="36.0401147" lon="127.87221">
<ele>685.444</ele>
<time>2025-04-13T00:29:52Z</time>
<hdop>9.94</hdop>
</trkpt>
<trkpt lat="36.0400489" lon="127.8722275">
<ele>687.557</ele>
<time>2025-04-13T00:29:57Z</time>
<hdop>9.94</hdop>
</trkpt>
<trkpt lat="36.0399899" lon="127.872221">
<ele>688.397</ele>
<time>2025-04-13T00:30:02Z</time>
<hdop>9.94</hdop>
</trkpt>
<trkpt lat="36.03993" lon="127.8722184">
<ele>690.213</ele>
<time>2025-04-13T00:30:07Z</time>
<hdop>9.94</hdop>
</trkpt>
<trkpt lat="36.0398758" lon="127.8722014">
<ele>691.192</ele>
<time>2025-04-13T00:30:12Z</time>
<hdop>9.94</hdop>
</trkpt>
<trkpt lat="36.0398232" lon="127.8721926">
<ele>692.767</ele>
<time>2025-04-13T00:30:17Z</time>
<hdop>9.94</hdop>
</trkpt>
<trkpt lat="36.0397765" lon="127.872182">
<ele>695.386</ele>
<time>2025-04-13T00:30:22Z</time>
<hdop>9.94</hdop>
</trkpt>
<trkpt lat="36.0397336" lon="127.8721773">
<ele>697.136</ele>
<time>2025-04-13T00:30:27Z</time>
<hdop>9.94</hdop>
</trkpt>
<trkpt lat="36.0396819" lon="127.8721671">
<ele>697.742</ele>
<time>2025-04-13T00:30:32Z</time>
<hdop>9.94</hdop>
</trkpt>
<trkpt lat="36.0396472" lon="127.8721758">
<ele>698.481</ele>
<time>2025-04-13T00:30:37Z</time>
<hdop>9.94</hdop>
</trkpt>
<trkpt lat="36.0396403" lon="127.8721792">
<ele>698.476</ele>
<time>2025-04-13T00:30:41Z</time>
<hdop>9.94</hdop>
</trkpt>
<trkpt lat="36.0396403" lon="127.8721792">
<ele>698.106</ele>
<time>2025-04-13T00:30:50Z</time>
<hdop>9.94</hdop>
</trkpt>
<trkpt lat="36.0396403" lon="127.8721792">
<ele>697.827</ele>
<time>2025-04-13T00:30:55Z</time>
<hdop>9.94</hdop>
</trkpt>
<trkpt lat="36.0396403" lon="127.8721792">
<ele>697.682</ele>
<time>2025-04-13T00:31:00Z</time>
<hdop>9.94</hdop>
</trkpt>
<trkpt lat="36.0396403" lon="127.8721792">
<ele>697.632</ele>
<time>2025-04-13T00:31:05Z</time>
<hdop>9.94</hdop>
</trkpt>
<trkpt lat="36.0396403" lon="127.8721792">
<ele>697.573</ele>
<time>2025-04-13T00:31:10Z</time>
<hdop>9.94</hdop>
</trkpt>
<trkpt lat="36.0396403" lon="127.8721792">
<ele>697.515</ele>
<time>2025-04-13T00:31:15Z</time>
<hdop>9.94</hdop>
</trkpt>
<trkpt lat="36.0396403" lon="127.8721792">
<ele>697.507</ele>
<time>2025-04-13T00:31:20Z</time>
<hdop>9.94</hdop>
</trkpt>
<trkpt lat="36.0396403" lon="127.8721792">
<ele>697.929</ele>
<time>2025-04-13T00:31:25Z</time>
<hdop>9.94</hdop>
</trkpt>
<trkpt lat="36.0396403" lon="127.8721792">
<ele>698.666</ele>
<time>2025-04-13T00:31:30Z</time>
<hdop>9.94</hdop>
</trkpt>
<trkpt lat="36.0396403" lon="127.8721792">
<ele>698.729</ele>
<time>2025-04-13T00:31:35Z</time>
<hdop>9.94</hdop>
</trkpt>
<trkpt lat="36.0396166" lon="127.8721587">
<ele>698.325</ele>
<time>2025-04-13T00:31:40Z</time>
<hdop>9.94</hdop>
</trkpt>
<trkpt lat="36.0395754" lon="127.8721824">
<ele>700.574</ele>
<time>2025-04-13T00:31:45Z</time>
<hdop>9.94</hdop>
</trkpt>
<trkpt lat="36.0395286" lon="127.8721517">
<ele>699.316</ele>
<time>2025-04-13T00:31:50Z</time>
<hdop>9.94</hdop>
</trkpt>
<trkpt lat="36.0394667" lon="127.872131">
<ele>700.869</ele>
<time>2025-04-13T00:31:55Z</time>
<hdop>9.94</hdop>
</trkpt>
<trkpt lat="36.0394304" lon="127.8721171">
<ele>703.92</ele>
<time>2025-04-13T00:32:00Z</time>
<hdop>9.94</hdop>
</trkpt>
<trkpt lat="36.0393998" lon="127.8721135">
<ele>705.052</ele>
<time>2025-04-13T00:32:05Z</time>
<hdop>9.94</hdop>
</trkpt>
<trkpt lat="36.0393592" lon="127.8721163">
<ele>705.717</ele>
<time>2025-04-13T00:32:10Z</time>
<hdop>9.94</hdop>
</trkpt>
<trkpt lat="36.0393122" lon="127.8721091">
<ele>706.558</ele>
<time>2025-04-13T00:32:15Z</time>
<hdop>9.94</hdop>
</trkpt>
<trkpt lat="36.0392697" lon="127.8721176">
<ele>707.104</ele>
<time>2025-04-13T00:32:20Z</time>
<hdop>9.94</hdop>
</trkpt>
<trkpt lat="36.0392253" lon="127.8721481">
<ele>710.281</ele>
<time>2025-04-13T00:32:25Z</time>
<hdop>9.94</hdop>
</trkpt>
<trkpt lat="36.0391975" lon="127.8721302">
<ele>711.055</ele>
<time>2025-04-13T00:32:30Z</time>
<hdop>9.94</hdop>
</trkpt>
<trkpt lat="36.0391653" lon="127.8721138">
<ele>712.075</ele>
<time>2025-04-13T00:32:35Z</time>
<hdop>9.94</hdop>
</trkpt>
<trkpt lat="36.0391271" lon="127.8721168">
<ele>713.945</ele>
<time>2025-04-13T00:32:40Z</time>
<hdop>9.94</hdop>
</trkpt>
<trkpt lat="36.0390876" lon="127.872119">
<ele>715.846</ele>
<time>2025-04-13T00:32:45Z</time>
<hdop>9.94</hdop>
</trkpt>
<trkpt lat="36.0390503" lon="127.8721063">
<ele>715.868</ele>
<time>2025-04-13T00:32:50Z</time>
<hdop>9.94</hdop>
</trkpt>
<trkpt lat="36.0389958" lon="127.8721096">
<ele>714.793</ele>
<time>2025-04-13T00:32:55Z</time>
<hdop>9.94</hdop>
</trkpt>
<trkpt lat="36.0389394" lon="127.8721088">
<ele>714.58</ele>
<time>2025-04-13T00:33:00Z</time>
<hdop>9.94</hdop>
</trkpt>
<trkpt lat="36.0388982" lon="127.8721254">
<ele>713.104</ele>
<time>2025-04-13T00:33:05Z</time>
<hdop>9.94</hdop>
</trkpt>
<trkpt lat="36.0388556" lon="127.872158">
<ele>711.031</ele>
<time>2025-04-13T00:33:10Z</time>
<hdop>9.94</hdop>
</trkpt>
<trkpt lat="36.0388079" lon="127.8721976">
<ele>709.816</ele>
<time>2025-04-13T00:33:15Z</time>
<hdop>9.94</hdop>
</trkpt>
<trkpt lat="36.0387612" lon="127.8722376">
<ele>709.027</ele>
<time>2025-04-13T00:33:20Z</time>
<hdop>9.94</hdop>
</trkpt>
<trkpt lat="36.0387131" lon="127.8722752">
<ele>709.556</ele>
<time>2025-04-13T00:33:25Z</time>
<hdop>9.94</hdop>
</trkpt>
<trkpt lat="36.03867" lon="127.8723127">
<ele>710.782</ele>
<time>2025-04-13T00:33:30Z</time>
<hdop>9.94</hdop>
</trkpt>
<trkpt lat="36.038618" lon="127.872332">
<ele>710.123</ele>
<time>2025-04-13T00:33:35Z</time>
<hdop>9.94</hdop>
</trkpt>
<trkpt lat="36.0385591" lon="127.8723387">
<ele>712.282</ele>
<time>2025-04-13T00:33:40Z</time>
<hdop>9.94</hdop>
</trkpt>
<trkpt lat="36.0385048" lon="127.8723364">
<ele>713.177</ele>
<time>2025-04-13T00:33:45Z</time>
<hdop>9.94</hdop>
</trkpt>
<trkpt lat="36.038452" lon="127.8723275">
<ele>714.683</ele>
<time>2025-04-13T00:33:50Z</time>
<hdop>9.94</hdop>
</trkpt>
<trkpt lat="36.0383956" lon="127.872335">
<ele>716.282</ele>
<time>2025-04-13T00:33:55Z</time>
<hdop>9.94</hdop>
</trkpt>
<trkpt lat="36.0383393" lon="127.8723604">
<ele>717.605</ele>
<time>2025-04-13T00:34:00Z</time>
<hdop>9.94</hdop>
</trkpt>
<trkpt lat="36.0382851" lon="127.872398">
<ele>717.87</ele>
<time>2025-04-13T00:34:05Z</time>
<hdop>9.94</hdop>
</trkpt>
<trkpt lat="36.0382396" lon="127.8724455">
<ele>717.922</ele>
<time>2025-04-13T00:34:10Z</time>
<hdop>9.94</hdop>
</trkpt>
<trkpt lat="36.038199" lon="127.8724946">
<ele>718.37</ele>
<time>2025-04-13T00:34:15Z</time>
<hdop>9.94</hdop>
</trkpt>
<trkpt lat="36.0381493" lon="127.8725285">
<ele>719.895</ele>
<time>2025-04-13T00:34:20Z</time>
<hdop>9.94</hdop>
</trkpt>
<trkpt lat="36.0381056" lon="127.872565">
<ele>720.669</ele>
<time>2025-04-13T00:34:25Z</time>
<hdop>9.94</hdop>
</trkpt>
<trkpt lat="36.0380595" lon="127.8725905">
<ele>721.467</ele>
<time>2025-04-13T00:34:30Z</time>
<hdop>9.94</hdop>
</trkpt>
<trkpt lat="36.0380064" lon="127.8725736">
<ele>723.841</ele>
<time>2025-04-13T00:34:35Z</time>
<hdop>9.94</hdop>
</trkpt>
<trkpt lat="36.0379477" lon="127.8725743">
<ele>726.187</ele>
<time>2025-04-13T00:34:40Z</time>
<hdop>9.94</hdop>
</trkpt>
<trkpt lat="36.0378921" lon="127.8725819">
<ele>728.3</ele>
<time>2025-04-13T00:34:45Z</time>
<hdop>9.94</hdop>
</trkpt>
<trkpt lat="36.0378472" lon="127.8725983">
<ele>728.753</ele>
<time>2025-04-13T00:34:50Z</time>
<hdop>9.94</hdop>
</trkpt>
<trkpt lat="36.0377979" lon="127.8726274">
<ele>730.84</ele>
<time>2025-04-13T00:34:55Z</time>
<hdop>9.94</hdop>
</trkpt>
<trkpt lat="36.0377387" lon="127.8726261">
<ele>731.231</ele>
<time>2025-04-13T00:35:00Z</time>
<hdop>9.94</hdop>
</trkpt>
<trkpt lat="36.0376831" lon="127.8726188">
<ele>731.293</ele>
<time>2025-04-13T00:35:05Z</time>
<hdop>9.94</hdop>
</trkpt>
<trkpt lat="36.0376275" lon="127.8726262">
<ele>731.651</ele>
<time>2025-04-13T00:35:10Z</time>
<hdop>9.94</hdop>
</trkpt>
<trkpt lat="36.0375787" lon="127.8726461">
<ele>733.389</ele>
<time>2025-04-13T00:35:15Z</time>
<hdop>9.94</hdop>
</trkpt>
<trkpt lat="36.0375347" lon="127.872665">
<ele>734.917</ele>
<time>2025-04-13T00:35:20Z</time>
<hdop>9.94</hdop>
</trkpt>
<trkpt lat="36.0374968" lon="127.8726931">
<ele>735.865</ele>
<time>2025-04-13T00:35:25Z</time>
<hdop>9.94</hdop>
</trkpt>
<trkpt lat="36.0374595" lon="127.8727266">
<ele>738.583</ele>
<time>2025-04-13T00:35:30Z</time>
<hdop>9.94</hdop>
</trkpt>
<trkpt lat="36.0374223" lon="127.8727452">
<ele>739.315</ele>
<time>2025-04-13T00:35:35Z</time>
<hdop>9.94</hdop>
</trkpt>
<trkpt lat="36.0373812" lon="127.872759">
<ele>739.969</ele>
<time>2025-04-13T00:35:40Z</time>
<hdop>9.94</hdop>
</trkpt>
<trkpt lat="36.0373432" lon="127.8727747">
<ele>739.882</ele>
<time>2025-04-13T00:35:45Z</time>
<hdop>9.94</hdop>
</trkpt>
<trkpt lat="36.037301" lon="127.8727885">
<ele>739.687</ele>
<time>2025-04-13T00:35:50Z</time>
<hdop>9.94</hdop>
</trkpt>
<trkpt lat="36.037254" lon="127.8728055">
<ele>738.125</ele>
<time>2025-04-13T00:35:55Z</time>
<hdop>9.94</hdop>
</trkpt>
<trkpt lat="36.037209" lon="127.8728247">
<ele>738.187</ele>
<time>2025-04-13T00:36:00Z</time>
<hdop>9.94</hdop>
</trkpt>
<trkpt lat="36.0371665" lon="127.8728381">
<ele>740.222</ele>
<time>2025-04-13T00:36:05Z</time>
<hdop>9.94</hdop>
</trkpt>
<trkpt lat="36.0371193" lon="127.8728508">
<ele>740.249</ele>
<time>2025-04-13T00:36:10Z</time>
<hdop>9.94</hdop>
</trkpt>
<trkpt lat="36.0370696" lon="127.8728489">
<ele>741.682</ele>
<time>2025-04-13T00:36:15Z</time>
<hdop>9.94</hdop>
</trkpt>
<trkpt lat="36.0370241" lon="127.8728562">
<ele>742.337</ele>
<time>2025-04-13T00:36:20Z</time>
<hdop>9.94</hdop>
</trkpt>
<trkpt lat="36.0369723" lon="127.8728753">
<ele>742.432</ele>
<time>2025-04-13T00:36:25Z</time>
<hdop>9.94</hdop>
</trkpt>
<trkpt lat="36.0369244" lon="127.8728811">
<ele>742.723</ele>
<time>2025-04-13T00:36:30Z</time>
<hdop>9.94</hdop>
</trkpt>
<trkpt lat="36.0368801" lon="127.8728931">
<ele>743.795</ele>
<time>2025-04-13T00:36:35Z</time>
<hdop>9.94</hdop>
</trkpt>
<trkpt lat="36.0368353" lon="127.8729055">
<ele>746.499</ele>
<time>2025-04-13T00:36:40Z</time>
<hdop>9.94</hdop>
</trkpt>
<trkpt lat="36.0367954" lon="127.8729125">
<ele>747.272</ele>
<time>2025-04-13T00:36:45Z</time>
<hdop>9.94</hdop>
</trkpt>
<trkpt lat="36.0367665" lon="127.872927">
<ele>748.62</ele>
<time>2025-04-13T00:36:50Z</time>
<hdop>9.94</hdop>
</trkpt>
<trkpt lat="36.0367373" lon="127.8729516">
<ele>749.141</ele>
<time>2025-04-13T00:36:55Z</time>
<hdop>9.94</hdop>
</trkpt>
<trkpt lat="36.0367107" lon="127.8729727">
<ele>749.129</ele>
<time>2025-04-13T00:37:00Z</time>
<hdop>9.94</hdop>
</trkpt>
<trkpt lat="36.0366789" lon="127.872988">
<ele>749.187</ele>
<time>2025-04-13T00:37:05Z</time>
<hdop>9.94</hdop>
</trkpt>
<trkpt lat="36.0366454" lon="127.8730016">
<ele>748.766</ele>
<time>2025-04-13T00:37:10Z</time>
<hdop>9.94</hdop>
</trkpt>
<trkpt lat="36.0366124" lon="127.8730182">
<ele>747.17</ele>
<time>2025-04-13T00:37:15Z</time>
<hdop>9.94</hdop>
</trkpt>
<trkpt lat="36.036577" lon="127.8730283">
<ele>747.053</ele>
<time>2025-04-13T00:37:20Z</time>
<hdop>9.94</hdop>
</trkpt>
<trkpt lat="36.036539" lon="127.8730384">
<ele>748.128</ele>
<time>2025-04-13T00:37:25Z</time>
<hdop>9.94</hdop>
</trkpt>
<trkpt lat="36.0364974" lon="127.8730547">
<ele>750.573</ele>
<time>2025-04-13T00:37:30Z</time>
<hdop>9.94</hdop>
</trkpt>
<trkpt lat="36.0364681" lon="127.8730808">
<ele>751.809</ele>
<time>2025-04-13T00:37:35Z</time>
<hdop>9.94</hdop>
</trkpt>
<trkpt lat="36.0364417" lon="127.8730988">
<ele>752.95</ele>
<time>2025-04-13T00:37:40Z</time>
<hdop>9.94</hdop>
</trkpt>
<trkpt lat="36.0364206" lon="127.8731388">
<ele>753.023</ele>
<time>2025-04-13T00:37:45Z</time>
<hdop>9.94</hdop>
</trkpt>
<trkpt lat="36.0363938" lon="127.8731814">
<ele>752.77</ele>
<time>2025-04-13T00:37:50Z</time>
<hdop>9.94</hdop>
</trkpt>
<trkpt lat="36.0363939" lon="127.8732149">
<ele>753.226</ele>
<time>2025-04-13T00:37:55Z</time>
<hdop>9.94</hdop>
</trkpt>
<trkpt lat="36.0363862" lon="127.873244">
<ele>752.611</ele>
<time>2025-04-13T00:38:00Z</time>
<hdop>9.94</hdop>
</trkpt>
<trkpt lat="36.0363868" lon="127.8732448">
<ele>752.592</ele>
<time>2025-04-13T00:38:05Z</time>
<hdop>9.94</hdop>
</trkpt>
<trkpt lat="36.0363868" lon="127.8732448">
<ele>751.122</ele>
<time>2025-04-13T00:38:10Z</time>
<hdop>9.94</hdop>
</trkpt>
<trkpt lat="36.0363868" lon="127.8732448">
<ele>750.924</ele>
<time>2025-04-13T00:38:15Z</time>
<hdop>9.94</hdop>
</trkpt>
<trkpt lat="36.0363868" lon="127.8732448">
<ele>753.555</ele>
<time>2025-04-13T00:38:20Z</time>
<hdop>9.94</hdop>
</trkpt>
<trkpt lat="36.0363868" lon="127.8732448">
<ele>756.272</ele>
<time>2025-04-13T00:38:25Z</time>
<hdop>9.94</hdop>
</trkpt>
<trkpt lat="36.0362815" lon="127.8732941">
<ele>754.338</ele>
<time>2025-04-13T00:38:30Z</time>
<hdop>3.79</hdop>
</trkpt>
<trkpt lat="36.0362452" lon="127.8733018">
<ele>754.329</ele>
<time>2025-04-13T00:38:35Z</time>
<hdop>3.79</hdop>
</trkpt>
<trkpt lat="36.0362038" lon="127.8733026">
<ele>753.597</ele>
<time>2025-04-13T00:38:40Z</time>
<hdop>3.79</hdop>
</trkpt>
<trkpt lat="36.0361757" lon="127.8732988">
<ele>753.506</ele>
<time>2025-04-13T00:38:45Z</time>
<hdop>3.79</hdop>
</trkpt>
<trkpt lat="36.0361757" lon="127.8732988">
<ele>753.799</ele>
<time>2025-04-13T00:38:50Z</time>
<hdop>3.79</hdop>
</trkpt>
<trkpt lat="36.0361757" lon="127.8732988">
<ele>753.816</ele>
<time>2025-04-13T00:38:55Z</time>
<hdop>3.79</hdop>
</trkpt>
<trkpt lat="36.0361757" lon="127.8732988">
<ele>753.68</ele>
<time>2025-04-13T00:39:00Z</time>
<hdop>3.79</hdop>
</trkpt>
<trkpt lat="36.0361757" lon="127.8732988">
<ele>753.63</ele>
<time>2025-04-13T00:39:05Z</time>
<hdop>3.79</hdop>
</trkpt>
<trkpt lat="36.0361757" lon="127.8732988">
<ele>753.543</ele>
<time>2025-04-13T00:39:10Z</time>
<hdop>3.79</hdop>
</trkpt>
<trkpt lat="36.0361757" lon="127.8732988">
<ele>753.321</ele>
<time>2025-04-13T00:39:15Z</time>
<hdop>3.79</hdop>
</trkpt>
<trkpt lat="36.0361757" lon="127.8732988">
<ele>753.166</ele>
<time>2025-04-13T00:39:20Z</time>
<hdop>3.79</hdop>
</trkpt>
<trkpt lat="36.0361757" lon="127.8732988">
<ele>753.119</ele>
<time>2025-04-13T00:39:25Z</time>
<hdop>3.79</hdop>
</trkpt>
<trkpt lat="36.0361757" lon="127.8732988">
<ele>753.128</ele>
<time>2025-04-13T00:39:30Z</time>
<hdop>9.94</hdop>
</trkpt>
<trkpt lat="36.0361757" lon="127.8732988">
<ele>753.26</ele>
<time>2025-04-13T00:39:35Z</time>
<hdop>3.79</hdop>
</trkpt>
<trkpt lat="36.0361757" lon="127.8732988">
<ele>753.383</ele>
<time>2025-04-13T00:39:40Z</time>
<hdop>3.79</hdop>
</trkpt>
<trkpt lat="36.0361757" lon="127.8732988">
<ele>753.502</ele>
<time>2025-04-13T00:39:45Z</time>
<hdop>3.79</hdop>
</trkpt>
<trkpt lat="36.0361757" lon="127.8732988">
<ele>753.486</ele>
<time>2025-04-13T00:39:50Z</time>
<hdop>3.79</hdop>
</trkpt>
<trkpt lat="36.0361757" lon="127.8732988">
<ele>754.045</ele>
<time>2025-04-13T00:39:55Z</time>
<hdop>3.79</hdop>
</trkpt>
<trkpt lat="36.0361757" lon="127.8732988">
<ele>754.259</ele>
<time>2025-04-13T00:40:00Z</time>
<hdop>3.79</hdop>
</trkpt>
<trkpt lat="36.0361757" lon="127.8732988">
<ele>754.327</ele>
<time>2025-04-13T00:40:05Z</time>
<hdop>3.79</hdop>
</trkpt>
<trkpt lat="36.0361757" lon="127.8732988">
<ele>754.215</ele>
<time>2025-04-13T00:40:10Z</time>
<hdop>3.79</hdop>
</trkpt>
<trkpt lat="36.0361757" lon="127.8732988">
<ele>754.193</ele>
<time>2025-04-13T00:40:15Z</time>
<hdop>3.79</hdop>
</trkpt>
<trkpt lat="36.0361757" lon="127.8732988">
<ele>754.449</ele>
<time>2025-04-13T00:40:20Z</time>
<hdop>3.79</hdop>
</trkpt>
<trkpt lat="36.0361757" lon="127.8732988">
<ele>753.609</ele>
<time>2025-04-13T00:40:25Z</time>
<hdop>3.79</hdop>
</trkpt>
<trkpt lat="36.0361757" lon="127.8732988">
<ele>753.54</ele>
<time>2025-04-13T00:40:30Z</time>
<hdop>3.79</hdop>
</trkpt>
<trkpt lat="36.0361757" lon="127.8732988">
<ele>753.512</ele>
<time>2025-04-13T00:40:35Z</time>
<hdop>3.79</hdop>
</trkpt>
<trkpt lat="36.0361757" lon="127.8732988">
<ele>753.766</ele>
<time>2025-04-13T00:40:40Z</time>
<hdop>3.79</hdop>
</trkpt>
<trkpt lat="36.0361757" lon="127.8732988">
<ele>753.654</ele>
<time>2025-04-13T00:40:45Z</time>
<hdop>3.79</hdop>
</trkpt>
<trkpt lat="36.0361757" lon="127.8732988">
<ele>753.652</ele>
<time>2025-04-13T00:40:50Z</time>
<hdop>3.79</hdop>
</trkpt>
<trkpt lat="36.0361757" lon="127.8732988">
<ele>753.546</ele>
<time>2025-04-13T00:40:55Z</time>
<hdop>3.79</hdop>
</trkpt>
<trkpt lat="36.0361757" lon="127.8732988">
<ele>753.047</ele>
<time>2025-04-13T00:41:00Z</time>
<hdop>3.79</hdop>
</trkpt>
<trkpt lat="36.0361304" lon="127.8733159">
<ele>752.986</ele>
<time>2025-04-13T00:41:05Z</time>
<hdop>3.79</hdop>
</trkpt>
<trkpt lat="36.0361225" lon="127.8733079">
<ele>752.748</ele>
<time>2025-04-13T00:41:10Z</time>
<hdop>3.79</hdop>
</trkpt>
<trkpt lat="36.0361013" lon="127.8733075">
<ele>753.46</ele>
<time>2025-04-13T00:41:15Z</time>
<hdop>9.94</hdop>
</trkpt>
<trkpt lat="36.0360689" lon="127.8733246">
<ele>754.57</ele>
<time>2025-04-13T00:41:20Z</time>
<hdop>9.94</hdop>
</trkpt>
<trkpt lat="36.0360351" lon="127.8733305">
<ele>755.683</ele>
<time>2025-04-13T00:41:25Z</time>
<hdop>9.94</hdop>
</trkpt>
<trkpt lat="36.0359992" lon="127.8733412">
<ele>758.653</ele>
<time>2025-04-13T00:41:30Z</time>
<hdop>9.94</hdop>
</trkpt>
<trkpt lat="36.0359669" lon="127.873366">
<ele>759.4</ele>
<time>2025-04-13T00:41:35Z</time>
<hdop>3.79</hdop>
</trkpt>
<trkpt lat="36.0359288" lon="127.8733946">
<ele>760.476</ele>
<time>2025-04-13T00:41:40Z</time>
<hdop>3.79</hdop>
</trkpt>
<trkpt lat="36.0358943" lon="127.873437">
<ele>760.38</ele>
<time>2025-04-13T00:41:45Z</time>
<hdop>3.79</hdop>
</trkpt>
<trkpt lat="36.0358688" lon="127.8734719">
<ele>759.672</ele>
<time>2025-04-13T00:41:50Z</time>
<hdop>3.79</hdop>
</trkpt>
<trkpt lat="36.0358403" lon="127.8735103">
<ele>759.153</ele>
<time>2025-04-13T00:41:55Z</time>
<hdop>3.79</hdop>
</trkpt>
<trkpt lat="36.0358158" lon="127.8735598">
<ele>758.614</ele>
<time>2025-04-13T00:42:00Z</time>
<hdop>3.79</hdop>
</trkpt>
<trkpt lat="36.0357843" lon="127.8736121">
<ele>759.915</ele>
<time>2025-04-13T00:42:05Z</time>
<hdop>3.79</hdop>
</trkpt>
<trkpt lat="36.0357664" lon="127.8736708">
<ele>759.117</ele>
<time>2025-04-13T00:42:10Z</time>
<hdop>3.79</hdop>
</trkpt>
<trkpt lat="36.0357401" lon="127.873728">
<ele>759.322</ele>
<time>2025-04-13T00:42:15Z</time>
<hdop>3.79</hdop>
</trkpt>
<trkpt lat="36.0356989" lon="127.8737607">
<ele>761.013</ele>
<time>2025-04-13T00:42:20Z</time>
<hdop>3.79</hdop>
</trkpt>
<trkpt lat="36.0356498" lon="127.8737749">
<ele>763.684</ele>
<time>2025-04-13T00:42:25Z</time>
<hdop>3.79</hdop>
</trkpt>
<trkpt lat="36.0356057" lon="127.8737832">
<ele>765.325</ele>
<time>2025-04-13T00:42:30Z</time>
<hdop>3.79</hdop>
</trkpt>
<trkpt lat="36.0355621" lon="127.8737891">
<ele>767.189</ele>
<time>2025-04-13T00:42:35Z</time>
<hdop>3.79</hdop>
</trkpt>
<trkpt lat="36.0355218" lon="127.8737896">
<ele>769.959</ele>
<time>2025-04-13T00:42:40Z</time>
<hdop>3.79</hdop>
</trkpt>
<trkpt lat="36.0354799" lon="127.8737836">
<ele>773.324</ele>
<time>2025-04-13T00:42:45Z</time>
<hdop>3.79</hdop>
</trkpt>
<trkpt lat="36.0354533" lon="127.8737551">
<ele>774.528</ele>
<time>2025-04-13T00:42:50Z</time>
<hdop>3.79</hdop>
</trkpt>
<trkpt lat="36.0354234" lon="127.8737313">
<ele>776.172</ele>
<time>2025-04-13T00:42:55Z</time>
<hdop>3.79</hdop>
</trkpt>
<trkpt lat="36.0353807" lon="127.873744">
<ele>776.452</ele>
<time>2025-04-13T00:43:00Z</time>
<hdop>3.79</hdop>
</trkpt>
<trkpt lat="36.0353444" lon="127.8737622">
<ele>777.975</ele>
<time>2025-04-13T00:43:05Z</time>
<hdop>3.79</hdop>
</trkpt>
<trkpt lat="36.0353026" lon="127.8737586">
<ele>780.158</ele>
<time>2025-04-13T00:43:10Z</time>
<hdop>3.79</hdop>
</trkpt>
<trkpt lat="36.035266" lon="127.8737687">
<ele>780.85</ele>
<time>2025-04-13T00:43:15Z</time>
<hdop>3.79</hdop>
</trkpt>
<trkpt lat="36.0352309" lon="127.873767">
<ele>780.595</ele>
<time>2025-04-13T00:43:20Z</time>
<hdop>3.79</hdop>
</trkpt>
<trkpt lat="36.0352125" lon="127.8737886">
<ele>782.735</ele>
<time>2025-04-13T00:43:25Z</time>
<hdop>3.79</hdop>
</trkpt>
<trkpt lat="36.03519" lon="127.8737798">
<ele>783.649</ele>
<time>2025-04-13T00:43:30Z</time>
<hdop>3.79</hdop>
</trkpt>
<trkpt lat="36.03519" lon="127.8737798">
<ele>783.381</ele>
<time>2025-04-13T00:43:35Z</time>
<hdop>3.79</hdop>
</trkpt>
<trkpt lat="36.035192" lon="127.8737553">
<ele>783.863</ele>
<time>2025-04-13T00:43:40Z</time>
<hdop>3.79</hdop>
</trkpt>
<trkpt lat="36.0351784" lon="127.8737297">
<ele>783.412</ele>
<time>2025-04-13T00:43:45Z</time>
<hdop>3.79</hdop>
</trkpt>
<trkpt lat="36.0351708" lon="127.8737067">
<ele>785.612</ele>
<time>2025-04-13T00:43:50Z</time>
<hdop>3.79</hdop>
</trkpt>
<trkpt lat="36.0351425" lon="127.8736927">
<ele>786.87</ele>
<time>2025-04-13T00:43:55Z</time>
<hdop>3.79</hdop>
</trkpt>
<trkpt lat="36.0351071" lon="127.8737003">
<ele>787.995</ele>
<time>2025-04-13T00:44:00Z</time>
<hdop>3.79</hdop>
</trkpt>
<trkpt lat="36.0350754" lon="127.873727">
<ele>789.01</ele>
<time>2025-04-13T00:44:05Z</time>
<hdop>3.79</hdop>
</trkpt>
<trkpt lat="36.0350426" lon="127.8737598">
<ele>788.979</ele>
<time>2025-04-13T00:44:10Z</time>
<hdop>3.79</hdop>
</trkpt>
<trkpt lat="36.0350242" lon="127.8738045">
<ele>789.276</ele>
<time>2025-04-13T00:44:15Z</time>
<hdop>3.79</hdop>
</trkpt>
<trkpt lat="36.0350053" lon="127.8738372">
<ele>790.027</ele>
<time>2025-04-13T00:44:20Z</time>
<hdop>3.79</hdop>
</trkpt>
<trkpt lat="36.0349872" lon="127.8738647">
<ele>793.287</ele>
<time>2025-04-13T00:44:25Z</time>
<hdop>3.79</hdop>
</trkpt>
<trkpt lat="36.0349562" lon="127.873876">
<ele>791.844</ele>
<time>2025-04-13T00:44:30Z</time>
<hdop>3.79</hdop>
</trkpt>
<trkpt lat="36.0349214" lon="127.8738914">
<ele>792.046</ele>
<time>2025-04-13T00:44:35Z</time>
<hdop>3.79</hdop>
</trkpt>
<trkpt lat="36.034879" lon="127.8739042">
<ele>791.694</ele>
<time>2025-04-13T00:44:40Z</time>
<hdop>3.79</hdop>
</trkpt>
<trkpt lat="36.0348496" lon="127.8739614">
<ele>794.595</ele>
<time>2025-04-13T00:44:45Z</time>
<hdop>3.79</hdop>
</trkpt>
<trkpt lat="36.0348142" lon="127.8740227">
<ele>796.534</ele>
<time>2025-04-13T00:44:50Z</time>
<hdop>3.79</hdop>
</trkpt>
<trkpt lat="36.0347817" lon="127.8740817">
<ele>794.434</ele>
<time>2025-04-13T00:44:55Z</time>
<hdop>3.79</hdop>
</trkpt>
<trkpt lat="36.0347673" lon="127.8741419">
<ele>794.475</ele>
<time>2025-04-13T00:45:00Z</time>
<hdop>3.79</hdop>
</trkpt>
<trkpt lat="36.0347501" lon="127.8742045">
<ele>794.232</ele>
<time>2025-04-13T00:45:05Z</time>
<hdop>3.79</hdop>
</trkpt>
<trkpt lat="36.0347241" lon="127.8742636">
<ele>791.163</ele>
<time>2025-04-13T00:45:10Z</time>
<hdop>3.79</hdop>
</trkpt>
<trkpt lat="36.0347258" lon="127.8743323">
<ele>793.207</ele>
<time>2025-04-13T00:45:15Z</time>
<hdop>3.79</hdop>
</trkpt>
<trkpt lat="36.0347389" lon="127.8743904">
<ele>792.062</ele>
<time>2025-04-13T00:45:20Z</time>
<hdop>3.79</hdop>
</trkpt>
<trkpt lat="36.0347374" lon="127.8744388">
<ele>791.077</ele>
<time>2025-04-13T00:45:25Z</time>
<hdop>3.79</hdop>
</trkpt>
<trkpt lat="36.0347172" lon="127.8744905">
<ele>790.607</ele>
<time>2025-04-13T00:45:30Z</time>
<hdop>3.79</hdop>
</trkpt>
<trkpt lat="36.0347258" lon="127.8745511">
<ele>788.67</ele>
<time>2025-04-13T00:45:35Z</time>
<hdop>3.79</hdop>
</trkpt>
<trkpt lat="36.034749" lon="127.8746011">
<ele>787.816</ele>
<time>2025-04-13T00:45:40Z</time>
<hdop>3.79</hdop>
</trkpt>
<trkpt lat="36.0347706" lon="127.8746539">
<ele>787.346</ele>
<time>2025-04-13T00:45:45Z</time>
<hdop>3.79</hdop>
</trkpt>
<trkpt lat="36.0347813" lon="127.8746831">
<ele>786.606</ele>
<time>2025-04-13T00:45:50Z</time>
<hdop>3.79</hdop>
</trkpt>
<trkpt lat="36.0347873" lon="127.8747028">
<ele>789.432</ele>
<time>2025-04-13T00:45:54Z</time>
<hdop>3.79</hdop>
</trkpt>
</trkseg>
<trkseg>
<trkpt lat="36.0347873" lon="127.8747028">
<ele>789.432</ele>
<time>2025-04-13T00:45:54Z</time>
<hdop>3.79</hdop>
</trkpt>
<trkpt lat="36.034786" lon="127.8747048">
<ele>789.387</ele>
<time>2025-04-13T00:45:59Z</time>
<hdop>3.79</hdop>
</trkpt>
<trkpt lat="36.0347474" lon="127.874723">
<ele>788.598</ele>
<time>2025-04-13T00:46:04Z</time>
<hdop>3.79</hdop>
</trkpt>
<trkpt lat="36.0347039" lon="127.8747471">
<ele>789.371</ele>
<time>2025-04-13T00:46:09Z</time>
<hdop>3.79</hdop>
</trkpt>
<trkpt lat="36.0346529" lon="127.8747742">
<ele>790.465</ele>
<time>2025-04-13T00:46:14Z</time>
<hdop>3.79</hdop>
</trkpt>
<trkpt lat="36.0346024" lon="127.8747933">
<ele>791.338</ele>
<time>2025-04-13T00:46:19Z</time>
<hdop>3.79</hdop>
</trkpt>
<trkpt lat="36.0345557" lon="127.8748002">
<ele>792.574</ele>
<time>2025-04-13T00:46:24Z</time>
<hdop>3.79</hdop>
</trkpt>
<trkpt lat="36.0345102" lon="127.8748237">
<ele>793.895</ele>
<time>2025-04-13T00:46:29Z</time>
<hdop>3.79</hdop>
</trkpt>
<trkpt lat="36.0344702" lon="127.8748477">
<ele>792.974</ele>
<time>2025-04-13T00:46:34Z</time>
<hdop>3.79</hdop>
</trkpt>
<trkpt lat="36.0344347" lon="127.8748803">
<ele>791.581</ele>
<time>2025-04-13T00:46:39Z</time>
<hdop>3.79</hdop>
</trkpt>
<trkpt lat="36.034391" lon="127.8749171">
<ele>791.888</ele>
<time>2025-04-13T00:46:44Z</time>
<hdop>3.79</hdop>
</trkpt>
<trkpt lat="36.0343511" lon="127.8749537">
<ele>793.059</ele>
<time>2025-04-13T00:46:49Z</time>
<hdop>3.79</hdop>
</trkpt>
<trkpt lat="36.0343133" lon="127.8749894">
<ele>794.548</ele>
<time>2025-04-13T00:46:54Z</time>
<hdop>3.79</hdop>
</trkpt>
<trkpt lat="36.0342811" lon="127.874997">
<ele>794.756</ele>
<time>2025-04-13T00:46:59Z</time>
<hdop>3.79</hdop>
</trkpt>
<trkpt lat="36.0342787" lon="127.8750103">
<ele>794.303</ele>
<time>2025-04-13T00:47:04Z</time>
<hdop>3.79</hdop>
</trkpt>
<trkpt lat="36.0342743" lon="127.8750196">
<ele>793.17</ele>
<time>2025-04-13T00:47:09Z</time>
<hdop>3.79</hdop>
</trkpt>
<trkpt lat="36.0342504" lon="127.8750575">
<ele>791.774</ele>
<time>2025-04-13T00:47:14Z</time>
<hdop>3.79</hdop>
</trkpt>
<trkpt lat="36.0342414" lon="127.8750893">
<ele>792.753</ele>
<time>2025-04-13T00:47:19Z</time>
<hdop>3.79</hdop>
</trkpt>
<trkpt lat="36.0342353" lon="127.875115">
<ele>792.861</ele>
<time>2025-04-13T00:47:24Z</time>
<hdop>3.79</hdop>
</trkpt>
<trkpt lat="36.034227" lon="127.8751358">
<ele>792.834</ele>
<time>2025-04-13T00:47:29Z</time>
<hdop>3.79</hdop>
</trkpt>
<trkpt lat="36.0342156" lon="127.8751651">
<ele>792.853</ele>
<time>2025-04-13T00:47:34Z</time>
<hdop>3.79</hdop>
</trkpt>
<trkpt lat="36.0341984" lon="127.875189">
<ele>793.808</ele>
<time>2025-04-13T00:47:39Z</time>
<hdop>3.79</hdop>
</trkpt>
<trkpt lat="36.0341865" lon="127.8752041">
<ele>793.561</ele>
<time>2025-04-13T00:47:44Z</time>
<hdop>3.79</hdop>
</trkpt>
<trkpt lat="36.0341731" lon="127.8752204">
<ele>792.787</ele>
<time>2025-04-13T00:47:49Z</time>
<hdop>3.79</hdop>
</trkpt>
<trkpt lat="36.0341405" lon="127.8752302">
<ele>790.69</ele>
<time>2025-04-13T00:47:54Z</time>
<hdop>3.79</hdop>
</trkpt>
<trkpt lat="36.0340999" lon="127.8752412">
<ele>790.627</ele>
<time>2025-04-13T00:47:59Z</time>
<hdop>3.79</hdop>
</trkpt>
<trkpt lat="36.0340984" lon="127.8752499">
<ele>790.832</ele>
<time>2025-04-13T00:48:04Z</time>
<hdop>3.79</hdop>
</trkpt>
<trkpt lat="36.0340989" lon="127.8752516">
<ele>791.291</ele>
<time>2025-04-13T00:48:09Z</time>
<hdop>3.79</hdop>
</trkpt>
<trkpt lat="36.0340753" lon="127.8752479">
<ele>792.11</ele>
<time>2025-04-13T00:48:14Z</time>
<hdop>3.79</hdop>
</trkpt>
<trkpt lat="36.0340675" lon="127.8752636">
<ele>791.955</ele>
<time>2025-04-13T00:48:19Z</time>
<hdop>3.79</hdop>
</trkpt>
<trkpt lat="36.0340099" lon="127.8753061">
<ele>793.746</ele>
<time>2025-04-13T00:48:24Z</time>
<hdop>3.79</hdop>
</trkpt>
<trkpt lat="36.0339443" lon="127.8753064">
<ele>794.241</ele>
<time>2025-04-13T00:48:29Z</time>
<hdop>9.94</hdop>
</trkpt>
<trkpt lat="36.0338893" lon="127.8753293">
<ele>794.071</ele>
<time>2025-04-13T00:48:34Z</time>
<hdop>3.79</hdop>
</trkpt>
<trkpt lat="36.0338309" lon="127.8753359">
<ele>794.427</ele>
<time>2025-04-13T00:48:39Z</time>
<hdop>3.79</hdop>
</trkpt>
<trkpt lat="36.0337676" lon="127.8753538">
<ele>795.529</ele>
<time>2025-04-13T00:48:44Z</time>
<hdop>3.79</hdop>
</trkpt>
<trkpt lat="36.033717" lon="127.8753858">
<ele>796.669</ele>
<time>2025-04-13T00:48:49Z</time>
<hdop>3.79</hdop>
</trkpt>
<trkpt lat="36.0336783" lon="127.8754104">
<ele>799.189</ele>
<time>2025-04-13T00:48:54Z</time>
<hdop>3.79</hdop>
</trkpt>
<trkpt lat="36.0336415" lon="127.8754259">
<ele>798.091</ele>
<time>2025-04-13T00:48:59Z</time>
<hdop>3.79</hdop>
</trkpt>
<trkpt lat="36.0336055" lon="127.8754448">
<ele>799.324</ele>
<time>2025-04-13T00:49:04Z</time>
<hdop>3.79</hdop>
</trkpt>
<trkpt lat="36.0335662" lon="127.8754652">
<ele>799.277</ele>
<time>2025-04-13T00:49:09Z</time>
<hdop>3.79</hdop>
</trkpt>
<trkpt lat="36.0335225" lon="127.8754777">
<ele>799.292</ele>
<time>2025-04-13T00:49:14Z</time>
<hdop>3.79</hdop>
</trkpt>
<trkpt lat="36.0334827" lon="127.8754957">
<ele>800.502</ele>
<time>2025-04-13T00:49:19Z</time>
<hdop>3.79</hdop>
</trkpt>
<trkpt lat="36.0334709" lon="127.8755461">
<ele>800.571</ele>
<time>2025-04-13T00:49:24Z</time>
<hdop>3.79</hdop>
</trkpt>
<trkpt lat="36.0334611" lon="127.8755908">
<ele>802.395</ele>
<time>2025-04-13T00:49:29Z</time>
<hdop>3.79</hdop>
</trkpt>
<trkpt lat="36.0334377" lon="127.8756101">
<ele>804.855</ele>
<time>2025-04-13T00:49:34Z</time>
<hdop>3.79</hdop>
</trkpt>
<trkpt lat="36.0334345" lon="127.8756426">
<ele>805.824</ele>
<time>2025-04-13T00:49:39Z</time>
<hdop>3.79</hdop>
</trkpt>
<trkpt lat="36.0334155" lon="127.875655">
<ele>805.943</ele>
<time>2025-04-13T00:49:44Z</time>
<hdop>3.79</hdop>
</trkpt>
<trkpt lat="36.0334038" lon="127.8756664">
<ele>808.455</ele>
<time>2025-04-13T00:49:49Z</time>
<hdop>3.79</hdop>
</trkpt>
<trkpt lat="36.0333904" lon="127.8756857">
<ele>810.482</ele>
<time>2025-04-13T00:49:54Z</time>
<hdop>3.79</hdop>
</trkpt>
<trkpt lat="36.0333748" lon="127.8757011">
<ele>813.335</ele>
<time>2025-04-13T00:49:59Z</time>
<hdop>3.79</hdop>
</trkpt>
<trkpt lat="36.0333556" lon="127.8757165">
<ele>814.166</ele>
<time>2025-04-13T00:50:04Z</time>
<hdop>3.79</hdop>
</trkpt>
<trkpt lat="36.0333424" lon="127.8757363">
<ele>813.875</ele>
<time>2025-04-13T00:50:09Z</time>
<hdop>3.79</hdop>
</trkpt>
<trkpt lat="36.0333252" lon="127.8757505">
<ele>814.135</ele>
<time>2025-04-13T00:50:14Z</time>
<hdop>3.79</hdop>
</trkpt>
<trkpt lat="36.0333234" lon="127.8757681">
<ele>813.465</ele>
<time>2025-04-13T00:50:19Z</time>
<hdop>3.79</hdop>
</trkpt>
<trkpt lat="36.0333134" lon="127.8757872">
<ele>812.832</ele>
<time>2025-04-13T00:50:24Z</time>
<hdop>3.79</hdop>
</trkpt>
<trkpt lat="36.0333025" lon="127.8758116">
<ele>813.79</ele>
<time>2025-04-13T00:50:29Z</time>
<hdop>3.79</hdop>
</trkpt>
<trkpt lat="36.0332984" lon="127.8758486">
<ele>815.229</ele>
<time>2025-04-13T00:50:34Z</time>
<hdop>3.79</hdop>
</trkpt>
<trkpt lat="36.0332834" lon="127.8758782">
<ele>816.362</ele>
<time>2025-04-13T00:50:39Z</time>
<hdop>3.79</hdop>
</trkpt>
<trkpt lat="36.0332685" lon="127.8758943">
<ele>816.325</ele>
<time>2025-04-13T00:50:44Z</time>
<hdop>3.79</hdop>
</trkpt>
<trkpt lat="36.0332453" lon="127.8759073">
<ele>816.46</ele>
<time>2025-04-13T00:50:49Z</time>
<hdop>3.79</hdop>
</trkpt>
<trkpt lat="36.0332157" lon="127.8759132">
<ele>817.683</ele>
<time>2025-04-13T00:50:54Z</time>
<hdop>3.79</hdop>
</trkpt>
<trkpt lat="36.0331878" lon="127.8759194">
<ele>817.823</ele>
<time>2025-04-13T00:50:59Z</time>
<hdop>3.79</hdop>
</trkpt>
<trkpt lat="36.0331842" lon="127.8759189">
<ele>817.757</ele>
<time>2025-04-13T00:51:04Z</time>
<hdop>3.79</hdop>
</trkpt>
<trkpt lat="36.0331827" lon="127.8759183">
<ele>817.781</ele>
<time>2025-04-13T00:51:09Z</time>
<hdop>3.79</hdop>
</trkpt>
<trkpt lat="36.0331753" lon="127.8759236">
<ele>817.837</ele>
<time>2025-04-13T00:51:14Z</time>
<hdop>3.79</hdop>
</trkpt>
<trkpt lat="36.0331639" lon="127.8759281">
<ele>817.41</ele>
<time>2025-04-13T00:51:19Z</time>
<hdop>3.79</hdop>
</trkpt>
<trkpt lat="36.0331302" lon="127.8759146">
<ele>817.499</ele>
<time>2025-04-13T00:51:24Z</time>
<hdop>3.79</hdop>
</trkpt>
<trkpt lat="36.0330959" lon="127.8759092">
<ele>818.867</ele>
<time>2025-04-13T00:51:29Z</time>
<hdop>3.79</hdop>
</trkpt>
<trkpt lat="36.0330554" lon="127.8759158">
<ele>818.798</ele>
<time>2025-04-13T00:51:34Z</time>
<hdop>3.79</hdop>
</trkpt>
<trkpt lat="36.0330225" lon="127.8759259">
<ele>819.287</ele>
<time>2025-04-13T00:51:39Z</time>
<hdop>3.79</hdop>
</trkpt>
<trkpt lat="36.0329862" lon="127.8759276">
<ele>820.423</ele>
<time>2025-04-13T00:51:44Z</time>
<hdop>3.79</hdop>
</trkpt>
<trkpt lat="36.0329511" lon="127.8759414">
<ele>821.875</ele>
<time>2025-04-13T00:51:49Z</time>
<hdop>3.79</hdop>
</trkpt>
<trkpt lat="36.0329229" lon="127.8759596">
<ele>824.242</ele>
<time>2025-04-13T00:51:54Z</time>
<hdop>3.79</hdop>
</trkpt>
<trkpt lat="36.0329126" lon="127.8759978">
<ele>825.473</ele>
<time>2025-04-13T00:51:59Z</time>
<hdop>3.79</hdop>
</trkpt>
<trkpt lat="36.032895" lon="127.8760096">
<ele>825.976</ele>
<time>2025-04-13T00:52:04Z</time>
<hdop>3.79</hdop>
</trkpt>
<trkpt lat="36.0328686" lon="127.8760172">
<ele>826.337</ele>
<time>2025-04-13T00:52:09Z</time>
<hdop>3.79</hdop>
</trkpt>
<trkpt lat="36.0328511" lon="127.8760545">
<ele>825.892</ele>
<time>2025-04-13T00:52:14Z</time>
<hdop>3.79</hdop>
</trkpt>
<trkpt lat="36.0328234" lon="127.8760763">
<ele>825.615</ele>
<time>2025-04-13T00:52:19Z</time>
<hdop>3.79</hdop>
</trkpt>
<trkpt lat="36.0327944" lon="127.8760801">
<ele>826.243</ele>
<time>2025-04-13T00:52:24Z</time>
<hdop>3.79</hdop>
</trkpt>
<trkpt lat="36.0327682" lon="127.8761029">
<ele>825.955</ele>
<time>2025-04-13T00:52:29Z</time>
<hdop>3.79</hdop>
</trkpt>
<trkpt lat="36.0327546" lon="127.8761365">
<ele>828.647</ele>
<time>2025-04-13T00:52:34Z</time>
<hdop>3.79</hdop>
</trkpt>
<trkpt lat="36.0327448" lon="127.8761694">
<ele>830.643</ele>
<time>2025-04-13T00:52:39Z</time>
<hdop>3.79</hdop>
</trkpt>
<trkpt lat="36.0327316" lon="127.8761909">
<ele>831.669</ele>
<time>2025-04-13T00:52:44Z</time>
<hdop>3.79</hdop>
</trkpt>
<trkpt lat="36.0327089" lon="127.876215">
<ele>831.069</ele>
<time>2025-04-13T00:52:49Z</time>
<hdop>3.79</hdop>
</trkpt>
<trkpt lat="36.0326906" lon="127.8762349">
<ele>831.981</ele>
<time>2025-04-13T00:52:54Z</time>
<hdop>3.79</hdop>
</trkpt>
<trkpt lat="36.0326913" lon="127.8762728">
<ele>833.427</ele>
<time>2025-04-13T00:52:59Z</time>
<hdop>3.79</hdop>
</trkpt>
<trkpt lat="36.0326746" lon="127.8762976">
<ele>834.18</ele>
<time>2025-04-13T00:53:04Z</time>
<hdop>3.79</hdop>
</trkpt>
<trkpt lat="36.0326545" lon="127.8763141">
<ele>833.949</ele>
<time>2025-04-13T00:53:09Z</time>
<hdop>3.79</hdop>
</trkpt>
<trkpt lat="36.0326352" lon="127.8763324">
<ele>834.262</ele>
<time>2025-04-13T00:53:14Z</time>
<hdop>3.79</hdop>
</trkpt>
<trkpt lat="36.032609" lon="127.8763352">
<ele>834.51</ele>
<time>2025-04-13T00:53:19Z</time>
<hdop>3.79</hdop>
</trkpt>
<trkpt lat="36.0325818" lon="127.8763498">
<ele>834.151</ele>
<time>2025-04-13T00:53:24Z</time>
<hdop>3.79</hdop>
</trkpt>
<trkpt lat="36.0325655" lon="127.8763748">
<ele>833.637</ele>
<time>2025-04-13T00:53:29Z</time>
<hdop>3.79</hdop>
</trkpt>
<trkpt lat="36.0325625" lon="127.8764113">
<ele>834.195</ele>
<time>2025-04-13T00:53:34Z</time>
<hdop>3.79</hdop>
</trkpt>
<trkpt lat="36.0325351" lon="127.8764166">
<ele>834.636</ele>
<time>2025-04-13T00:53:39Z</time>
<hdop>3.79</hdop>
</trkpt>
<trkpt lat="36.0325063" lon="127.8764253">
<ele>835.458</ele>
<time>2025-04-13T00:53:44Z</time>
<hdop>3.79</hdop>
</trkpt>
<trkpt lat="36.0324873" lon="127.8764385">
<ele>835.017</ele>
<time>2025-04-13T00:53:49Z</time>
<hdop>3.79</hdop>
</trkpt>
<trkpt lat="36.0324629" lon="127.876453">
<ele>835.397</ele>
<time>2025-04-13T00:53:54Z</time>
<hdop>3.79</hdop>
</trkpt>
<trkpt lat="36.0324362" lon="127.8764671">
<ele>837.489</ele>
<time>2025-04-13T00:53:59Z</time>
<hdop>3.79</hdop>
</trkpt>
<trkpt lat="36.0324057" lon="127.8764889">
<ele>838.562</ele>
<time>2025-04-13T00:54:04Z</time>
<hdop>3.79</hdop>
</trkpt>
<trkpt lat="36.0323861" lon="127.8765135">
<ele>840.562</ele>
<time>2025-04-13T00:54:09Z</time>
<hdop>3.79</hdop>
</trkpt>
<trkpt lat="36.0323618" lon="127.8765355">
<ele>841.737</ele>
<time>2025-04-13T00:54:14Z</time>
<hdop>3.79</hdop>
</trkpt>
<trkpt lat="36.0323349" lon="127.8765463">
<ele>842.212</ele>
<time>2025-04-13T00:54:19Z</time>
<hdop>3.79</hdop>
</trkpt>
<trkpt lat="36.0323139" lon="127.8765738">
<ele>840.821</ele>
<time>2025-04-13T00:54:24Z</time>
<hdop>3.79</hdop>
</trkpt>
<trkpt lat="36.0323087" lon="127.8765794">
<ele>841.212</ele>
<time>2025-04-13T00:54:29Z</time>
<hdop>3.79</hdop>
</trkpt>
<trkpt lat="36.0322977" lon="127.8765856">
<ele>841.431</ele>
<time>2025-04-13T00:54:34Z</time>
<hdop>3.79</hdop>
</trkpt>
<trkpt lat="36.0322783" lon="127.8766066">
<ele>842.308</ele>
<time>2025-04-13T00:54:39Z</time>
<hdop>3.79</hdop>
</trkpt>
<trkpt lat="36.0322537" lon="127.8766234">
<ele>843.073</ele>
<time>2025-04-13T00:54:44Z</time>
<hdop>3.79</hdop>
</trkpt>
<trkpt lat="36.0322345" lon="127.8766434">
<ele>842.316</ele>
<time>2025-04-13T00:54:49Z</time>
<hdop>3.79</hdop>
</trkpt>
<trkpt lat="36.0322138" lon="127.8766666">
<ele>842.972</ele>
<time>2025-04-13T00:54:54Z</time>
<hdop>3.79</hdop>
</trkpt>
<trkpt lat="36.032188" lon="127.8766703">
<ele>843.123</ele>
<time>2025-04-13T00:54:59Z</time>
<hdop>3.79</hdop>
</trkpt>
<trkpt lat="36.0321545" lon="127.8766729">
<ele>843.172</ele>
<time>2025-04-13T00:55:04Z</time>
<hdop>3.79</hdop>
</trkpt>
<trkpt lat="36.0321227" lon="127.8766763">
<ele>844.006</ele>
<time>2025-04-13T00:55:09Z</time>
<hdop>3.79</hdop>
</trkpt>
<trkpt lat="36.0320905" lon="127.876668">
<ele>844.557</ele>
<time>2025-04-13T00:55:14Z</time>
<hdop>3.79</hdop>
</trkpt>
<trkpt lat="36.0320624" lon="127.8766818">
<ele>843.594</ele>
<time>2025-04-13T00:55:19Z</time>
<hdop>3.79</hdop>
</trkpt>
<trkpt lat="36.0320324" lon="127.8767017">
<ele>843.059</ele>
<time>2025-04-13T00:55:24Z</time>
<hdop>3.79</hdop>
</trkpt>
<trkpt lat="36.0320067" lon="127.8767264">
<ele>842.321</ele>
<time>2025-04-13T00:55:29Z</time>
<hdop>3.79</hdop>
</trkpt>
<trkpt lat="36.0319788" lon="127.8767592">
<ele>844.083</ele>
<time>2025-04-13T00:55:34Z</time>
<hdop>3.79</hdop>
</trkpt>
<trkpt lat="36.0319595" lon="127.8767926">
<ele>845.621</ele>
<time>2025-04-13T00:55:39Z</time>
<hdop>3.79</hdop>
</trkpt>
<trkpt lat="36.0319421" lon="127.8768328">
<ele>846.276</ele>
<time>2025-04-13T00:55:44Z</time>
<hdop>3.79</hdop>
</trkpt>
<trkpt lat="36.0319272" lon="127.876868">
<ele>846.239</ele>
<time>2025-04-13T00:55:49Z</time>
<hdop>3.79</hdop>
</trkpt>
<trkpt lat="36.0319038" lon="127.8769015">
<ele>846.955</ele>
<time>2025-04-13T00:55:54Z</time>
<hdop>3.79</hdop>
</trkpt>
<trkpt lat="36.0318705" lon="127.8769062">
<ele>847.493</ele>
<time>2025-04-13T00:55:59Z</time>
<hdop>3.79</hdop>
</trkpt>
<trkpt lat="36.0318322" lon="127.8769104">
<ele>847.898</ele>
<time>2025-04-13T00:56:04Z</time>
<hdop>3.79</hdop>
</trkpt>
<trkpt lat="36.0317885" lon="127.8769094">
<ele>847.479</ele>
<time>2025-04-13T00:56:09Z</time>
<hdop>3.79</hdop>
</trkpt>
<trkpt lat="36.0317503" lon="127.8769189">
<ele>849.403</ele>
<time>2025-04-13T00:56:14Z</time>
<hdop>3.79</hdop>
</trkpt>
<trkpt lat="36.0317085" lon="127.8769217">
<ele>850.888</ele>
<time>2025-04-13T00:56:19Z</time>
<hdop>3.79</hdop>
</trkpt>
<trkpt lat="36.0316704" lon="127.876919">
<ele>849.0</ele>
<time>2025-04-13T00:56:24Z</time>
<hdop>3.79</hdop>
</trkpt>
<trkpt lat="36.0316335" lon="127.8769439">
<ele>846.289</ele>
<time>2025-04-13T00:56:29Z</time>
<hdop>3.79</hdop>
</trkpt>
<trkpt lat="36.0315969" lon="127.8769824">
<ele>848.119</ele>
<time>2025-04-13T00:56:34Z</time>
<hdop>3.79</hdop>
</trkpt>
<trkpt lat="36.0315648" lon="127.8769951">
<ele>848.44</ele>
<time>2025-04-13T00:56:39Z</time>
<hdop>3.79</hdop>
</trkpt>
<trkpt lat="36.0315464" lon="127.8770329">
<ele>849.382</ele>
<time>2025-04-13T00:56:44Z</time>
<hdop>3.79</hdop>
</trkpt>
<trkpt lat="36.0315217" lon="127.8770606">
<ele>851.609</ele>
<time>2025-04-13T00:56:49Z</time>
<hdop>3.79</hdop>
</trkpt>
<trkpt lat="36.0315018" lon="127.8770854">
<ele>851.487</ele>
<time>2025-04-13T00:56:54Z</time>
<hdop>3.79</hdop>
</trkpt>
<trkpt lat="36.0314756" lon="127.8771085">
<ele>851.73</ele>
<time>2025-04-13T00:56:59Z</time>
<hdop>3.79</hdop>
</trkpt>
<trkpt lat="36.031475" lon="127.8771375">
<ele>852.46</ele>
<time>2025-04-13T00:57:04Z</time>
<hdop>3.79</hdop>
</trkpt>
<trkpt lat="36.031466" lon="127.8771537">
<ele>853.628</ele>
<time>2025-04-13T00:57:09Z</time>
<hdop>3.79</hdop>
</trkpt>
<trkpt lat="36.0314395" lon="127.8771923">
<ele>854.672</ele>
<time>2025-04-13T00:57:14Z</time>
<hdop>3.79</hdop>
</trkpt>
<trkpt lat="36.0314449" lon="127.8772383">
<ele>854.447</ele>
<time>2025-04-13T00:57:19Z</time>
<hdop>3.79</hdop>
</trkpt>
<trkpt lat="36.0314195" lon="127.8772496">
<ele>855.896</ele>
<time>2025-04-13T00:57:24Z</time>
<hdop>3.79</hdop>
</trkpt>
<trkpt lat="36.0313943" lon="127.8772766">
<ele>857.044</ele>
<time>2025-04-13T00:57:29Z</time>
<hdop>3.79</hdop>
</trkpt>
<trkpt lat="36.0313646" lon="127.8773062">
<ele>857.538</ele>
<time>2025-04-13T00:57:34Z</time>
<hdop>3.79</hdop>
</trkpt>
<trkpt lat="36.0313334" lon="127.8773149">
<ele>858.624</ele>
<time>2025-04-13T00:57:39Z</time>
<hdop>3.79</hdop>
</trkpt>
<trkpt lat="36.0313079" lon="127.8773346">
<ele>858.897</ele>
<time>2025-04-13T00:57:44Z</time>
<hdop>3.79</hdop>
</trkpt>
<trkpt lat="36.0312912" lon="127.8773692">
<ele>860.644</ele>
<time>2025-04-13T00:57:49Z</time>
<hdop>3.79</hdop>
</trkpt>
<trkpt lat="36.031263" lon="127.877386">
<ele>861.033</ele>
<time>2025-04-13T00:57:54Z</time>
<hdop>3.79</hdop>
</trkpt>
<trkpt lat="36.0312421" lon="127.8774158">
<ele>862.069</ele>
<time>2025-04-13T00:57:59Z</time>
<hdop>3.79</hdop>
</trkpt>
<trkpt lat="36.031223" lon="127.8774524">
<ele>863.336</ele>
<time>2025-04-13T00:58:04Z</time>
<hdop>3.79</hdop>
</trkpt>
<trkpt lat="36.0312179" lon="127.8774935">
<ele>865.414</ele>
<time>2025-04-13T00:58:09Z</time>
<hdop>3.79</hdop>
</trkpt>
<trkpt lat="36.0312006" lon="127.8775144">
<ele>865.745</ele>
<time>2025-04-13T00:58:14Z</time>
<hdop>3.79</hdop>
</trkpt>
<trkpt lat="36.0311698" lon="127.8775227">
<ele>866.363</ele>
<time>2025-04-13T00:58:19Z</time>
<hdop>3.79</hdop>
</trkpt>
<trkpt lat="36.0311316" lon="127.8775272">
<ele>867.662</ele>
<time>2025-04-13T00:58:24Z</time>
<hdop>3.79</hdop>
</trkpt>
<trkpt lat="36.0311052" lon="127.8775258">
<ele>869.49</ele>
<time>2025-04-13T00:58:29Z</time>
<hdop>3.79</hdop>
</trkpt>
<trkpt lat="36.031075" lon="127.8775241">
<ele>871.682</ele>
<time>2025-04-13T00:58:34Z</time>
<hdop>3.79</hdop>
</trkpt>
<trkpt lat="36.0310426" lon="127.8775165">
<ele>872.865</ele>
<time>2025-04-13T00:58:39Z</time>
<hdop>3.79</hdop>
</trkpt>
<trkpt lat="36.0310092" lon="127.8775054">
<ele>873.44</ele>
<time>2025-04-13T00:58:44Z</time>
<hdop>3.79</hdop>
</trkpt>
<trkpt lat="36.030981" lon="127.8775118">
<ele>874.494</ele>
<time>2025-04-13T00:58:49Z</time>
<hdop>3.79</hdop>
</trkpt>
<trkpt lat="36.0309487" lon="127.8775214">
<ele>874.111</ele>
<time>2025-04-13T00:58:54Z</time>
<hdop>3.79</hdop>
</trkpt>
<trkpt lat="36.0309154" lon="127.8775329">
<ele>874.294</ele>
<time>2025-04-13T00:58:59Z</time>
<hdop>3.79</hdop>
</trkpt>
<trkpt lat="36.0308817" lon="127.8775481">
<ele>874.963</ele>
<time>2025-04-13T00:59:04Z</time>
<hdop>3.79</hdop>
</trkpt>
<trkpt lat="36.0308579" lon="127.8775658">
<ele>875.209</ele>
<time>2025-04-13T00:59:09Z</time>
<hdop>3.79</hdop>
</trkpt>
<trkpt lat="36.0308353" lon="127.8775973">
<ele>876.375</ele>
<time>2025-04-13T00:59:14Z</time>
<hdop>3.79</hdop>
</trkpt>
<trkpt lat="36.0308453" lon="127.8776288">
<ele>876.662</ele>
<time>2025-04-13T00:59:19Z</time>
<hdop>3.79</hdop>
</trkpt>
<trkpt lat="36.0308394" lon="127.8776518">
<ele>877.958</ele>
<time>2025-04-13T00:59:24Z</time>
<hdop>3.79</hdop>
</trkpt>
<trkpt lat="36.0308096" lon="127.877664">
<ele>878.197</ele>
<time>2025-04-13T00:59:29Z</time>
<hdop>3.79</hdop>
</trkpt>
<trkpt lat="36.030791" lon="127.8776876">
<ele>878.278</ele>
<time>2025-04-13T00:59:34Z</time>
<hdop>3.79</hdop>
</trkpt>
<trkpt lat="36.0307847" lon="127.8777097">
<ele>878.991</ele>
<time>2025-04-13T00:59:39Z</time>
<hdop>3.79</hdop>
</trkpt>
<trkpt lat="36.0307752" lon="127.8777327">
<ele>879.476</ele>
<time>2025-04-13T00:59:44Z</time>
<hdop>3.79</hdop>
</trkpt>
<trkpt lat="36.0307669" lon="127.8777646">
<ele>879.77</ele>
<time>2025-04-13T00:59:49Z</time>
<hdop>3.79</hdop>
</trkpt>
<trkpt lat="36.0307583" lon="127.8777882">
<ele>880.838</ele>
<time>2025-04-13T00:59:54Z</time>
<hdop>3.79</hdop>
</trkpt>
<trkpt lat="36.03074" lon="127.877809">
<ele>880.813</ele>
<time>2025-04-13T00:59:59Z</time>
<hdop>3.79</hdop>
</trkpt>
<trkpt lat="36.0307218" lon="127.8778255">
<ele>880.949</ele>
<time>2025-04-13T01:00:04Z</time>
<hdop>3.79</hdop>
</trkpt>
<trkpt lat="36.0307026" lon="127.87784">
<ele>880.657</ele>
<time>2025-04-13T01:00:09Z</time>
<hdop>3.79</hdop>
</trkpt>
<trkpt lat="36.030685" lon="127.8778705">
<ele>880.998</ele>
<time>2025-04-13T01:00:14Z</time>
<hdop>3.79</hdop>
</trkpt>
<trkpt lat="36.0306671" lon="127.8778788">
<ele>882.23</ele>
<time>2025-04-13T01:00:19Z</time>
<hdop>3.79</hdop>
</trkpt>
<trkpt lat="36.0306464" lon="127.8778872">
<ele>881.647</ele>
<time>2025-04-13T01:00:24Z</time>
<hdop>3.79</hdop>
</trkpt>
<trkpt lat="36.0306422" lon="127.8778983">
<ele>881.643</ele>
<time>2025-04-13T01:00:29Z</time>
<hdop>3.79</hdop>
</trkpt>
<trkpt lat="36.0306245" lon="127.877926">
<ele>881.8</ele>
<time>2025-04-13T01:00:34Z</time>
<hdop>3.79</hdop>
</trkpt>
<trkpt lat="36.0306212" lon="127.8779541">
<ele>882.772</ele>
<time>2025-04-13T01:00:39Z</time>
<hdop>3.79</hdop>
</trkpt>
<trkpt lat="36.030617" lon="127.8779754">
<ele>882.966</ele>
<time>2025-04-13T01:00:44Z</time>
<hdop>3.79</hdop>
</trkpt>
<trkpt lat="36.0305975" lon="127.8779946">
<ele>883.599</ele>
<time>2025-04-13T01:00:49Z</time>
<hdop>3.79</hdop>
</trkpt>
<trkpt lat="36.0305858" lon="127.8780228">
<ele>884.787</ele>
<time>2025-04-13T01:00:54Z</time>
<hdop>3.79</hdop>
</trkpt>
<trkpt lat="36.0305768" lon="127.8780546">
<ele>886.138</ele>
<time>2025-04-13T01:00:59Z</time>
<hdop>3.79</hdop>
</trkpt>
<trkpt lat="36.0305671" lon="127.8780884">
<ele>886.102</ele>
<time>2025-04-13T01:01:04Z</time>
<hdop>3.79</hdop>
</trkpt>
<trkpt lat="36.0305631" lon="127.8781276">
<ele>887.279</ele>
<time>2025-04-13T01:01:09Z</time>
<hdop>3.79</hdop>
</trkpt>
<trkpt lat="36.0305584" lon="127.8781626">
<ele>888.916</ele>
<time>2025-04-13T01:01:14Z</time>
<hdop>3.79</hdop>
</trkpt>
<trkpt lat="36.0305505" lon="127.8781941">
<ele>890.145</ele>
<time>2025-04-13T01:01:19Z</time>
<hdop>3.79</hdop>
</trkpt>
<trkpt lat="36.0305486" lon="127.8782258">
<ele>891.142</ele>
<time>2025-04-13T01:01:24Z</time>
<hdop>3.79</hdop>
</trkpt>
<trkpt lat="36.030541" lon="127.8782538">
<ele>891.945</ele>
<time>2025-04-13T01:01:29Z</time>
<hdop>3.79</hdop>
</trkpt>
<trkpt lat="36.0305349" lon="127.8782723">
<ele>893.002</ele>
<time>2025-04-13T01:01:34Z</time>
<hdop>3.79</hdop>
</trkpt>
<trkpt lat="36.0305277" lon="127.8782956">
<ele>892.83</ele>
<time>2025-04-13T01:01:39Z</time>
<hdop>3.79</hdop>
</trkpt>
<trkpt lat="36.0305267" lon="127.8783181">
<ele>894.254</ele>
<time>2025-04-13T01:01:44Z</time>
<hdop>3.79</hdop>
</trkpt>
<trkpt lat="36.0305304" lon="127.8783402">
<ele>894.691</ele>
<time>2025-04-13T01:01:49Z</time>
<hdop>3.79</hdop>
</trkpt>
<trkpt lat="36.0305285" lon="127.8783709">
<ele>897.389</ele>
<time>2025-04-13T01:01:54Z</time>
<hdop>3.79</hdop>
</trkpt>
<trkpt lat="36.0305106" lon="127.8783756">
<ele>895.55</ele>
<time>2025-04-13T01:01:59Z</time>
<hdop>3.79</hdop>
</trkpt>
<trkpt lat="36.0304855" lon="127.8783768">
<ele>894.033</ele>
<time>2025-04-13T01:02:04Z</time>
<hdop>3.79</hdop>
</trkpt>
<trkpt lat="36.0304602" lon="127.8783866">
<ele>893.8</ele>
<time>2025-04-13T01:02:09Z</time>
<hdop>3.79</hdop>
</trkpt>
<trkpt lat="36.0304539" lon="127.8784026">
<ele>894.917</ele>
<time>2025-04-13T01:02:14Z</time>
<hdop>3.79</hdop>
</trkpt>
<trkpt lat="36.0304537" lon="127.8784026">
<ele>895.008</ele>
<time>2025-04-13T01:02:19Z</time>
<hdop>3.79</hdop>
</trkpt>
<trkpt lat="36.0304532" lon="127.8784022">
<ele>895.106</ele>
<time>2025-04-13T01:02:24Z</time>
<hdop>3.79</hdop>
</trkpt>
<trkpt lat="36.0304507" lon="127.878409">
<ele>895.544</ele>
<time>2025-04-13T01:02:29Z</time>
<hdop>3.79</hdop>
</trkpt>
<trkpt lat="36.0304452" lon="127.8784393">
<ele>897.318</ele>
<time>2025-04-13T01:02:34Z</time>
<hdop>3.79</hdop>
</trkpt>
<trkpt lat="36.0304402" lon="127.8784736">
<ele>897.61</ele>
<time>2025-04-13T01:02:39Z</time>
<hdop>3.79</hdop>
</trkpt>
<trkpt lat="36.0304344" lon="127.8785094">
<ele>899.535</ele>
<time>2025-04-13T01:02:44Z</time>
<hdop>3.79</hdop>
</trkpt>
<trkpt lat="36.03043" lon="127.878549">
<ele>899.514</ele>
<time>2025-04-13T01:02:49Z</time>
<hdop>3.79</hdop>
</trkpt>
<trkpt lat="36.0304225" lon="127.8785817">
<ele>900.841</ele>
<time>2025-04-13T01:02:54Z</time>
<hdop>3.79</hdop>
</trkpt>
<trkpt lat="36.030419" lon="127.8786144">
<ele>902.603</ele>
<time>2025-04-13T01:02:59Z</time>
<hdop>3.79</hdop>
</trkpt>
<trkpt lat="36.0304057" lon="127.8786422">
<ele>904.504</ele>
<time>2025-04-13T01:03:04Z</time>
<hdop>3.79</hdop>
</trkpt>
<trkpt lat="36.0303983" lon="127.8786641">
<ele>904.435</ele>
<time>2025-04-13T01:03:09Z</time>
<hdop>3.79</hdop>
</trkpt>
<trkpt lat="36.0303896" lon="127.8786884">
<ele>906.801</ele>
<time>2025-04-13T01:03:14Z</time>
<hdop>3.79</hdop>
</trkpt>
<trkpt lat="36.0303817" lon="127.8787103">
<ele>907.381</ele>
<time>2025-04-13T01:03:19Z</time>
<hdop>3.79</hdop>
</trkpt>
<trkpt lat="36.0303702" lon="127.8787237">
<ele>907.838</ele>
<time>2025-04-13T01:03:24Z</time>
<hdop>3.79</hdop>
</trkpt>
<trkpt lat="36.030347" lon="127.8787214">
<ele>908.928</ele>
<time>2025-04-13T01:03:29Z</time>
<hdop>3.79</hdop>
</trkpt>
<trkpt lat="36.0303378" lon="127.878723">
<ele>909.442</ele>
<time>2025-04-13T01:03:34Z</time>
<hdop>3.79</hdop>
</trkpt>
<trkpt lat="36.0303253" lon="127.8787206">
<ele>909.669</ele>
<time>2025-04-13T01:03:39Z</time>
<hdop>3.79</hdop>
</trkpt>
<trkpt lat="36.0303089" lon="127.8787197">
<ele>910.999</ele>
<time>2025-04-13T01:03:44Z</time>
<hdop>3.79</hdop>
</trkpt>
<trkpt lat="36.0302899" lon="127.8787149">
<ele>910.974</ele>
<time>2025-04-13T01:03:49Z</time>
<hdop>3.79</hdop>
</trkpt>
<trkpt lat="36.0302789" lon="127.8787137">
<ele>909.089</ele>
<time>2025-04-13T01:03:54Z</time>
<hdop>3.79</hdop>
</trkpt>
<trkpt lat="36.0302789" lon="127.8787137">
<ele>908.272</ele>
<time>2025-04-13T01:03:59Z</time>
<hdop>3.79</hdop>
</trkpt>
<trkpt lat="36.0302789" lon="127.8787137">
<ele>907.327</ele>
<time>2025-04-13T01:04:04Z</time>
<hdop>3.79</hdop>
</trkpt>
<trkpt lat="36.0302789" lon="127.8787137">
<ele>907.408</ele>
<time>2025-04-13T01:04:09Z</time>
<hdop>3.79</hdop>
</trkpt>
<trkpt lat="36.0302789" lon="127.8787137">
<ele>908.598</ele>
<time>2025-04-13T01:04:14Z</time>
<hdop>3.79</hdop>
</trkpt>
<trkpt lat="36.0302789" lon="127.8787137">
<ele>908.614</ele>
<time>2025-04-13T01:04:19Z</time>
<hdop>3.79</hdop>
</trkpt>
<trkpt lat="36.0302789" lon="127.8787137">
<ele>908.768</ele>
<time>2025-04-13T01:04:24Z</time>
<hdop>3.79</hdop>
</trkpt>
<trkpt lat="36.0302789" lon="127.8787137">
<ele>908.809</ele>
<time>2025-04-13T01:04:29Z</time>
<hdop>3.79</hdop>
</trkpt>
<trkpt lat="36.0302789" lon="127.8787137">
<ele>908.851</ele>
<time>2025-04-13T01:04:34Z</time>
<hdop>3.79</hdop>
</trkpt>
<trkpt lat="36.0302789" lon="127.8787137">
<ele>908.905</ele>
<time>2025-04-13T01:04:39Z</time>
<hdop>3.79</hdop>
</trkpt>
<trkpt lat="36.0302789" lon="127.8787137">
<ele>909.033</ele>
<time>2025-04-13T01:04:44Z</time>
<hdop>3.79</hdop>
</trkpt>
<trkpt lat="36.0302789" lon="127.8787137">
<ele>909.006</ele>
<time>2025-04-13T01:04:49Z</time>
<hdop>3.79</hdop>
</trkpt>
<trkpt lat="36.0302789" lon="127.8787137">
<ele>909.196</ele>
<time>2025-04-13T01:04:54Z</time>
<hdop>3.79</hdop>
</trkpt>
<trkpt lat="36.0302789" lon="127.8787137">
<ele>909.373</ele>
<time>2025-04-13T01:04:59Z</time>
<hdop>3.79</hdop>
</trkpt>
<trkpt lat="36.0302789" lon="127.8787137">
<ele>908.932</ele>
<time>2025-04-13T01:05:04Z</time>
<hdop>3.79</hdop>
</trkpt>
<trkpt lat="36.0302789" lon="127.8787137">
<ele>908.329</ele>
<time>2025-04-13T01:05:09Z</time>
<hdop>3.79</hdop>
</trkpt>
<trkpt lat="36.0302789" lon="127.8787137">
<ele>907.494</ele>
<time>2025-04-13T01:05:14Z</time>
<hdop>3.79</hdop>
</trkpt>
<trkpt lat="36.0302789" lon="127.8787137">
<ele>907.53</ele>
<time>2025-04-13T01:05:19Z</time>
<hdop>3.79</hdop>
</trkpt>
<trkpt lat="36.0302789" lon="127.8787137">
<ele>907.502</ele>
<time>2025-04-13T01:05:24Z</time>
<hdop>3.79</hdop>
</trkpt>
<trkpt lat="36.0302789" lon="127.8787137">
<ele>908.058</ele>
<time>2025-04-13T01:05:29Z</time>
<hdop>3.79</hdop>
</trkpt>
<trkpt lat="36.0302789" lon="127.8787137">
<ele>908.085</ele>
<time>2025-04-13T01:05:34Z</time>
<hdop>3.79</hdop>
</trkpt>
<trkpt lat="36.0302789" lon="127.8787137">
<ele>908.045</ele>
<time>2025-04-13T01:05:39Z</time>
<hdop>3.79</hdop>
</trkpt>
<trkpt lat="36.0302789" lon="127.8787137">
<ele>908.031</ele>
<time>2025-04-13T01:05:44Z</time>
<hdop>3.79</hdop>
</trkpt>
<trkpt lat="36.0302789" lon="127.8787137">
<ele>908.036</ele>
<time>2025-04-13T01:05:49Z</time>
<hdop>3.79</hdop>
</trkpt>
<trkpt lat="36.0302789" lon="127.8787137">
<ele>907.991</ele>
<time>2025-04-13T01:05:54Z</time>
<hdop>3.79</hdop>
</trkpt>
<trkpt lat="36.0302789" lon="127.8787137">
<ele>906.067</ele>
<time>2025-04-13T01:05:59Z</time>
<hdop>3.79</hdop>
</trkpt>
<trkpt lat="36.0302789" lon="127.8787137">
<ele>905.845</ele>
<time>2025-04-13T01:06:04Z</time>
<hdop>3.79</hdop>
</trkpt>
<trkpt lat="36.0302789" lon="127.8787137">
<ele>905.281</ele>
<time>2025-04-13T01:06:09Z</time>
<hdop>3.79</hdop>
</trkpt>
<trkpt lat="36.0302789" lon="127.8787137">
<ele>905.495</ele>
<time>2025-04-13T01:06:14Z</time>
<hdop>3.79</hdop>
</trkpt>
<trkpt lat="36.0302789" lon="127.8787137">
<ele>905.451</ele>
<time>2025-04-13T01:06:19Z</time>
<hdop>3.79</hdop>
</trkpt>
<trkpt lat="36.0302789" lon="127.8787137">
<ele>905.43</ele>
<time>2025-04-13T01:06:24Z</time>
<hdop>3.79</hdop>
</trkpt>
<trkpt lat="36.0302789" lon="127.8787137">
<ele>905.174</ele>
<time>2025-04-13T01:06:29Z</time>
<hdop>3.79</hdop>
</trkpt>
<trkpt lat="36.0302789" lon="127.8787137">
<ele>905.656</ele>
<time>2025-04-13T01:06:34Z</time>
<hdop>3.79</hdop>
</trkpt>
<trkpt lat="36.0302789" lon="127.8787137">
<ele>905.999</ele>
<time>2025-04-13T01:06:39Z</time>
<hdop>3.79</hdop>
</trkpt>
<trkpt lat="36.0302789" lon="127.8787137">
<ele>906.269</ele>
<time>2025-04-13T01:06:44Z</time>
<hdop>3.79</hdop>
</trkpt>
<trkpt lat="36.0302789" lon="127.8787137">
<ele>906.373</ele>
<time>2025-04-13T01:06:49Z</time>
<hdop>3.79</hdop>
</trkpt>
<trkpt lat="36.0302789" lon="127.8787137">
<ele>906.408</ele>
<time>2025-04-13T01:06:54Z</time>
<hdop>3.79</hdop>
</trkpt>
<trkpt lat="36.0302789" lon="127.8787137">
<ele>907.571</ele>
<time>2025-04-13T01:06:59Z</time>
<hdop>3.79</hdop>
</trkpt>
<trkpt lat="36.0302789" lon="127.8787137">
<ele>907.477</ele>
<time>2025-04-13T01:07:04Z</time>
<hdop>3.79</hdop>
</trkpt>
<trkpt lat="36.0302789" lon="127.8787137">
<ele>907.517</ele>
<time>2025-04-13T01:07:09Z</time>
<hdop>3.79</hdop>
</trkpt>
<trkpt lat="36.0302789" lon="127.8787137">
<ele>906.729</ele>
<time>2025-04-13T01:07:14Z</time>
<hdop>3.79</hdop>
</trkpt>
<trkpt lat="36.0302789" lon="127.8787137">
<ele>906.604</ele>
<time>2025-04-13T01:07:19Z</time>
<hdop>3.79</hdop>
</trkpt>
<trkpt lat="36.0302789" lon="127.8787137">
<ele>906.739</ele>
<time>2025-04-13T01:07:24Z</time>
<hdop>3.79</hdop>
</trkpt>
<trkpt lat="36.0302789" lon="127.8787137">
<ele>906.82</ele>
<time>2025-04-13T01:07:29Z</time>
<hdop>3.79</hdop>
</trkpt>
<trkpt lat="36.030275" lon="127.8786912">
<ele>906.122</ele>
<time>2025-04-13T01:07:34Z</time>
<hdop>3.79</hdop>
</trkpt>
<trkpt lat="36.0302594" lon="127.8786853">
<ele>905.921</ele>
<time>2025-04-13T01:07:39Z</time>
<hdop>3.79</hdop>
</trkpt>
<trkpt lat="36.0302552" lon="127.8786881">
<ele>905.828</ele>
<time>2025-04-13T01:07:44Z</time>
<hdop>3.79</hdop>
</trkpt>
<trkpt lat="36.0302476" lon="127.878697">
<ele>905.781</ele>
<time>2025-04-13T01:07:49Z</time>
<hdop>3.79</hdop>
</trkpt>
<trkpt lat="36.0302425" lon="127.8787018">
<ele>905.682</ele>
<time>2025-04-13T01:07:54Z</time>
<hdop>3.79</hdop>
</trkpt>
<trkpt lat="36.0302176" lon="127.8787452">
<ele>904.364</ele>
<time>2025-04-13T01:07:59Z</time>
<hdop>3.79</hdop>
</trkpt>
<trkpt lat="36.0301892" lon="127.8787828">
<ele>902.984</ele>
<time>2025-04-13T01:08:04Z</time>
<hdop>3.79</hdop>
</trkpt>
<trkpt lat="36.0301382" lon="127.8788147">
<ele>903.899</ele>
<time>2025-04-13T01:08:09Z</time>
<hdop>3.79</hdop>
</trkpt>
<trkpt lat="36.0301243" lon="127.8788688">
<ele>905.107</ele>
<time>2025-04-13T01:08:14Z</time>
<hdop>3.79</hdop>
</trkpt>
<trkpt lat="36.0301078" lon="127.878918">
<ele>904.103</ele>
<time>2025-04-13T01:08:19Z</time>
<hdop>3.79</hdop>
</trkpt>
<trkpt lat="36.0300977" lon="127.878971">
<ele>906.899</ele>
<time>2025-04-13T01:08:24Z</time>
<hdop>3.79</hdop>
</trkpt>
<trkpt lat="36.0300904" lon="127.8790181">
<ele>909.308</ele>
<time>2025-04-13T01:08:29Z</time>
<hdop>3.79</hdop>
</trkpt>
<trkpt lat="36.0300654" lon="127.879053">
<ele>910.02</ele>
<time>2025-04-13T01:08:34Z</time>
<hdop>3.79</hdop>
</trkpt>
<trkpt lat="36.0300524" lon="127.8790972">
<ele>910.094</ele>
<time>2025-04-13T01:08:39Z</time>
<hdop>3.79</hdop>
</trkpt>
<trkpt lat="36.0300476" lon="127.8791451">
<ele>910.909</ele>
<time>2025-04-13T01:08:44Z</time>
<hdop>3.79</hdop>
</trkpt>
<trkpt lat="36.0300319" lon="127.8791968">
<ele>911.769</ele>
<time>2025-04-13T01:08:49Z</time>
<hdop>3.79</hdop>
</trkpt>
<trkpt lat="36.0300055" lon="127.8792467">
<ele>911.132</ele>
<time>2025-04-13T01:08:54Z</time>
<hdop>3.79</hdop>
</trkpt>
<trkpt lat="36.029973" lon="127.8792823">
<ele>912.633</ele>
<time>2025-04-13T01:08:59Z</time>
<hdop>3.79</hdop>
</trkpt>
<trkpt lat="36.0299595" lon="127.8793259">
<ele>913.342</ele>
<time>2025-04-13T01:09:04Z</time>
<hdop>3.79</hdop>
</trkpt>
<trkpt lat="36.0299657" lon="127.8793514">
<ele>913.569</ele>
<time>2025-04-13T01:09:09Z</time>
<hdop>3.79</hdop>
</trkpt>
<trkpt lat="36.0299657" lon="127.8793514">
<ele>912.789</ele>
<time>2025-04-13T01:09:14Z</time>
<hdop>3.79</hdop>
</trkpt>
<trkpt lat="36.0299657" lon="127.8793514">
<ele>911.956</ele>
<time>2025-04-13T01:09:19Z</time>
<hdop>3.79</hdop>
</trkpt>
<trkpt lat="36.0299657" lon="127.8793514">
<ele>911.857</ele>
<time>2025-04-13T01:09:24Z</time>
<hdop>3.79</hdop>
</trkpt>
<trkpt lat="36.0299575" lon="127.8793842">
<ele>911.288</ele>
<time>2025-04-13T01:09:29Z</time>
<hdop>3.79</hdop>
</trkpt>
<trkpt lat="36.0299005" lon="127.8793895">
<ele>913.051</ele>
<time>2025-04-13T01:09:34Z</time>
<hdop>3.79</hdop>
</trkpt>
<trkpt lat="36.0298491" lon="127.8793898">
<ele>915.04</ele>
<time>2025-04-13T01:09:39Z</time>
<hdop>3.79</hdop>
</trkpt>
<trkpt lat="36.0298099" lon="127.8794137">
<ele>915.647</ele>
<time>2025-04-13T01:09:44Z</time>
<hdop>3.79</hdop>
</trkpt>
<trkpt lat="36.0297682" lon="127.8794229">
<ele>917.113</ele>
<time>2025-04-13T01:09:49Z</time>
<hdop>3.79</hdop>
</trkpt>
<trkpt lat="36.0297436" lon="127.8794538">
<ele>917.29</ele>
<time>2025-04-13T01:09:54Z</time>
<hdop>3.79</hdop>
</trkpt>
<trkpt lat="36.029711" lon="127.8794867">
<ele>918.164</ele>
<time>2025-04-13T01:09:59Z</time>
<hdop>3.79</hdop>
</trkpt>
<trkpt lat="36.029676" lon="127.8794941">
<ele>916.707</ele>
<time>2025-04-13T01:10:04Z</time>
<hdop>3.79</hdop>
</trkpt>
<trkpt lat="36.029654" lon="127.8795251">
<ele>915.821</ele>
<time>2025-04-13T01:10:09Z</time>
<hdop>3.79</hdop>
</trkpt>
<trkpt lat="36.0296167" lon="127.8795441">
<ele>916.111</ele>
<time>2025-04-13T01:10:14Z</time>
<hdop>3.79</hdop>
</trkpt>
<trkpt lat="36.0295769" lon="127.8795684">
<ele>917.272</ele>
<time>2025-04-13T01:10:19Z</time>
<hdop>3.79</hdop>
</trkpt>
<trkpt lat="36.0295401" lon="127.8796002">
<ele>918.139</ele>
<time>2025-04-13T01:10:24Z</time>
<hdop>3.79</hdop>
</trkpt>
<trkpt lat="36.0295109" lon="127.8796419">
<ele>918.862</ele>
<time>2025-04-13T01:10:29Z</time>
<hdop>3.79</hdop>
</trkpt>
<trkpt lat="36.0294876" lon="127.8796801">
<ele>919.697</ele>
<time>2025-04-13T01:10:34Z</time>
<hdop>3.79</hdop>
</trkpt>
<trkpt lat="36.0294608" lon="127.8797158">
<ele>920.858</ele>
<time>2025-04-13T01:10:39Z</time>
<hdop>3.79</hdop>
</trkpt>
<trkpt lat="36.0294318" lon="127.8797311">
<ele>919.802</ele>
<time>2025-04-13T01:10:44Z</time>
<hdop>3.79</hdop>
</trkpt>
<trkpt lat="36.0294072" lon="127.8797534">
<ele>918.975</ele>
<time>2025-04-13T01:10:49Z</time>
<hdop>3.79</hdop>
</trkpt>
<trkpt lat="36.0293773" lon="127.8797812">
<ele>919.372</ele>
<time>2025-04-13T01:10:54Z</time>
<hdop>3.79</hdop>
</trkpt>
<trkpt lat="36.0293475" lon="127.8798067">
<ele>920.613</ele>
<time>2025-04-13T01:10:59Z</time>
<hdop>3.79</hdop>
</trkpt>
<trkpt lat="36.0293245" lon="127.879835">
<ele>922.19</ele>
<time>2025-04-13T01:11:04Z</time>
<hdop>3.79</hdop>
</trkpt>
<trkpt lat="36.0293006" lon="127.879865">
<ele>923.286</ele>
<time>2025-04-13T01:11:09Z</time>
<hdop>3.79</hdop>
</trkpt>
<trkpt lat="36.0292908" lon="127.8798948">
<ele>924.515</ele>
<time>2025-04-13T01:11:14Z</time>
<hdop>3.79</hdop>
</trkpt>
<trkpt lat="36.0292729" lon="127.8799236">
<ele>925.918</ele>
<time>2025-04-13T01:11:19Z</time>
<hdop>3.79</hdop>
</trkpt>
<trkpt lat="36.0292522" lon="127.8799338">
<ele>926.022</ele>
<time>2025-04-13T01:11:24Z</time>
<hdop>3.79</hdop>
</trkpt>
<trkpt lat="36.0292328" lon="127.8799574">
<ele>927.423</ele>
<time>2025-04-13T01:11:29Z</time>
<hdop>3.79</hdop>
</trkpt>
<trkpt lat="36.0292156" lon="127.8799853">
<ele>927.761</ele>
<time>2025-04-13T01:11:34Z</time>
<hdop>3.79</hdop>
</trkpt>
<trkpt lat="36.0292004" lon="127.8800154">
<ele>930.549</ele>
<time>2025-04-13T01:11:39Z</time>
<hdop>3.79</hdop>
</trkpt>
<trkpt lat="36.0291834" lon="127.8800362">
<ele>931.738</ele>
<time>2025-04-13T01:11:44Z</time>
<hdop>3.79</hdop>
</trkpt>
<trkpt lat="36.0291638" lon="127.8800703">
<ele>932.217</ele>
<time>2025-04-13T01:11:49Z</time>
<hdop>3.79</hdop>
</trkpt>
<trkpt lat="36.0291336" lon="127.8800849">
<ele>933.098</ele>
<time>2025-04-13T01:11:54Z</time>
<hdop>3.79</hdop>
</trkpt>
<trkpt lat="36.0291029" lon="127.8800967">
<ele>933.408</ele>
<time>2025-04-13T01:11:59Z</time>
<hdop>3.79</hdop>
</trkpt>
<trkpt lat="36.029073" lon="127.8801139">
<ele>934.451</ele>
<time>2025-04-13T01:12:04Z</time>
<hdop>3.79</hdop>
</trkpt>
<trkpt lat="36.0290537" lon="127.8801418">
<ele>935.385</ele>
<time>2025-04-13T01:12:09Z</time>
<hdop>3.79</hdop>
</trkpt>
<trkpt lat="36.0290272" lon="127.8801605">
<ele>935.859</ele>
<time>2025-04-13T01:12:14Z</time>
<hdop>3.79</hdop>
</trkpt>
<trkpt lat="36.0290091" lon="127.8801912">
<ele>936.9</ele>
<time>2025-04-13T01:12:19Z</time>
<hdop>3.79</hdop>
</trkpt>
<trkpt lat="36.0290011" lon="127.8802251">
<ele>937.727</ele>
<time>2025-04-13T01:12:24Z</time>
<hdop>3.79</hdop>
</trkpt>
<trkpt lat="36.0289843" lon="127.8802573">
<ele>937.886</ele>
<time>2025-04-13T01:12:29Z</time>
<hdop>3.79</hdop>
</trkpt>
<trkpt lat="36.0289763" lon="127.8802894">
<ele>937.469</ele>
<time>2025-04-13T01:12:34Z</time>
<hdop>3.79</hdop>
</trkpt>
<trkpt lat="36.0289699" lon="127.8803197">
<ele>938.068</ele>
<time>2025-04-13T01:12:39Z</time>
<hdop>3.79</hdop>
</trkpt>
<trkpt lat="36.0289658" lon="127.8803527">
<ele>939.366</ele>
<time>2025-04-13T01:12:44Z</time>
<hdop>3.79</hdop>
</trkpt>
<trkpt lat="36.0289644" lon="127.8803835">
<ele>941.223</ele>
<time>2025-04-13T01:12:49Z</time>
<hdop>3.79</hdop>
</trkpt>
<trkpt lat="36.0289431" lon="127.880406">
<ele>941.677</ele>
<time>2025-04-13T01:12:54Z</time>
<hdop>3.79</hdop>
</trkpt>
<trkpt lat="36.0289314" lon="127.8804294">
<ele>942.486</ele>
<time>2025-04-13T01:12:59Z</time>
<hdop>3.79</hdop>
</trkpt>
<trkpt lat="36.0289088" lon="127.8804463">
<ele>942.514</ele>
<time>2025-04-13T01:13:04Z</time>
<hdop>3.79</hdop>
</trkpt>
<trkpt lat="36.0288909" lon="127.8804617">
<ele>943.422</ele>
<time>2025-04-13T01:13:09Z</time>
<hdop>3.79</hdop>
</trkpt>
<trkpt lat="36.0288791" lon="127.8804843">
<ele>944.403</ele>
<time>2025-04-13T01:13:14Z</time>
<hdop>3.79</hdop>
</trkpt>
<trkpt lat="36.0288755" lon="127.8805138">
<ele>944.946</ele>
<time>2025-04-13T01:13:19Z</time>
<hdop>3.79</hdop>
</trkpt>
<trkpt lat="36.0288684" lon="127.8805351">
<ele>944.744</ele>
<time>2025-04-13T01:13:24Z</time>
<hdop>3.79</hdop>
</trkpt>
<trkpt lat="36.0288586" lon="127.8805584">
<ele>946.453</ele>
<time>2025-04-13T01:13:29Z</time>
<hdop>3.79</hdop>
</trkpt>
<trkpt lat="36.0288547" lon="127.880591">
<ele>947.195</ele>
<time>2025-04-13T01:13:34Z</time>
<hdop>3.79</hdop>
</trkpt>
<trkpt lat="36.0288454" lon="127.8806123">
<ele>945.351</ele>
<time>2025-04-13T01:13:39Z</time>
<hdop>3.79</hdop>
</trkpt>
<trkpt lat="36.0288348" lon="127.8806387">
<ele>945.486</ele>
<time>2025-04-13T01:13:44Z</time>
<hdop>3.79</hdop>
</trkpt>
<trkpt lat="36.0288252" lon="127.8806557">
<ele>945.911</ele>
<time>2025-04-13T01:13:49Z</time>
<hdop>3.79</hdop>
</trkpt>
<trkpt lat="36.0288088" lon="127.8806751">
<ele>944.896</ele>
<time>2025-04-13T01:13:54Z</time>
<hdop>3.79</hdop>
</trkpt>
<trkpt lat="36.0287969" lon="127.8807012">
<ele>945.473</ele>
<time>2025-04-13T01:13:59Z</time>
<hdop>3.79</hdop>
</trkpt>
<trkpt lat="36.0287819" lon="127.8807302">
<ele>947.321</ele>
<time>2025-04-13T01:14:04Z</time>
<hdop>3.79</hdop>
</trkpt>
<trkpt lat="36.0287642" lon="127.8807592">
<ele>947.932</ele>
<time>2025-04-13T01:14:09Z</time>
<hdop>3.79</hdop>
</trkpt>
<trkpt lat="36.0287544" lon="127.8807809">
<ele>949.215</ele>
<time>2025-04-13T01:14:14Z</time>
<hdop>3.79</hdop>
</trkpt>
<trkpt lat="36.0287543" lon="127.8808154">
<ele>950.119</ele>
<time>2025-04-13T01:14:19Z</time>
<hdop>3.79</hdop>
</trkpt>
<trkpt lat="36.0287625" lon="127.8808496">
<ele>949.837</ele>
<time>2025-04-13T01:14:24Z</time>
<hdop>3.79</hdop>
</trkpt>
<trkpt lat="36.0287708" lon="127.8808813">
<ele>948.091</ele>
<time>2025-04-13T01:14:29Z</time>
<hdop>3.79</hdop>
</trkpt>
<trkpt lat="36.02877" lon="127.8809077">
<ele>948.325</ele>
<time>2025-04-13T01:14:34Z</time>
<hdop>3.79</hdop>
</trkpt>
<trkpt lat="36.02877" lon="127.8809342">
<ele>949.055</ele>
<time>2025-04-13T01:14:39Z</time>
<hdop>3.79</hdop>
</trkpt>
<trkpt lat="36.0287675" lon="127.8809656">
<ele>950.738</ele>
<time>2025-04-13T01:14:44Z</time>
<hdop>3.79</hdop>
</trkpt>
<trkpt lat="36.0287645" lon="127.8809973">
<ele>951.217</ele>
<time>2025-04-13T01:14:49Z</time>
<hdop>3.79</hdop>
</trkpt>
<trkpt lat="36.0287635" lon="127.8810316">
<ele>952.859</ele>
<time>2025-04-13T01:14:54Z</time>
<hdop>3.79</hdop>
</trkpt>
<trkpt lat="36.0287648" lon="127.8810579">
<ele>952.191</ele>
<time>2025-04-13T01:14:59Z</time>
<hdop>3.79</hdop>
</trkpt>
<trkpt lat="36.0287561" lon="127.8810832">
<ele>953.298</ele>
<time>2025-04-13T01:15:04Z</time>
<hdop>3.79</hdop>
</trkpt>
<trkpt lat="36.028747" lon="127.8811087">
<ele>954.906</ele>
<time>2025-04-13T01:15:09Z</time>
<hdop>3.79</hdop>
</trkpt>
<trkpt lat="36.0287399" lon="127.8811409">
<ele>956.303</ele>
<time>2025-04-13T01:15:14Z</time>
<hdop>3.79</hdop>
</trkpt>
<trkpt lat="36.0287311" lon="127.8811679">
<ele>957.673</ele>
<time>2025-04-13T01:15:19Z</time>
<hdop>3.79</hdop>
</trkpt>
<trkpt lat="36.0287298" lon="127.8811896">
<ele>957.691</ele>
<time>2025-04-13T01:15:24Z</time>
<hdop>3.79</hdop>
</trkpt>
<trkpt lat="36.0287255" lon="127.8812128">
<ele>958.68</ele>
<time>2025-04-13T01:15:29Z</time>
<hdop>3.79</hdop>
</trkpt>
<trkpt lat="36.0287169" lon="127.8812417">
<ele>958.732</ele>
<time>2025-04-13T01:15:34Z</time>
<hdop>3.79</hdop>
</trkpt>
<trkpt lat="36.0287045" lon="127.8812637">
<ele>960.466</ele>
<time>2025-04-13T01:15:39Z</time>
<hdop>3.79</hdop>
</trkpt>
<trkpt lat="36.0286818" lon="127.8812707">
<ele>962.42</ele>
<time>2025-04-13T01:15:44Z</time>
<hdop>3.79</hdop>
</trkpt>
<trkpt lat="36.0286789" lon="127.8812694">
<ele>962.136</ele>
<time>2025-04-13T01:15:49Z</time>
<hdop>3.79</hdop>
</trkpt>
<trkpt lat="36.0286789" lon="127.8812694">
<ele>961.953</ele>
<time>2025-04-13T01:15:54Z</time>
<hdop>3.79</hdop>
</trkpt>
<trkpt lat="36.0286783" lon="127.8812772">
<ele>962.15</ele>
<time>2025-04-13T01:15:59Z</time>
<hdop>3.79</hdop>
</trkpt>
<trkpt lat="36.0286588" lon="127.8812906">
<ele>961.335</ele>
<time>2025-04-13T01:16:04Z</time>
<hdop>3.79</hdop>
</trkpt>
<trkpt lat="36.0286483" lon="127.8813233">
<ele>961.557</ele>
<time>2025-04-13T01:16:09Z</time>
<hdop>3.79</hdop>
</trkpt>
<trkpt lat="36.0286362" lon="127.8813598">
<ele>961.14</ele>
<time>2025-04-13T01:16:14Z</time>
<hdop>3.79</hdop>
</trkpt>
<trkpt lat="36.0286326" lon="127.8813939">
<ele>962.289</ele>
<time>2025-04-13T01:16:19Z</time>
<hdop>3.79</hdop>
</trkpt>
<trkpt lat="36.0286134" lon="127.8814276">
<ele>965.338</ele>
<time>2025-04-13T01:16:24Z</time>
<hdop>3.79</hdop>
</trkpt>
<trkpt lat="36.0286032" lon="127.8814599">
<ele>965.091</ele>
<time>2025-04-13T01:16:29Z</time>
<hdop>3.79</hdop>
</trkpt>
<trkpt lat="36.0285862" lon="127.8814817">
<ele>965.354</ele>
<time>2025-04-13T01:16:34Z</time>
<hdop>3.79</hdop>
</trkpt>
<trkpt lat="36.0285661" lon="127.8814991">
<ele>964.851</ele>
<time>2025-04-13T01:16:39Z</time>
<hdop>3.79</hdop>
</trkpt>
<trkpt lat="36.0285513" lon="127.8815279">
<ele>965.379</ele>
<time>2025-04-13T01:16:44Z</time>
<hdop>3.79</hdop>
</trkpt>
<trkpt lat="36.0285255" lon="127.8815427">
<ele>965.418</ele>
<time>2025-04-13T01:16:49Z</time>
<hdop>3.79</hdop>
</trkpt>
<trkpt lat="36.0285104" lon="127.8815557">
<ele>965.759</ele>
<time>2025-04-13T01:16:54Z</time>
<hdop>3.79</hdop>
</trkpt>
<trkpt lat="36.0284917" lon="127.8815733">
<ele>966.661</ele>
<time>2025-04-13T01:16:59Z</time>
<hdop>3.79</hdop>
</trkpt>
<trkpt lat="36.02846" lon="127.8815771">
<ele>967.826</ele>
<time>2025-04-13T01:17:04Z</time>
<hdop>3.79</hdop>
</trkpt>
<trkpt lat="36.028439" lon="127.8815877">
<ele>968.17</ele>
<time>2025-04-13T01:17:09Z</time>
<hdop>3.79</hdop>
</trkpt>
<trkpt lat="36.0284255" lon="127.8816182">
<ele>968.916</ele>
<time>2025-04-13T01:17:14Z</time>
<hdop>3.79</hdop>
</trkpt>
<trkpt lat="36.0284221" lon="127.8816388">
<ele>969.643</ele>
<time>2025-04-13T01:17:19Z</time>
<hdop>3.79</hdop>
</trkpt>
<trkpt lat="36.0284108" lon="127.8816673">
<ele>970.875</ele>
<time>2025-04-13T01:17:24Z</time>
<hdop>3.79</hdop>
</trkpt>
<trkpt lat="36.0283978" lon="127.8816905">
<ele>971.799</ele>
<time>2025-04-13T01:17:29Z</time>
<hdop>3.79</hdop>
</trkpt>
<trkpt lat="36.0283841" lon="127.8817004">
<ele>972.867</ele>
<time>2025-04-13T01:17:34Z</time>
<hdop>3.79</hdop>
</trkpt>
<trkpt lat="36.0283781" lon="127.8817171">
<ele>973.466</ele>
<time>2025-04-13T01:17:39Z</time>
<hdop>3.79</hdop>
</trkpt>
<trkpt lat="36.0283679" lon="127.8817232">
<ele>972.585</ele>
<time>2025-04-13T01:17:44Z</time>
<hdop>3.79</hdop>
</trkpt>
<trkpt lat="36.0283597" lon="127.8817494">
<ele>973.142</ele>
<time>2025-04-13T01:17:49Z</time>
<hdop>3.79</hdop>
</trkpt>
<trkpt lat="36.0283509" lon="127.8817629">
<ele>973.254</ele>
<time>2025-04-13T01:17:54Z</time>
<hdop>3.79</hdop>
</trkpt>
<trkpt lat="36.0283422" lon="127.8817788">
<ele>974.429</ele>
<time>2025-04-13T01:17:59Z</time>
<hdop>3.79</hdop>
</trkpt>
<trkpt lat="36.0283296" lon="127.881804">
<ele>975.462</ele>
<time>2025-04-13T01:18:04Z</time>
<hdop>3.79</hdop>
</trkpt>
<trkpt lat="36.028324" lon="127.8818189">
<ele>976.089</ele>
<time>2025-04-13T01:18:09Z</time>
<hdop>3.79</hdop>
</trkpt>
<trkpt lat="36.028308" lon="127.881833">
<ele>977.144</ele>
<time>2025-04-13T01:18:14Z</time>
<hdop>3.79</hdop>
</trkpt>
<trkpt lat="36.0282992" lon="127.8818491">
<ele>977.348</ele>
<time>2025-04-13T01:18:19Z</time>
<hdop>3.79</hdop>
</trkpt>
<trkpt lat="36.0282844" lon="127.8818603">
<ele>976.817</ele>
<time>2025-04-13T01:18:24Z</time>
<hdop>3.79</hdop>
</trkpt>
<trkpt lat="36.028264" lon="127.8818723">
<ele>976.341</ele>
<time>2025-04-13T01:18:29Z</time>
<hdop>3.79</hdop>
</trkpt>
<trkpt lat="36.0282494" lon="127.8818892">
<ele>976.873</ele>
<time>2025-04-13T01:18:34Z</time>
<hdop>3.79</hdop>
</trkpt>
<trkpt lat="36.0282279" lon="127.8819108">
<ele>976.812</ele>
<time>2025-04-13T01:18:39Z</time>
<hdop>3.79</hdop>
</trkpt>
<trkpt lat="36.0282046" lon="127.8819236">
<ele>977.883</ele>
<time>2025-04-13T01:18:44Z</time>
<hdop>3.79</hdop>
</trkpt>
<trkpt lat="36.0281771" lon="127.8819367">
<ele>978.061</ele>
<time>2025-04-13T01:18:49Z</time>
<hdop>3.79</hdop>
</trkpt>
<trkpt lat="36.028153" lon="127.8819532">
<ele>978.37</ele>
<time>2025-04-13T01:18:54Z</time>
<hdop>3.79</hdop>
</trkpt>
<trkpt lat="36.0281331" lon="127.8819838">
<ele>979.197</ele>
<time>2025-04-13T01:18:59Z</time>
<hdop>3.79</hdop>
</trkpt>
<trkpt lat="36.0281" lon="127.8819927">
<ele>979.893</ele>
<time>2025-04-13T01:19:04Z</time>
<hdop>3.79</hdop>
</trkpt>
<trkpt lat="36.0280725" lon="127.8820048">
<ele>980.081</ele>
<time>2025-04-13T01:19:09Z</time>
<hdop>3.79</hdop>
</trkpt>
<trkpt lat="36.0280436" lon="127.8820028">
<ele>980.433</ele>
<time>2025-04-13T01:19:14Z</time>
<hdop>3.79</hdop>
</trkpt>
<trkpt lat="36.0280166" lon="127.882014">
<ele>980.942</ele>
<time>2025-04-13T01:19:19Z</time>
<hdop>3.79</hdop>
</trkpt>
<trkpt lat="36.0279863" lon="127.882024">
<ele>980.969</ele>
<time>2025-04-13T01:19:24Z</time>
<hdop>3.79</hdop>
</trkpt>
<trkpt lat="36.0279524" lon="127.8820242">
<ele>982.168</ele>
<time>2025-04-13T01:19:29Z</time>
<hdop>3.79</hdop>
</trkpt>
<trkpt lat="36.0279209" lon="127.8820233">
<ele>981.771</ele>
<time>2025-04-13T01:19:34Z</time>
<hdop>3.79</hdop>
</trkpt>
<trkpt lat="36.0278907" lon="127.882025">
<ele>982.929</ele>
<time>2025-04-13T01:19:39Z</time>
<hdop>3.79</hdop>
</trkpt>
<trkpt lat="36.0278631" lon="127.8820263">
<ele>984.137</ele>
<time>2025-04-13T01:19:44Z</time>
<hdop>3.79</hdop>
</trkpt>
<trkpt lat="36.0278384" lon="127.8820315">
<ele>984.95</ele>
<time>2025-04-13T01:19:49Z</time>
<hdop>3.79</hdop>
</trkpt>
<trkpt lat="36.0278146" lon="127.8820413">
<ele>986.309</ele>
<time>2025-04-13T01:19:54Z</time>
<hdop>3.79</hdop>
</trkpt>
<trkpt lat="36.0277936" lon="127.8820479">
<ele>986.812</ele>
<time>2025-04-13T01:19:59Z</time>
<hdop>3.79</hdop>
</trkpt>
<trkpt lat="36.0277741" lon="127.8820644">
<ele>988.463</ele>
<time>2025-04-13T01:20:04Z</time>
<hdop>3.79</hdop>
</trkpt>
<trkpt lat="36.0277616" lon="127.8820847">
<ele>989.924</ele>
<time>2025-04-13T01:20:09Z</time>
<hdop>3.79</hdop>
</trkpt>
<trkpt lat="36.0277381" lon="127.8821001">
<ele>991.131</ele>
<time>2025-04-13T01:20:14Z</time>
<hdop>3.79</hdop>
</trkpt>
<trkpt lat="36.0277179" lon="127.8821085">
<ele>991.56</ele>
<time>2025-04-13T01:20:19Z</time>
<hdop>3.79</hdop>
</trkpt>
<trkpt lat="36.0276937" lon="127.8821055">
<ele>993.262</ele>
<time>2025-04-13T01:20:24Z</time>
<hdop>3.79</hdop>
</trkpt>
<trkpt lat="36.0276752" lon="127.8821018">
<ele>994.458</ele>
<time>2025-04-13T01:20:29Z</time>
<hdop>3.79</hdop>
</trkpt>
<trkpt lat="36.0276481" lon="127.882095">
<ele>995.777</ele>
<time>2025-04-13T01:20:34Z</time>
<hdop>3.79</hdop>
</trkpt>
<trkpt lat="36.0276246" lon="127.8820913">
<ele>996.894</ele>
<time>2025-04-13T01:20:39Z</time>
<hdop>3.79</hdop>
</trkpt>
<trkpt lat="36.0276005" lon="127.8820922">
<ele>997.1</ele>
<time>2025-04-13T01:20:44Z</time>
<hdop>3.79</hdop>
</trkpt>
<trkpt lat="36.0275755" lon="127.8820873">
<ele>997.297</ele>
<time>2025-04-13T01:20:49Z</time>
<hdop>3.79</hdop>
</trkpt>
<trkpt lat="36.0275487" lon="127.8820855">
<ele>996.522</ele>
<time>2025-04-13T01:20:54Z</time>
<hdop>3.79</hdop>
</trkpt>
<trkpt lat="36.0275189" lon="127.8820828">
<ele>996.915</ele>
<time>2025-04-13T01:20:59Z</time>
<hdop>3.79</hdop>
</trkpt>
<trkpt lat="36.0274974" lon="127.8820895">
<ele>997.285</ele>
<time>2025-04-13T01:21:04Z</time>
<hdop>3.79</hdop>
</trkpt>
<trkpt lat="36.0274829" lon="127.8820828">
<ele>996.553</ele>
<time>2025-04-13T01:21:09Z</time>
<hdop>3.79</hdop>
</trkpt>
<trkpt lat="36.0274567" lon="127.8820754">
<ele>996.028</ele>
<time>2025-04-13T01:21:14Z</time>
<hdop>3.79</hdop>
</trkpt>
<trkpt lat="36.0274501" lon="127.8820791">
<ele>995.971</ele>
<time>2025-04-13T01:21:15Z</time>
<hdop>3.79</hdop>
</trkpt>
<trkpt lat="36.0273877" lon="127.8821161">
<ele>998.977</ele>
<time>2025-04-13T01:21:25Z</time>
<hdop>3.79</hdop>
</trkpt>
<trkpt lat="36.0273754" lon="127.882154">
<ele>999.217</ele>
<time>2025-04-13T01:21:30Z</time>
<hdop>3.79</hdop>
</trkpt>
<trkpt lat="36.027353" lon="127.8821729">
<ele>998.815</ele>
<time>2025-04-13T01:21:35Z</time>
<hdop>3.79</hdop>
</trkpt>
<trkpt lat="36.0273204" lon="127.8821834">
<ele>999.644</ele>
<time>2025-04-13T01:21:40Z</time>
<hdop>3.79</hdop>
</trkpt>
<trkpt lat="36.0272939" lon="127.8822029">
<ele>1000.181</ele>
<time>2025-04-13T01:21:45Z</time>
<hdop>3.79</hdop>
</trkpt>
<trkpt lat="36.0272661" lon="127.8822158">
<ele>1000.757</ele>
<time>2025-04-13T01:21:50Z</time>
<hdop>3.79</hdop>
</trkpt>
<trkpt lat="36.0272397" lon="127.8822184">
<ele>1001.406</ele>
<time>2025-04-13T01:21:55Z</time>
<hdop>3.79</hdop>
</trkpt>
<trkpt lat="36.0272066" lon="127.8822217">
<ele>1001.213</ele>
<time>2025-04-13T01:22:00Z</time>
<hdop>3.79</hdop>
</trkpt>
<trkpt lat="36.0271652" lon="127.8822248">
<ele>1001.403</ele>
<time>2025-04-13T01:22:05Z</time>
<hdop>3.79</hdop>
</trkpt>
<trkpt lat="36.0271225" lon="127.8822283">
<ele>1002.174</ele>
<time>2025-04-13T01:22:10Z</time>
<hdop>3.79</hdop>
</trkpt>
<trkpt lat="36.0270792" lon="127.8822293">
<ele>1003.776</ele>
<time>2025-04-13T01:22:15Z</time>
<hdop>3.79</hdop>
</trkpt>
<trkpt lat="36.027078" lon="127.8822338">
<ele>1003.754</ele>
<time>2025-04-13T01:22:20Z</time>
<hdop>3.79</hdop>
</trkpt>
<trkpt lat="36.027032" lon="127.882236">
<ele>1005.005</ele>
<time>2025-04-13T01:22:25Z</time>
<hdop>3.79</hdop>
</trkpt>
<trkpt lat="36.0269723" lon="127.8822399">
<ele>1006.723</ele>
<time>2025-04-13T01:22:30Z</time>
<hdop>3.79</hdop>
</trkpt>
<trkpt lat="36.0269255" lon="127.88224">
<ele>1008.785</ele>
<time>2025-04-13T01:22:35Z</time>
<hdop>3.79</hdop>
</trkpt>
<trkpt lat="36.0268842" lon="127.8822551">
<ele>1009.997</ele>
<time>2025-04-13T01:22:40Z</time>
<hdop>3.79</hdop>
</trkpt>
<trkpt lat="36.0268393" lon="127.8822455">
<ele>1010.929</ele>
<time>2025-04-13T01:22:45Z</time>
<hdop>3.79</hdop>
</trkpt>
<trkpt lat="36.0267991" lon="127.8822394">
<ele>1011.719</ele>
<time>2025-04-13T01:22:50Z</time>
<hdop>3.79</hdop>
</trkpt>
<trkpt lat="36.0267582" lon="127.8822588">
<ele>1012.591</ele>
<time>2025-04-13T01:22:55Z</time>
<hdop>3.79</hdop>
</trkpt>
<trkpt lat="36.0267193" lon="127.8822762">
<ele>1012.503</ele>
<time>2025-04-13T01:23:00Z</time>
<hdop>3.79</hdop>
</trkpt>
<trkpt lat="36.0266892" lon="127.8823001">
<ele>1012.496</ele>
<time>2025-04-13T01:23:05Z</time>
<hdop>3.79</hdop>
</trkpt>
<trkpt lat="36.0266541" lon="127.882315">
<ele>1012.905</ele>
<time>2025-04-13T01:23:10Z</time>
<hdop>3.79</hdop>
</trkpt>
<trkpt lat="36.0266293" lon="127.8823175">
<ele>1013.933</ele>
<time>2025-04-13T01:23:15Z</time>
<hdop>3.79</hdop>
</trkpt>
<trkpt lat="36.02662" lon="127.8823045">
<ele>1011.762</ele>
<time>2025-04-13T01:23:20Z</time>
<hdop>3.79</hdop>
</trkpt>
<trkpt lat="36.0266013" lon="127.8823083">
<ele>1012.879</ele>
<time>2025-04-13T01:23:25Z</time>
<hdop>3.79</hdop>
</trkpt>
<trkpt lat="36.0265881" lon="127.8823432">
<ele>1011.272</ele>
<time>2025-04-13T01:23:30Z</time>
<hdop>3.79</hdop>
</trkpt>
<trkpt lat="36.0265881" lon="127.8823432">
<ele>1011.02</ele>
<time>2025-04-13T01:23:35Z</time>
<hdop>3.79</hdop>
</trkpt>
<trkpt lat="36.0265881" lon="127.8823432">
<ele>1011.156</ele>
<time>2025-04-13T01:23:40Z</time>
<hdop>3.79</hdop>
</trkpt>
<trkpt lat="36.0265881" lon="127.8823432">
<ele>1010.331</ele>
<time>2025-04-13T01:23:45Z</time>
<hdop>3.79</hdop>
</trkpt>
<trkpt lat="36.0265881" lon="127.8823432">
<ele>1010.156</ele>
<time>2025-04-13T01:23:50Z</time>
<hdop>3.79</hdop>
</trkpt>
<trkpt lat="36.0265881" lon="127.8823432">
<ele>1010.394</ele>
<time>2025-04-13T01:23:55Z</time>
<hdop>3.79</hdop>
</trkpt>
<trkpt lat="36.0265881" lon="127.8823432">
<ele>1009.713</ele>
<time>2025-04-13T01:24:00Z</time>
<hdop>3.79</hdop>
</trkpt>
<trkpt lat="36.0265881" lon="127.8823432">
<ele>1009.607</ele>
<time>2025-04-13T01:24:05Z</time>
<hdop>3.79</hdop>
</trkpt>
<trkpt lat="36.0265881" lon="127.8823432">
<ele>1009.77</ele>
<time>2025-04-13T01:24:10Z</time>
<hdop>3.79</hdop>
</trkpt>
<trkpt lat="36.0265881" lon="127.8823432">
<ele>1009.272</ele>
<time>2025-04-13T01:24:15Z</time>
<hdop>3.79</hdop>
</trkpt>
<trkpt lat="36.0265881" lon="127.8823432">
<ele>1009.279</ele>
<time>2025-04-13T01:24:20Z</time>
<hdop>3.79</hdop>
</trkpt>
<trkpt lat="36.0265881" lon="127.8823432">
<ele>1009.301</ele>
<time>2025-04-13T01:24:25Z</time>
<hdop>3.79</hdop>
</trkpt>
<trkpt lat="36.0265881" lon="127.8823432">
<ele>1008.939</ele>
<time>2025-04-13T01:24:30Z</time>
<hdop>3.79</hdop>
</trkpt>
<trkpt lat="36.0265881" lon="127.8823432">
<ele>1009.138</ele>
<time>2025-04-13T01:24:35Z</time>
<hdop>3.79</hdop>
</trkpt>
<trkpt lat="36.0265881" lon="127.8823432">
<ele>1009.198</ele>
<time>2025-04-13T01:24:40Z</time>
<hdop>3.79</hdop>
</trkpt>
<trkpt lat="36.0265942" lon="127.8822748">
<ele>1009.243</ele>
<time>2025-04-13T01:24:45Z</time>
<hdop>3.79</hdop>
</trkpt>
<trkpt lat="36.0265644" lon="127.8822358">
<ele>1010.219</ele>
<time>2025-04-13T01:24:50Z</time>
<hdop>3.79</hdop>
</trkpt>
<trkpt lat="36.0265403" lon="127.8822045">
<ele>1011.048</ele>
<time>2025-04-13T01:24:55Z</time>
<hdop>3.79</hdop>
</trkpt>
<trkpt lat="36.0265223" lon="127.8821688">
<ele>1011.064</ele>
<time>2025-04-13T01:25:00Z</time>
<hdop>3.79</hdop>
</trkpt>
<trkpt lat="36.0265041" lon="127.8821311">
<ele>1011.796</ele>
<time>2025-04-13T01:25:05Z</time>
<hdop>3.79</hdop>
</trkpt>
<trkpt lat="36.0264913" lon="127.8820994">
<ele>1013.384</ele>
<time>2025-04-13T01:25:10Z</time>
<hdop>3.79</hdop>
</trkpt>
<trkpt lat="36.0264925" lon="127.8820637">
<ele>1014.686</ele>
<time>2025-04-13T01:25:15Z</time>
<hdop>3.79</hdop>
</trkpt>
<trkpt lat="36.0264805" lon="127.8820315">
<ele>1015.664</ele>
<time>2025-04-13T01:25:20Z</time>
<hdop>3.79</hdop>
</trkpt>
<trkpt lat="36.0264731" lon="127.8819999">
<ele>1016.956</ele>
<time>2025-04-13T01:25:25Z</time>
<hdop>3.79</hdop>
</trkpt>
<trkpt lat="36.0264655" lon="127.8819663">
<ele>1017.811</ele>
<time>2025-04-13T01:25:30Z</time>
<hdop>3.79</hdop>
</trkpt>
<trkpt lat="36.0264535" lon="127.8819347">
<ele>1019.392</ele>
<time>2025-04-13T01:25:35Z</time>
<hdop>3.79</hdop>
</trkpt>
<trkpt lat="36.0264433" lon="127.8819064">
<ele>1021.032</ele>
<time>2025-04-13T01:25:40Z</time>
<hdop>3.79</hdop>
</trkpt>
<trkpt lat="36.026439" lon="127.8818834">
<ele>1021.142</ele>
<time>2025-04-13T01:25:45Z</time>
<hdop>3.79</hdop>
</trkpt>
<trkpt lat="36.0264313" lon="127.8818592">
<ele>1021.543</ele>
<time>2025-04-13T01:25:50Z</time>
<hdop>3.79</hdop>
</trkpt>
<trkpt lat="36.0264214" lon="127.8818409">
<ele>1022.596</ele>
<time>2025-04-13T01:25:55Z</time>
<hdop>3.79</hdop>
</trkpt>
<trkpt lat="36.0264092" lon="127.8818114">
<ele>1024.086</ele>
<time>2025-04-13T01:26:00Z</time>
<hdop>3.79</hdop>
</trkpt>
<trkpt lat="36.0264042" lon="127.8817932">
<ele>1024.93</ele>
<time>2025-04-13T01:26:05Z</time>
<hdop>3.79</hdop>
</trkpt>
<trkpt lat="36.0264029" lon="127.8817725">
<ele>1025.863</ele>
<time>2025-04-13T01:26:10Z</time>
<hdop>3.79</hdop>
</trkpt>
<trkpt lat="36.0264031" lon="127.8817714">
<ele>1025.971</ele>
<time>2025-04-13T01:26:15Z</time>
<hdop>3.79</hdop>
</trkpt>
<trkpt lat="36.0264044" lon="127.8817705">
<ele>1026.119</ele>
<time>2025-04-13T01:26:20Z</time>
<hdop>3.79</hdop>
</trkpt>
<trkpt lat="36.0264065" lon="127.8817491">
<ele>1027.399</ele>
<time>2025-04-13T01:26:25Z</time>
<hdop>3.79</hdop>
</trkpt>
<trkpt lat="36.0263994" lon="127.881726">
<ele>1028.06</ele>
<time>2025-04-13T01:26:30Z</time>
<hdop>3.79</hdop>
</trkpt>
<trkpt lat="36.0263894" lon="127.8817071">
<ele>1028.908</ele>
<time>2025-04-13T01:26:35Z</time>
<hdop>3.79</hdop>
</trkpt>
<trkpt lat="36.0263839" lon="127.8816889">
<ele>1029.677</ele>
<time>2025-04-13T01:26:40Z</time>
<hdop>3.79</hdop>
</trkpt>
<trkpt lat="36.0263847" lon="127.8816739">
<ele>1030.961</ele>
<time>2025-04-13T01:26:45Z</time>
<hdop>3.79</hdop>
</trkpt>
<trkpt lat="36.0263995" lon="127.881669">
<ele>1028.346</ele>
<time>2025-04-13T01:26:50Z</time>
<hdop>3.79</hdop>
</trkpt>
<trkpt lat="36.0263995" lon="127.881669">
<ele>1028.782</ele>
<time>2025-04-13T01:26:55Z</time>
<hdop>3.79</hdop>
</trkpt>
<trkpt lat="36.0263995" lon="127.881669">
<ele>1028.926</ele>
<time>2025-04-13T01:27:00Z</time>
<hdop>3.79</hdop>
</trkpt>
<trkpt lat="36.0264083" lon="127.8816451">
<ele>1030.42</ele>
<time>2025-04-13T01:27:05Z</time>
<hdop>3.79</hdop>
</trkpt>
<trkpt lat="36.0264122" lon="127.881628">
<ele>1031.664</ele>
<time>2025-04-13T01:27:10Z</time>
<hdop>3.79</hdop>
</trkpt>
<trkpt lat="36.0264046" lon="127.8816151">
<ele>1032.391</ele>
<time>2025-04-13T01:27:15Z</time>
<hdop>3.79</hdop>
</trkpt>
<trkpt lat="36.0264195" lon="127.8815958">
<ele>1032.471</ele>
<time>2025-04-13T01:27:20Z</time>
<hdop>3.79</hdop>
</trkpt>
<trkpt lat="36.0264215" lon="127.8815626">
<ele>1032.489</ele>
<time>2025-04-13T01:27:25Z</time>
<hdop>3.79</hdop>
</trkpt>
<trkpt lat="36.0264099" lon="127.8815215">
<ele>1032.302</ele>
<time>2025-04-13T01:27:30Z</time>
<hdop>3.79</hdop>
</trkpt>
<trkpt lat="36.0263764" lon="127.881517">
<ele>1033.94</ele>
<time>2025-04-13T01:27:35Z</time>
<hdop>3.79</hdop>
</trkpt>
<trkpt lat="36.0263524" lon="127.8815086">
<ele>1035.088</ele>
<time>2025-04-13T01:27:40Z</time>
<hdop>3.79</hdop>
</trkpt>
<trkpt lat="36.0263246" lon="127.8815121">
<ele>1036.302</ele>
<time>2025-04-13T01:27:45Z</time>
<hdop>3.79</hdop>
</trkpt>
<trkpt lat="36.0262951" lon="127.8815135">
<ele>1037.813</ele>
<time>2025-04-13T01:27:50Z</time>
<hdop>3.79</hdop>
</trkpt>
<trkpt lat="36.0262689" lon="127.8815099">
<ele>1038.629</ele>
<time>2025-04-13T01:27:55Z</time>
<hdop>3.79</hdop>
</trkpt>
<trkpt lat="36.0262439" lon="127.8815121">
<ele>1038.453</ele>
<time>2025-04-13T01:28:00Z</time>
<hdop>3.79</hdop>
</trkpt>
<trkpt lat="36.0262182" lon="127.881525">
<ele>1039.143</ele>
<time>2025-04-13T01:28:05Z</time>
<hdop>3.79</hdop>
</trkpt>
<trkpt lat="36.0261907" lon="127.8815222">
<ele>1039.622</ele>
<time>2025-04-13T01:28:10Z</time>
<hdop>3.79</hdop>
</trkpt>
<trkpt lat="36.026167" lon="127.8815338">
<ele>1039.923</ele>
<time>2025-04-13T01:28:15Z</time>
<hdop>3.79</hdop>
</trkpt>
<trkpt lat="36.026141" lon="127.8815477">
<ele>1040.917</ele>
<time>2025-04-13T01:28:20Z</time>
<hdop>3.79</hdop>
</trkpt>
<trkpt lat="36.0261207" lon="127.881561">
<ele>1041.313</ele>
<time>2025-04-13T01:28:25Z</time>
<hdop>3.79</hdop>
</trkpt>
<trkpt lat="36.0260943" lon="127.8815694">
<ele>1041.392</ele>
<time>2025-04-13T01:28:30Z</time>
<hdop>3.79</hdop>
</trkpt>
<trkpt lat="36.0260696" lon="127.8815893">
<ele>1042.204</ele>
<time>2025-04-13T01:28:35Z</time>
<hdop>3.79</hdop>
</trkpt>
<trkpt lat="36.0260497" lon="127.8815954">
<ele>1043.106</ele>
<time>2025-04-13T01:28:40Z</time>
<hdop>3.79</hdop>
</trkpt>
<trkpt lat="36.0260219" lon="127.8815748">
<ele>1044.748</ele>
<time>2025-04-13T01:28:45Z</time>
<hdop>3.79</hdop>
</trkpt>
<trkpt lat="36.0259896" lon="127.8815555">
<ele>1045.721</ele>
<time>2025-04-13T01:28:50Z</time>
<hdop>3.79</hdop>
</trkpt>
<trkpt lat="36.0259465" lon="127.8815649">
<ele>1046.518</ele>
<time>2025-04-13T01:28:55Z</time>
<hdop>3.79</hdop>
</trkpt>
<trkpt lat="36.0259035" lon="127.8815781">
<ele>1047.685</ele>
<time>2025-04-13T01:29:00Z</time>
<hdop>3.79</hdop>
</trkpt>
<trkpt lat="36.0258655" lon="127.8815716">
<ele>1048.54</ele>
<time>2025-04-13T01:29:05Z</time>
<hdop>3.79</hdop>
</trkpt>
<trkpt lat="36.02583" lon="127.8815521">
<ele>1049.603</ele>
<time>2025-04-13T01:29:10Z</time>
<hdop>3.79</hdop>
</trkpt>
<trkpt lat="36.0258016" lon="127.8815263">
<ele>1050.984</ele>
<time>2025-04-13T01:29:15Z</time>
<hdop>3.79</hdop>
</trkpt>
<trkpt lat="36.0257765" lon="127.8815193">
<ele>1051.816</ele>
<time>2025-04-13T01:29:20Z</time>
<hdop>3.79</hdop>
</trkpt>
<trkpt lat="36.0257457" lon="127.8815251">
<ele>1052.438</ele>
<time>2025-04-13T01:29:25Z</time>
<hdop>3.79</hdop>
</trkpt>
<trkpt lat="36.0257156" lon="127.8815249">
<ele>1052.781</ele>
<time>2025-04-13T01:29:30Z</time>
<hdop>3.79</hdop>
</trkpt>
<trkpt lat="36.0256848" lon="127.881514">
<ele>1052.964</ele>
<time>2025-04-13T01:29:35Z</time>
<hdop>3.79</hdop>
</trkpt>
<trkpt lat="36.0256621" lon="127.8814781">
<ele>1051.141</ele>
<time>2025-04-13T01:29:40Z</time>
<hdop>3.79</hdop>
</trkpt>
<trkpt lat="36.0256294" lon="127.881463">
<ele>1052.251</ele>
<time>2025-04-13T01:29:45Z</time>
<hdop>3.79</hdop>
</trkpt>
<trkpt lat="36.0255985" lon="127.8814493">
<ele>1053.515</ele>
<time>2025-04-13T01:29:50Z</time>
<hdop>3.79</hdop>
</trkpt>
<trkpt lat="36.0255645" lon="127.8814254">
<ele>1054.037</ele>
<time>2025-04-13T01:29:55Z</time>
<hdop>3.79</hdop>
</trkpt>
<trkpt lat="36.0255411" lon="127.8813837">
<ele>1054.165</ele>
<time>2025-04-13T01:30:00Z</time>
<hdop>3.79</hdop>
</trkpt>
<trkpt lat="36.0255266" lon="127.8813428">
<ele>1054.804</ele>
<time>2025-04-13T01:30:05Z</time>
<hdop>3.79</hdop>
</trkpt>
<trkpt lat="36.0255123" lon="127.8813238">
<ele>1055.036</ele>
<time>2025-04-13T01:30:10Z</time>
<hdop>3.79</hdop>
</trkpt>
<trkpt lat="36.0254894" lon="127.8812962">
<ele>1056.275</ele>
<time>2025-04-13T01:30:15Z</time>
<hdop>3.79</hdop>
</trkpt>
<trkpt lat="36.0254742" lon="127.8812639">
<ele>1057.467</ele>
<time>2025-04-13T01:30:20Z</time>
<hdop>3.79</hdop>
</trkpt>
<trkpt lat="36.0254711" lon="127.8812201">
<ele>1057.45</ele>
<time>2025-04-13T01:30:25Z</time>
<hdop>3.79</hdop>
</trkpt>
<trkpt lat="36.0254701" lon="127.8811857">
<ele>1056.624</ele>
<time>2025-04-13T01:30:30Z</time>
<hdop>3.79</hdop>
</trkpt>
<trkpt lat="36.025457" lon="127.8811511">
<ele>1057.489</ele>
<time>2025-04-13T01:30:35Z</time>
<hdop>3.79</hdop>
</trkpt>
<trkpt lat="36.0254362" lon="127.881141">
<ele>1058.241</ele>
<time>2025-04-13T01:30:40Z</time>
<hdop>3.79</hdop>
</trkpt>
<trkpt lat="36.0254134" lon="127.8811296">
<ele>1060.395</ele>
<time>2025-04-13T01:30:45Z</time>
<hdop>3.79</hdop>
</trkpt>
<trkpt lat="36.0253987" lon="127.8811042">
<ele>1062.355</ele>
<time>2025-04-13T01:30:50Z</time>
<hdop>3.79</hdop>
</trkpt>
<trkpt lat="36.0253712" lon="127.8810832">
<ele>1063.037</ele>
<time>2025-04-13T01:30:55Z</time>
<hdop>3.79</hdop>
</trkpt>
<trkpt lat="36.0253491" lon="127.88106">
<ele>1062.686</ele>
<time>2025-04-13T01:31:00Z</time>
<hdop>3.79</hdop>
</trkpt>
<trkpt lat="36.0253201" lon="127.8810447">
<ele>1063.292</ele>
<time>2025-04-13T01:31:05Z</time>
<hdop>3.79</hdop>
</trkpt>
<trkpt lat="36.0252852" lon="127.8810322">
<ele>1064.519</ele>
<time>2025-04-13T01:31:10Z</time>
<hdop>3.79</hdop>
</trkpt>
<trkpt lat="36.0252487" lon="127.8810209">
<ele>1064.242</ele>
<time>2025-04-13T01:31:15Z</time>
<hdop>3.79</hdop>
</trkpt>
<trkpt lat="36.0252174" lon="127.8810088">
<ele>1064.978</ele>
<time>2025-04-13T01:31:20Z</time>
<hdop>3.79</hdop>
</trkpt>
<trkpt lat="36.0251761" lon="127.8810009">
<ele>1065.4</ele>
<time>2025-04-13T01:31:25Z</time>
<hdop>3.79</hdop>
</trkpt>
<trkpt lat="36.0251344" lon="127.8809782">
<ele>1065.534</ele>
<time>2025-04-13T01:31:30Z</time>
<hdop>3.79</hdop>
</trkpt>
<trkpt lat="36.0250917" lon="127.8809573">
<ele>1065.762</ele>
<time>2025-04-13T01:31:35Z</time>
<hdop>3.79</hdop>
</trkpt>
<trkpt lat="36.0250556" lon="127.8809325">
<ele>1066.502</ele>
<time>2025-04-13T01:31:40Z</time>
<hdop>3.79</hdop>
</trkpt>
<trkpt lat="36.0250393" lon="127.8808986">
<ele>1066.296</ele>
<time>2025-04-13T01:31:45Z</time>
<hdop>3.79</hdop>
</trkpt>
<trkpt lat="36.0250284" lon="127.8808536">
<ele>1066.344</ele>
<time>2025-04-13T01:31:50Z</time>
<hdop>3.79</hdop>
</trkpt>
<trkpt lat="36.0250092" lon="127.8808199">
<ele>1066.726</ele>
<time>2025-04-13T01:31:55Z</time>
<hdop>3.79</hdop>
</trkpt>
<trkpt lat="36.0249754" lon="127.8807938">
<ele>1067.377</ele>
<time>2025-04-13T01:32:00Z</time>
<hdop>3.79</hdop>
</trkpt>
<trkpt lat="36.0249448" lon="127.8807668">
<ele>1067.863</ele>
<time>2025-04-13T01:32:05Z</time>
<hdop>3.79</hdop>
</trkpt>
<trkpt lat="36.0249209" lon="127.8807455">
<ele>1069.332</ele>
<time>2025-04-13T01:32:10Z</time>
<hdop>3.79</hdop>
</trkpt>
<trkpt lat="36.0248919" lon="127.8807093">
<ele>1068.724</ele>
<time>2025-04-13T01:32:15Z</time>
<hdop>3.79</hdop>
</trkpt>
<trkpt lat="36.0248594" lon="127.8806814">
<ele>1069.04</ele>
<time>2025-04-13T01:32:20Z</time>
<hdop>3.79</hdop>
</trkpt>
<trkpt lat="36.0248213" lon="127.8806647">
<ele>1069.681</ele>
<time>2025-04-13T01:32:25Z</time>
<hdop>3.79</hdop>
</trkpt>
<trkpt lat="36.0247883" lon="127.88065">
<ele>1071.15</ele>
<time>2025-04-13T01:32:30Z</time>
<hdop>3.79</hdop>
</trkpt>
<trkpt lat="36.0247613" lon="127.8806342">
<ele>1072.467</ele>
<time>2025-04-13T01:32:35Z</time>
<hdop>3.79</hdop>
</trkpt>
<trkpt lat="36.0247479" lon="127.8806113">
<ele>1073.707</ele>
<time>2025-04-13T01:32:40Z</time>
<hdop>3.79</hdop>
</trkpt>
<trkpt lat="36.0247456" lon="127.8805729">
<ele>1073.635</ele>
<time>2025-04-13T01:32:45Z</time>
<hdop>3.79</hdop>
</trkpt>
<trkpt lat="36.0247355" lon="127.8805364">
<ele>1073.368</ele>
<time>2025-04-13T01:32:50Z</time>
<hdop>3.79</hdop>
</trkpt>
<trkpt lat="36.024706" lon="127.8805187">
<ele>1074.847</ele>
<time>2025-04-13T01:32:55Z</time>
<hdop>3.79</hdop>
</trkpt>
<trkpt lat="36.0246789" lon="127.8804974">
<ele>1075.678</ele>
<time>2025-04-13T01:33:00Z</time>
<hdop>3.79</hdop>
</trkpt>
<trkpt lat="36.0246577" lon="127.8804692">
<ele>1074.752</ele>
<time>2025-04-13T01:33:05Z</time>
<hdop>3.79</hdop>
</trkpt>
<trkpt lat="36.0246307" lon="127.8804592">
<ele>1075.2</ele>
<time>2025-04-13T01:33:10Z</time>
<hdop>3.79</hdop>
</trkpt>
<trkpt lat="36.024607" lon="127.8804412">
<ele>1075.909</ele>
<time>2025-04-13T01:33:15Z</time>
<hdop>3.79</hdop>
</trkpt>
<trkpt lat="36.0245761" lon="127.8804435">
<ele>1077.01</ele>
<time>2025-04-13T01:33:20Z</time>
<hdop>3.79</hdop>
</trkpt>
<trkpt lat="36.0245453" lon="127.8804467">
<ele>1078.225</ele>
<time>2025-04-13T01:33:25Z</time>
<hdop>3.79</hdop>
</trkpt>
<trkpt lat="36.0245166" lon="127.8804384">
<ele>1078.987</ele>
<time>2025-04-13T01:33:30Z</time>
<hdop>3.79</hdop>
</trkpt>
<trkpt lat="36.0244914" lon="127.8804222">
<ele>1080.199</ele>
<time>2025-04-13T01:33:35Z</time>
<hdop>3.79</hdop>
</trkpt>
<trkpt lat="36.0244734" lon="127.8803961">
<ele>1081.004</ele>
<time>2025-04-13T01:33:40Z</time>
<hdop>3.79</hdop>
</trkpt>
<trkpt lat="36.0244637" lon="127.8803711">
<ele>1081.289</ele>
<time>2025-04-13T01:33:45Z</time>
<hdop>3.79</hdop>
</trkpt>
<trkpt lat="36.0244559" lon="127.8803445">
<ele>1081.982</ele>
<time>2025-04-13T01:33:50Z</time>
<hdop>3.79</hdop>
</trkpt>
<trkpt lat="36.0244386" lon="127.8803282">
<ele>1082.146</ele>
<time>2025-04-13T01:33:55Z</time>
<hdop>3.79</hdop>
</trkpt>
<trkpt lat="36.0244151" lon="127.8803073">
<ele>1083.61</ele>
<time>2025-04-13T01:34:00Z</time>
<hdop>3.79</hdop>
</trkpt>
<trkpt lat="36.0243993" lon="127.8802825">
<ele>1084.129</ele>
<time>2025-04-13T01:34:05Z</time>
<hdop>3.79</hdop>
</trkpt>
<trkpt lat="36.0243859" lon="127.8802578">
<ele>1084.995</ele>
<time>2025-04-13T01:34:10Z</time>
<hdop>3.79</hdop>
</trkpt>
<trkpt lat="36.0243558" lon="127.8802632">
<ele>1086.261</ele>
<time>2025-04-13T01:34:15Z</time>
<hdop>3.79</hdop>
</trkpt>
<trkpt lat="36.0243231" lon="127.8802576">
<ele>1087.624</ele>
<time>2025-04-13T01:34:20Z</time>
<hdop>3.79</hdop>
</trkpt>
<trkpt lat="36.0242977" lon="127.8802509">
<ele>1090.561</ele>
<time>2025-04-13T01:34:25Z</time>
<hdop>3.79</hdop>
</trkpt>
<trkpt lat="36.0242722" lon="127.8802578">
<ele>1091.05</ele>
<time>2025-04-13T01:34:30Z</time>
<hdop>3.79</hdop>
</trkpt>
<trkpt lat="36.024269" lon="127.8802338">
<ele>1090.696</ele>
<time>2025-04-13T01:34:35Z</time>
<hdop>3.79</hdop>
</trkpt>
<trkpt lat="36.0242678" lon="127.8802071">
<ele>1091.17</ele>
<time>2025-04-13T01:34:40Z</time>
<hdop>3.79</hdop>
</trkpt>
<trkpt lat="36.0242534" lon="127.8801852">
<ele>1091.08</ele>
<time>2025-04-13T01:34:45Z</time>
<hdop>3.79</hdop>
</trkpt>
<trkpt lat="36.0242399" lon="127.8801719">
<ele>1091.867</ele>
<time>2025-04-13T01:34:50Z</time>
<hdop>3.79</hdop>
</trkpt>
<trkpt lat="36.0242293" lon="127.880168">
<ele>1092.688</ele>
<time>2025-04-13T01:34:55Z</time>
<hdop>3.79</hdop>
</trkpt>
<trkpt lat="36.024209" lon="127.880165">
<ele>1093.737</ele>
<time>2025-04-13T01:35:00Z</time>
<hdop>3.79</hdop>
</trkpt>
<trkpt lat="36.0241984" lon="127.880147">
<ele>1093.945</ele>
<time>2025-04-13T01:35:05Z</time>
<hdop>3.79</hdop>
</trkpt>
<trkpt lat="36.0241771" lon="127.8801249">
<ele>1095.411</ele>
<time>2025-04-13T01:35:10Z</time>
<hdop>3.79</hdop>
</trkpt>
<trkpt lat="36.0241626" lon="127.880116">
<ele>1096.133</ele>
<time>2025-04-13T01:35:15Z</time>
<hdop>3.79</hdop>
</trkpt>
<trkpt lat="36.0241437" lon="127.880111">
<ele>1096.377</ele>
<time>2025-04-13T01:35:20Z</time>
<hdop>3.79</hdop>
</trkpt>
<trkpt lat="36.0241342" lon="127.8801056">
<ele>1097.016</ele>
<time>2025-04-13T01:35:25Z</time>
<hdop>3.79</hdop>
</trkpt>
<trkpt lat="36.0241203" lon="127.8800901">
<ele>1098.522</ele>
<time>2025-04-13T01:35:30Z</time>
<hdop>3.79</hdop>
</trkpt>
<trkpt lat="36.0241075" lon="127.8800803">
<ele>1099.429</ele>
<time>2025-04-13T01:35:35Z</time>
<hdop>3.79</hdop>
</trkpt>
<trkpt lat="36.0240981" lon="127.8800536">
<ele>1099.971</ele>
<time>2025-04-13T01:35:40Z</time>
<hdop>3.79</hdop>
</trkpt>
<trkpt lat="36.024087" lon="127.8800316">
<ele>1100.322</ele>
<time>2025-04-13T01:35:45Z</time>
<hdop>3.79</hdop>
</trkpt>
<trkpt lat="36.0240724" lon="127.8800224">
<ele>1100.731</ele>
<time>2025-04-13T01:35:50Z</time>
<hdop>3.79</hdop>
</trkpt>
<trkpt lat="36.0240618" lon="127.8800101">
<ele>1101.528</ele>
<time>2025-04-13T01:35:55Z</time>
<hdop>3.79</hdop>
</trkpt>
<trkpt lat="36.0240489" lon="127.8799882">
<ele>1101.442</ele>
<time>2025-04-13T01:36:00Z</time>
<hdop>3.79</hdop>
</trkpt>
<trkpt lat="36.0240408" lon="127.8799659">
<ele>1101.38</ele>
<time>2025-04-13T01:36:05Z</time>
<hdop>3.79</hdop>
</trkpt>
<trkpt lat="36.0240306" lon="127.87995">
<ele>1101.4</ele>
<time>2025-04-13T01:36:10Z</time>
<hdop>3.79</hdop>
</trkpt>
<trkpt lat="36.0240218" lon="127.8799318">
<ele>1101.707</ele>
<time>2025-04-13T01:36:15Z</time>
<hdop>3.79</hdop>
</trkpt>
<trkpt lat="36.024016" lon="127.8799298">
<ele>1102.363</ele>
<time>2025-04-13T01:36:20Z</time>
<hdop>3.79</hdop>
</trkpt>
<trkpt lat="36.024015" lon="127.8799039">
<ele>1103.15</ele>
<time>2025-04-13T01:36:25Z</time>
<hdop>3.79</hdop>
</trkpt>
<trkpt lat="36.0240132" lon="127.8798995">
<ele>1102.668</ele>
<time>2025-04-13T01:36:27Z</time>
<hdop>3.79</hdop>
</trkpt>
<trkpt lat="36.0240155" lon="127.8798936">
<ele>1103.628</ele>
<time>2025-04-13T01:36:37Z</time>
<hdop>3.79</hdop>
</trkpt>
<trkpt lat="36.0240155" lon="127.8798936">
<ele>1103.912</ele>
<time>2025-04-13T01:36:42Z</time>
<hdop>3.79</hdop>
</trkpt>
<trkpt lat="36.0240155" lon="127.8798936">
<ele>1103.927</ele>
<time>2025-04-13T01:36:47Z</time>
<hdop>3.79</hdop>
</trkpt>
<trkpt lat="36.0240004" lon="127.8798609">
<ele>1105.031</ele>
<time>2025-04-13T01:36:52Z</time>
<hdop>3.79</hdop>
</trkpt>
<trkpt lat="36.0240006" lon="127.8798238">
<ele>1103.708</ele>
<time>2025-04-13T01:36:57Z</time>
<hdop>3.79</hdop>
</trkpt>
<trkpt lat="36.0239922" lon="127.8797875">
<ele>1104.487</ele>
<time>2025-04-13T01:37:02Z</time>
<hdop>3.79</hdop>
</trkpt>
<trkpt lat="36.0239924" lon="127.8797451">
<ele>1105.534</ele>
<time>2025-04-13T01:37:07Z</time>
<hdop>3.79</hdop>
</trkpt>
<trkpt lat="36.0239956" lon="127.8797069">
<ele>1107.274</ele>
<time>2025-04-13T01:37:12Z</time>
<hdop>3.79</hdop>
</trkpt>
<trkpt lat="36.0239779" lon="127.8796895">
<ele>1108.902</ele>
<time>2025-04-13T01:37:17Z</time>
<hdop>3.79</hdop>
</trkpt>
<trkpt lat="36.0239525" lon="127.8796869">
<ele>1110.86</ele>
<time>2025-04-13T01:37:22Z</time>
<hdop>3.79</hdop>
</trkpt>
<trkpt lat="36.0239364" lon="127.8796734">
<ele>1112.849</ele>
<time>2025-04-13T01:37:27Z</time>
<hdop>3.79</hdop>
</trkpt>
<trkpt lat="36.0239275" lon="127.879667">
<ele>1113.371</ele>
<time>2025-04-13T01:37:32Z</time>
<hdop>3.79</hdop>
</trkpt>
<trkpt lat="36.0239164" lon="127.8796731">
<ele>1113.64</ele>
<time>2025-04-13T01:37:37Z</time>
<hdop>3.79</hdop>
</trkpt>
<trkpt lat="36.0239022" lon="127.8796671">
<ele>1114.594</ele>
<time>2025-04-13T01:37:42Z</time>
<hdop>3.79</hdop>
</trkpt>
<trkpt lat="36.0238886" lon="127.8796493">
<ele>1115.092</ele>
<time>2025-04-13T01:37:47Z</time>
<hdop>3.79</hdop>
</trkpt>
<trkpt lat="36.0238758" lon="127.8796454">
<ele>1115.946</ele>
<time>2025-04-13T01:37:52Z</time>
<hdop>3.79</hdop>
</trkpt>
<trkpt lat="36.0238609" lon="127.8796326">
<ele>1117.132</ele>
<time>2025-04-13T01:37:57Z</time>
<hdop>3.79</hdop>
</trkpt>
<trkpt lat="36.023849" lon="127.8796151">
<ele>1118.941</ele>
<time>2025-04-13T01:38:02Z</time>
<hdop>3.79</hdop>
</trkpt>
<trkpt lat="36.0238469" lon="127.8796149">
<ele>1118.623</ele>
<time>2025-04-13T01:38:07Z</time>
<hdop>3.79</hdop>
</trkpt>
<trkpt lat="36.0238375" lon="127.8796249">
<ele>1119.128</ele>
<time>2025-04-13T01:38:12Z</time>
<hdop>3.79</hdop>
</trkpt>
<trkpt lat="36.0238283" lon="127.8796231">
<ele>1117.577</ele>
<time>2025-04-13T01:38:17Z</time>
<hdop>3.79</hdop>
</trkpt>
<trkpt lat="36.0238229" lon="127.8796156">
<ele>1118.064</ele>
<time>2025-04-13T01:38:22Z</time>
<hdop>3.79</hdop>
</trkpt>
<trkpt lat="36.0238152" lon="127.8796074">
<ele>1118.461</ele>
<time>2025-04-13T01:38:27Z</time>
<hdop>3.79</hdop>
</trkpt>
<trkpt lat="36.0238027" lon="127.8795876">
<ele>1119.032</ele>
<time>2025-04-13T01:38:32Z</time>
<hdop>3.79</hdop>
</trkpt>
<trkpt lat="36.0238027" lon="127.8795876">
<ele>1119.21</ele>
<time>2025-04-13T01:38:37Z</time>
<hdop>3.79</hdop>
</trkpt>
<trkpt lat="36.0238027" lon="127.8795876">
<ele>1119.626</ele>
<time>2025-04-13T01:38:42Z</time>
<hdop>3.79</hdop>
</trkpt>
<trkpt lat="36.0238027" lon="127.8795876">
<ele>1119.637</ele>
<time>2025-04-13T01:38:47Z</time>
<hdop>3.79</hdop>
</trkpt>
<trkpt lat="36.0238027" lon="127.8795876">
<ele>1121.115</ele>
<time>2025-04-13T01:38:52Z</time>
<hdop>3.79</hdop>
</trkpt>
<trkpt lat="36.0238027" lon="127.8795876">
<ele>1121.897</ele>
<time>2025-04-13T01:38:57Z</time>
<hdop>3.79</hdop>
</trkpt>
<trkpt lat="36.0238027" lon="127.8795876">
<ele>1121.889</ele>
<time>2025-04-13T01:39:02Z</time>
<hdop>3.79</hdop>
</trkpt>
<trkpt lat="36.0238027" lon="127.8795876">
<ele>1121.787</ele>
<time>2025-04-13T01:39:07Z</time>
<hdop>3.79</hdop>
</trkpt>
<trkpt lat="36.0238027" lon="127.8795876">
<ele>1121.661</ele>
<time>2025-04-13T01:39:12Z</time>
<hdop>3.79</hdop>
</trkpt>
<trkpt lat="36.0237733" lon="127.8794852">
<ele>1121.74</ele>
<time>2025-04-13T01:39:17Z</time>
<hdop>3.79</hdop>
</trkpt>
<trkpt lat="36.0237731" lon="127.8794834">
<ele>1121.87</ele>
<time>2025-04-13T01:39:22Z</time>
<hdop>3.79</hdop>
</trkpt>
<trkpt lat="36.0237593" lon="127.879472">
<ele>1123.37</ele>
<time>2025-04-13T01:39:27Z</time>
<hdop>3.79</hdop>
</trkpt>
<trkpt lat="36.0237622" lon="127.8794282">
<ele>1124.716</ele>
<time>2025-04-13T01:39:32Z</time>
<hdop>3.79</hdop>
</trkpt>
<trkpt lat="36.0237475" lon="127.8794038">
<ele>1125.687</ele>
<time>2025-04-13T01:39:37Z</time>
<hdop>3.79</hdop>
</trkpt>
<trkpt lat="36.02373" lon="127.8793775">
<ele>1127.615</ele>
<time>2025-04-13T01:39:42Z</time>
<hdop>3.79</hdop>
</trkpt>
<trkpt lat="36.0237084" lon="127.8793545">
<ele>1128.129</ele>
<time>2025-04-13T01:39:47Z</time>
<hdop>3.79</hdop>
</trkpt>
<trkpt lat="36.0236925" lon="127.8793358">
<ele>1130.186</ele>
<time>2025-04-13T01:39:52Z</time>
<hdop>3.79</hdop>
</trkpt>
<trkpt lat="36.023673" lon="127.8793175">
<ele>1131.919</ele>
<time>2025-04-13T01:39:58Z</time>
<hdop>3.79</hdop>
</trkpt>
<trkpt lat="36.0236587" lon="127.8793">
<ele>1134.022</ele>
<time>2025-04-13T01:40:03Z</time>
<hdop>3.79</hdop>
</trkpt>
<trkpt lat="36.0236401" lon="127.8792892">
<ele>1135.439</ele>
<time>2025-04-13T01:40:08Z</time>
<hdop>3.79</hdop>
</trkpt>
<trkpt lat="36.023631" lon="127.8792684">
<ele>1136.401</ele>
<time>2025-04-13T01:40:13Z</time>
<hdop>3.79</hdop>
</trkpt>
<trkpt lat="36.0236301" lon="127.8792636">
<ele>1136.26</ele>
<time>2025-04-13T01:40:18Z</time>
<hdop>3.79</hdop>
</trkpt>
<trkpt lat="36.0236219" lon="127.8792508">
<ele>1137.866</ele>
<time>2025-04-13T01:40:23Z</time>
<hdop>3.79</hdop>
</trkpt>
<trkpt lat="36.0236156" lon="127.8792421">
<ele>1138.097</ele>
<time>2025-04-13T01:40:28Z</time>
<hdop>3.79</hdop>
</trkpt>
<trkpt lat="36.0236103" lon="127.879235">
<ele>1138.439</ele>
<time>2025-04-13T01:40:33Z</time>
<hdop>3.79</hdop>
</trkpt>
<trkpt lat="36.0236006" lon="127.8792114">
<ele>1139.798</ele>
<time>2025-04-13T01:40:38Z</time>
<hdop>3.79</hdop>
</trkpt>
<trkpt lat="36.0235849" lon="127.8791879">
<ele>1140.219</ele>
<time>2025-04-13T01:40:43Z</time>
<hdop>3.79</hdop>
</trkpt>
<trkpt lat="36.0235721" lon="127.8791697">
<ele>1140.495</ele>
<time>2025-04-13T01:40:48Z</time>
<hdop>3.79</hdop>
</trkpt>
<trkpt lat="36.0235607" lon="127.8791437">
<ele>1140.627</ele>
<time>2025-04-13T01:40:53Z</time>
<hdop>3.79</hdop>
</trkpt>
<trkpt lat="36.0235569" lon="127.8791145">
<ele>1141.417</ele>
<time>2025-04-13T01:40:58Z</time>
<hdop>3.79</hdop>
</trkpt>
<trkpt lat="36.0235484" lon="127.8790811">
<ele>1142.53</ele>
<time>2025-04-13T01:41:03Z</time>
<hdop>3.79</hdop>
</trkpt>
<trkpt lat="36.023529" lon="127.8790685">
<ele>1143.474</ele>
<time>2025-04-13T01:41:08Z</time>
<hdop>3.79</hdop>
</trkpt>
<trkpt lat="36.0235132" lon="127.8790871">
<ele>1144.23</ele>
<time>2025-04-13T01:41:13Z</time>
<hdop>3.79</hdop>
</trkpt>
<trkpt lat="36.023512" lon="127.879093">
<ele>1144.487</ele>
<time>2025-04-13T01:41:14Z</time>
<hdop>3.79</hdop>
</trkpt>
<trkpt lat="36.0235065" lon="127.8791114">
<ele>1143.256</ele>
<time>2025-04-13T01:41:24Z</time>
<hdop>3.79</hdop>
</trkpt>
<trkpt lat="36.0235065" lon="127.8791114">
<ele>1142.78</ele>
<time>2025-04-13T01:41:29Z</time>
<hdop>3.79</hdop>
</trkpt>
<trkpt lat="36.0235065" lon="127.8791114">
<ele>1143.711</ele>
<time>2025-04-13T01:41:34Z</time>
<hdop>3.79</hdop>
</trkpt>
<trkpt lat="36.0235065" lon="127.8791114">
<ele>1144.478</ele>
<time>2025-04-13T01:41:39Z</time>
<hdop>3.79</hdop>
</trkpt>
<trkpt lat="36.0235065" lon="127.8791114">
<ele>1145.878</ele>
<time>2025-04-13T01:41:44Z</time>
<hdop>3.79</hdop>
</trkpt>
<trkpt lat="36.0235065" lon="127.8791114">
<ele>1147.049</ele>
<time>2025-04-13T01:41:49Z</time>
<hdop>3.79</hdop>
</trkpt>
<trkpt lat="36.0235065" lon="127.8791114">
<ele>1147.443</ele>
<time>2025-04-13T01:41:54Z</time>
<hdop>3.79</hdop>
</trkpt>
<trkpt lat="36.0235065" lon="127.8791114">
<ele>1147.084</ele>
<time>2025-04-13T01:41:59Z</time>
<hdop>3.79</hdop>
</trkpt>
<trkpt lat="36.0235065" lon="127.8791114">
<ele>1147.709</ele>
<time>2025-04-13T01:42:04Z</time>
<hdop>3.79</hdop>
</trkpt>
<trkpt lat="36.0235065" lon="127.8791114">
<ele>1148.951</ele>
<time>2025-04-13T01:42:09Z</time>
<hdop>3.79</hdop>
</trkpt>
<trkpt lat="36.0235065" lon="127.8791114">
<ele>1148.09</ele>
<time>2025-04-13T01:42:14Z</time>
<hdop>3.79</hdop>
</trkpt>
<trkpt lat="36.0235065" lon="127.8791114">
<ele>1148.912</ele>
<time>2025-04-13T01:42:19Z</time>
<hdop>3.79</hdop>
</trkpt>
<trkpt lat="36.0235065" lon="127.8791114">
<ele>1148.906</ele>
<time>2025-04-13T01:42:24Z</time>
<hdop>3.79</hdop>
</trkpt>
<trkpt lat="36.0235065" lon="127.8791114">
<ele>1149.047</ele>
<time>2025-04-13T01:42:29Z</time>
<hdop>3.79</hdop>
</trkpt>
<trkpt lat="36.0235065" lon="127.8791114">
<ele>1149.229</ele>
<time>2025-04-13T01:42:34Z</time>
<hdop>3.79</hdop>
</trkpt>
<trkpt lat="36.0235065" lon="127.8791114">
<ele>1148.477</ele>
<time>2025-04-13T01:42:39Z</time>
<hdop>3.79</hdop>
</trkpt>
<trkpt lat="36.0235065" lon="127.8791114">
<ele>1149.23</ele>
<time>2025-04-13T01:42:44Z</time>
<hdop>3.79</hdop>
</trkpt>
<trkpt lat="36.0235065" lon="127.8791114">
<ele>1149.185</ele>
<time>2025-04-13T01:42:49Z</time>
<hdop>3.79</hdop>
</trkpt>
<trkpt lat="36.0235065" lon="127.8791114">
<ele>1149.443</ele>
<time>2025-04-13T01:42:54Z</time>
<hdop>3.79</hdop>
</trkpt>
<trkpt lat="36.0235065" lon="127.8791114">
<ele>1150.581</ele>
<time>2025-04-13T01:42:59Z</time>
<hdop>3.79</hdop>
</trkpt>
<trkpt lat="36.0235065" lon="127.8791114">
<ele>1150.799</ele>
<time>2025-04-13T01:43:04Z</time>
<hdop>3.79</hdop>
</trkpt>
<trkpt lat="36.0235194" lon="127.8789645">
<ele>1150.888</ele>
<time>2025-04-13T01:43:09Z</time>
<hdop>3.79</hdop>
</trkpt>
<trkpt lat="36.0235157" lon="127.878941">
<ele>1152.362</ele>
<time>2025-04-13T01:43:14Z</time>
<hdop>3.79</hdop>
</trkpt>
<trkpt lat="36.0235182" lon="127.8789096">
<ele>1152.708</ele>
<time>2025-04-13T01:43:19Z</time>
<hdop>3.79</hdop>
</trkpt>
<trkpt lat="36.0235031" lon="127.8788895">
<ele>1153.87</ele>
<time>2025-04-13T01:43:24Z</time>
<hdop>3.79</hdop>
</trkpt>
<trkpt lat="36.0234907" lon="127.8788746">
<ele>1155.231</ele>
<time>2025-04-13T01:43:29Z</time>
<hdop>3.79</hdop>
</trkpt>
<trkpt lat="36.0234907" lon="127.8788746">
<ele>1156.362</ele>
<time>2025-04-13T01:43:34Z</time>
<hdop>3.79</hdop>
</trkpt>
<trkpt lat="36.0234907" lon="127.8788746">
<ele>1156.745</ele>
<time>2025-04-13T01:43:39Z</time>
<hdop>3.79</hdop>
</trkpt>
<trkpt lat="36.0234907" lon="127.8788746">
<ele>1157.575</ele>
<time>2025-04-13T01:43:44Z</time>
<hdop>3.79</hdop>
</trkpt>
<trkpt lat="36.0235191" lon="127.8788362">
<ele>1157.47</ele>
<time>2025-04-13T01:43:49Z</time>
<hdop>3.79</hdop>
</trkpt>
<trkpt lat="36.0235358" lon="127.8788195">
<ele>1158.66</ele>
<time>2025-04-13T01:43:54Z</time>
<hdop>3.79</hdop>
</trkpt>
<trkpt lat="36.0235304" lon="127.8787646">
<ele>1158.654</ele>
<time>2025-04-13T01:43:59Z</time>
<hdop>3.79</hdop>
</trkpt>
<trkpt lat="36.0235436" lon="127.8787212">
<ele>1160.381</ele>
<time>2025-04-13T01:44:04Z</time>
<hdop>3.79</hdop>
</trkpt>
<trkpt lat="36.0235436" lon="127.8787212">
<ele>1159.862</ele>
<time>2025-04-13T01:44:09Z</time>
<hdop>3.79</hdop>
</trkpt>
<trkpt lat="36.0235436" lon="127.8787212">
<ele>1159.715</ele>
<time>2025-04-13T01:44:14Z</time>
<hdop>3.79</hdop>
</trkpt>
<trkpt lat="36.0235436" lon="127.8787212">
<ele>1160.022</ele>
<time>2025-04-13T01:44:19Z</time>
<hdop>3.79</hdop>
</trkpt>
<trkpt lat="36.0235436" lon="127.8787212">
<ele>1160.627</ele>
<time>2025-04-13T01:44:24Z</time>
<hdop>3.79</hdop>
</trkpt>
<trkpt lat="36.0235436" lon="127.8787212">
<ele>1161.877</ele>
<time>2025-04-13T01:44:29Z</time>
<hdop>3.79</hdop>
</trkpt>
<trkpt lat="36.0235436" lon="127.8787212">
<ele>1161.905</ele>
<time>2025-04-13T01:44:34Z</time>
<hdop>3.79</hdop>
</trkpt>
<trkpt lat="36.0235785" lon="127.8786918">
<ele>1161.269</ele>
<time>2025-04-13T01:44:37Z</time>
<hdop>3.79</hdop>
</trkpt>
<trkpt lat="36.0235863" lon="127.8786665">
<ele>1163.001</ele>
<time>2025-04-13T01:44:46Z</time>
<hdop>3.79</hdop>
</trkpt>
<trkpt lat="36.0235926" lon="127.8786631">
<ele>1163.353</ele>
<time>2025-04-13T01:44:51Z</time>
<hdop>3.79</hdop>
</trkpt>
<trkpt lat="36.0235968" lon="127.878649">
<ele>1163.538</ele>
<time>2025-04-13T01:44:56Z</time>
<hdop>3.79</hdop>
</trkpt>
<trkpt lat="36.0236016" lon="127.8786444">
<ele>1163.963</ele>
<time>2025-04-13T01:45:01Z</time>
<hdop>3.79</hdop>
</trkpt>
<trkpt lat="36.0236101" lon="127.8786257">
<ele>1162.874</ele>
<time>2025-04-13T01:45:06Z</time>
<hdop>3.79</hdop>
</trkpt>
<trkpt lat="36.0236207" lon="127.8786007">
<ele>1163.878</ele>
<time>2025-04-13T01:45:11Z</time>
<hdop>3.79</hdop>
</trkpt>
<trkpt lat="36.0236152" lon="127.8785948">
<ele>1162.876</ele>
<time>2025-04-13T01:45:16Z</time>
<hdop>3.79</hdop>
</trkpt>
<trkpt lat="36.023606" lon="127.8785819">
<ele>1162.945</ele>
<time>2025-04-13T01:45:19Z</time>
<hdop>3.79</hdop>
</trkpt>
<trkpt lat="36.0235916" lon="127.8785614">
<ele>1163.956</ele>
<time>2025-04-13T01:45:29Z</time>
<hdop>3.79</hdop>
</trkpt>
<trkpt lat="36.0235892" lon="127.8785624">
<ele>1163.781</ele>
<time>2025-04-13T01:45:34Z</time>
<hdop>3.79</hdop>
</trkpt>
<trkpt lat="36.0235886" lon="127.8785623">
<ele>1163.854</ele>
<time>2025-04-13T01:45:39Z</time>
<hdop>3.79</hdop>
</trkpt>
<trkpt lat="36.0235879" lon="127.8785615">
<ele>1163.607</ele>
<time>2025-04-13T01:45:44Z</time>
<hdop>3.79</hdop>
</trkpt>
<trkpt lat="36.0235868" lon="127.8785612">
<ele>1163.7</ele>
<time>2025-04-13T01:45:49Z</time>
<hdop>3.79</hdop>
</trkpt>
<trkpt lat="36.0235855" lon="127.8785617">
<ele>1163.787</ele>
<time>2025-04-13T01:45:54Z</time>
<hdop>3.79</hdop>
</trkpt>
<trkpt lat="36.0235807" lon="127.878566">
<ele>1164.151</ele>
<time>2025-04-13T01:45:59Z</time>
<hdop>3.79</hdop>
</trkpt>
<trkpt lat="36.0235804" lon="127.8785661">
<ele>1164.258</ele>
<time>2025-04-13T01:46:04Z</time>
<hdop>3.79</hdop>
</trkpt>
<trkpt lat="36.0235794" lon="127.8785659">
<ele>1164.295</ele>
<time>2025-04-13T01:46:09Z</time>
<hdop>3.79</hdop>
</trkpt>
<trkpt lat="36.0235787" lon="127.8785661">
<ele>1164.378</ele>
<time>2025-04-13T01:46:14Z</time>
<hdop>3.79</hdop>
</trkpt>
<trkpt lat="36.0235782" lon="127.8785653">
<ele>1164.575</ele>
<time>2025-04-13T01:46:19Z</time>
<hdop>3.79</hdop>
</trkpt>
<trkpt lat="36.0235782" lon="127.8785653">
<ele>1164.082</ele>
<time>2025-04-13T01:46:24Z</time>
<hdop>3.79</hdop>
</trkpt>
<trkpt lat="36.0235782" lon="127.8785653">
<ele>1162.305</ele>
<time>2025-04-13T01:46:29Z</time>
<hdop>3.79</hdop>
</trkpt>
<trkpt lat="36.0235782" lon="127.8785653">
<ele>1163.444</ele>
<time>2025-04-13T01:46:34Z</time>
<hdop>3.79</hdop>
</trkpt>
<trkpt lat="36.0235782" lon="127.8785653">
<ele>1163.247</ele>
<time>2025-04-13T01:46:39Z</time>
<hdop>3.79</hdop>
</trkpt>
<trkpt lat="36.0235782" lon="127.8785653">
<ele>1163.542</ele>
<time>2025-04-13T01:46:44Z</time>
<hdop>3.79</hdop>
</trkpt>
<trkpt lat="36.0235782" lon="127.8785653">
<ele>1163.613</ele>
<time>2025-04-13T01:46:49Z</time>
<hdop>3.79</hdop>
</trkpt>
<trkpt lat="36.0235782" lon="127.8785653">
<ele>1163.26</ele>
<time>2025-04-13T01:46:54Z</time>
<hdop>3.79</hdop>
</trkpt>
<trkpt lat="36.0235782" lon="127.8785653">
<ele>1163.38</ele>
<time>2025-04-13T01:46:59Z</time>
<hdop>3.79</hdop>
</trkpt>
<trkpt lat="36.0235782" lon="127.8785653">
<ele>1163.472</ele>
<time>2025-04-13T01:47:04Z</time>
<hdop>3.79</hdop>
</trkpt>
<trkpt lat="36.0235782" lon="127.8785653">
<ele>1163.634</ele>
<time>2025-04-13T01:47:09Z</time>
<hdop>3.79</hdop>
</trkpt>
<trkpt lat="36.0235782" lon="127.8785653">
<ele>1163.858</ele>
<time>2025-04-13T01:47:14Z</time>
<hdop>3.79</hdop>
</trkpt>
<trkpt lat="36.0235782" lon="127.8785653">
<ele>1162.955</ele>
<time>2025-04-13T01:47:19Z</time>
<hdop>3.79</hdop>
</trkpt>
<trkpt lat="36.0235782" lon="127.8785653">
<ele>1163.247</ele>
<time>2025-04-13T01:47:24Z</time>
<hdop>3.79</hdop>
</trkpt>
<trkpt lat="36.0235782" lon="127.8785653">
<ele>1163.46</ele>
<time>2025-04-13T01:47:33Z</time>
<hdop>3.79</hdop>
</trkpt>
<trkpt lat="36.0235782" lon="127.8785653">
<ele>1163.755</ele>
<time>2025-04-13T01:47:38Z</time>
<hdop>3.79</hdop>
</trkpt>
<trkpt lat="36.0235782" lon="127.8785653">
<ele>1163.438</ele>
<time>2025-04-13T01:47:43Z</time>
<hdop>3.79</hdop>
</trkpt>
<trkpt lat="36.0235782" lon="127.8785653">
<ele>1163.606</ele>
<time>2025-04-13T01:47:48Z</time>
<hdop>3.79</hdop>
</trkpt>
<trkpt lat="36.0235782" lon="127.8785653">
<ele>1164.039</ele>
<time>2025-04-13T01:47:53Z</time>
<hdop>3.79</hdop>
</trkpt>
<trkpt lat="36.0235782" lon="127.8785653">
<ele>1163.833</ele>
<time>2025-04-13T01:47:58Z</time>
<hdop>3.79</hdop>
</trkpt>
<trkpt lat="36.0235782" lon="127.8785653">
<ele>1164.05</ele>
<time>2025-04-13T01:48:03Z</time>
<hdop>3.79</hdop>
</trkpt>
<trkpt lat="36.0235782" lon="127.8785653">
<ele>1164.266</ele>
<time>2025-04-13T01:48:08Z</time>
<hdop>3.79</hdop>
</trkpt>
<trkpt lat="36.0235782" lon="127.8785653">
<ele>1164.1</ele>
<time>2025-04-13T01:48:13Z</time>
<hdop>3.79</hdop>
</trkpt>
<trkpt lat="36.0235782" lon="127.8785653">
<ele>1164.122</ele>
<time>2025-04-13T01:48:18Z</time>
<hdop>3.79</hdop>
</trkpt>
<trkpt lat="36.0235782" lon="127.8785653">
<ele>1163.677</ele>
<time>2025-04-13T01:48:23Z</time>
<hdop>3.79</hdop>
</trkpt>
<trkpt lat="36.0235782" lon="127.8785653">
<ele>1162.929</ele>
<time>2025-04-13T01:48:28Z</time>
<hdop>3.79</hdop>
</trkpt>
<trkpt lat="36.0235782" lon="127.8785653">
<ele>1162.809</ele>
<time>2025-04-13T01:48:32Z</time>
<hdop>3.79</hdop>
</trkpt>
<trkpt lat="36.0235477" lon="127.8784863">
<ele>1162.679</ele>
<time>2025-04-13T01:48:42Z</time>
<hdop>3.79</hdop>
</trkpt>
<trkpt lat="36.0235505" lon="127.8784539">
<ele>1162.311</ele>
<time>2025-04-13T01:48:47Z</time>
<hdop>3.79</hdop>
</trkpt>
<trkpt lat="36.0235597" lon="127.8784204">
<ele>1160.004</ele>
<time>2025-04-13T01:48:52Z</time>
<hdop>3.79</hdop>
</trkpt>
<trkpt lat="36.0235736" lon="127.8783775">
<ele>1157.462</ele>
<time>2025-04-13T01:48:57Z</time>
<hdop>3.79</hdop>
</trkpt>
<trkpt lat="36.0235625" lon="127.8783286">
<ele>1155.894</ele>
<time>2025-04-13T01:49:02Z</time>
<hdop>3.79</hdop>
</trkpt>
<trkpt lat="36.0235574" lon="127.8782681">
<ele>1155.018</ele>
<time>2025-04-13T01:49:07Z</time>
<hdop>3.79</hdop>
</trkpt>
<trkpt lat="36.0235541" lon="127.878207">
<ele>1155.083</ele>
<time>2025-04-13T01:49:12Z</time>
<hdop>3.79</hdop>
</trkpt>
<trkpt lat="36.0235504" lon="127.8781741">
<ele>1152.626</ele>
<time>2025-04-13T01:49:17Z</time>
<hdop>3.79</hdop>
</trkpt>
<trkpt lat="36.0235268" lon="127.8781201">
<ele>1151.926</ele>
<time>2025-04-13T01:49:22Z</time>
<hdop>3.79</hdop>
</trkpt>
<trkpt lat="36.0235047" lon="127.8780675">
<ele>1152.852</ele>
<time>2025-04-13T01:49:27Z</time>
<hdop>3.79</hdop>
</trkpt>
<trkpt lat="36.0234938" lon="127.8780584">
<ele>1152.92</ele>
<time>2025-04-13T01:49:32Z</time>
<hdop>3.79</hdop>
</trkpt>
<trkpt lat="36.0234938" lon="127.8780584">
<ele>1152.965</ele>
<time>2025-04-13T01:49:37Z</time>
<hdop>3.79</hdop>
</trkpt>
<trkpt lat="36.0234938" lon="127.8780584">
<ele>1152.979</ele>
<time>2025-04-13T01:49:42Z</time>
<hdop>3.79</hdop>
</trkpt>
<trkpt lat="36.0234938" lon="127.8780584">
<ele>1153.01</ele>
<time>2025-04-13T01:49:47Z</time>
<hdop>3.79</hdop>
</trkpt>
<trkpt lat="36.0234938" lon="127.8780584">
<ele>1153.122</ele>
<time>2025-04-13T01:49:52Z</time>
<hdop>3.79</hdop>
</trkpt>
<trkpt lat="36.0234938" lon="127.8780584">
<ele>1153.205</ele>
<time>2025-04-13T01:49:57Z</time>
<hdop>3.79</hdop>
</trkpt>
<trkpt lat="36.0234938" lon="127.8780584">
<ele>1153.24</ele>
<time>2025-04-13T01:50:02Z</time>
<hdop>3.79</hdop>
</trkpt>
<trkpt lat="36.0234929" lon="127.8780456">
<ele>1154.166</ele>
<time>2025-04-13T01:50:07Z</time>
<hdop>3.79</hdop>
</trkpt>
<trkpt lat="36.0234705" lon="127.8780201">
<ele>1153.799</ele>
<time>2025-04-13T01:50:12Z</time>
<hdop>3.79</hdop>
</trkpt>
<trkpt lat="36.0234406" lon="127.8779946">
<ele>1155.542</ele>
<time>2025-04-13T01:50:17Z</time>
<hdop>3.79</hdop>
</trkpt>
<trkpt lat="36.0234173" lon="127.8779438">
<ele>1156.728</ele>
<time>2025-04-13T01:50:22Z</time>
<hdop>3.79</hdop>
</trkpt>
<trkpt lat="36.0234316" lon="127.8778851">
<ele>1156.68</ele>
<time>2025-04-13T01:50:27Z</time>
<hdop>3.79</hdop>
</trkpt>
<trkpt lat="36.023428" lon="127.877831">
<ele>1157.153</ele>
<time>2025-04-13T01:50:32Z</time>
<hdop>3.79</hdop>
</trkpt>
<trkpt lat="36.0234062" lon="127.8777859">
<ele>1158.116</ele>
<time>2025-04-13T01:50:37Z</time>
<hdop>3.79</hdop>
</trkpt>
<trkpt lat="36.0234023" lon="127.8777634">
<ele>1159.099</ele>
<time>2025-04-13T01:50:42Z</time>
<hdop>3.79</hdop>
</trkpt>
<trkpt lat="36.0234102" lon="127.8777229">
<ele>1159.182</ele>
<time>2025-04-13T01:50:47Z</time>
<hdop>3.79</hdop>
</trkpt>
<trkpt lat="36.0233923" lon="127.8776673">
<ele>1158.753</ele>
<time>2025-04-13T01:50:52Z</time>
<hdop>3.79</hdop>
</trkpt>
<trkpt lat="36.0233401" lon="127.8776431">
<ele>1160.032</ele>
<time>2025-04-13T01:50:57Z</time>
<hdop>3.79</hdop>
</trkpt>
<trkpt lat="36.0232931" lon="127.8776191">
<ele>1162.017</ele>
<time>2025-04-13T01:51:02Z</time>
<hdop>3.79</hdop>
</trkpt>
<trkpt lat="36.0232484" lon="127.8776112">
<ele>1164.483</ele>
<time>2025-04-13T01:51:07Z</time>
<hdop>3.79</hdop>
</trkpt>
<trkpt lat="36.0232018" lon="127.8775972">
<ele>1165.459</ele>
<time>2025-04-13T01:51:12Z</time>
<hdop>3.79</hdop>
</trkpt>
<trkpt lat="36.0231617" lon="127.877559">
<ele>1166.298</ele>
<time>2025-04-13T01:51:17Z</time>
<hdop>3.79</hdop>
</trkpt>
<trkpt lat="36.0231248" lon="127.8775083">
<ele>1166.791</ele>
<time>2025-04-13T01:51:22Z</time>
<hdop>3.79</hdop>
</trkpt>
<trkpt lat="36.0231005" lon="127.8774469">
<ele>1166.358</ele>
<time>2025-04-13T01:51:27Z</time>
<hdop>3.79</hdop>
</trkpt>
<trkpt lat="36.0230504" lon="127.8774342">
<ele>1167.254</ele>
<time>2025-04-13T01:51:32Z</time>
<hdop>3.79</hdop>
</trkpt>
<trkpt lat="36.0230073" lon="127.8774036">
<ele>1168.142</ele>
<time>2025-04-13T01:51:37Z</time>
<hdop>3.79</hdop>
</trkpt>
<trkpt lat="36.0229687" lon="127.8773524">
<ele>1168.322</ele>
<time>2025-04-13T01:51:42Z</time>
<hdop>3.79</hdop>
</trkpt>
<trkpt lat="36.0229244" lon="127.8773105">
<ele>1170.071</ele>
<time>2025-04-13T01:51:47Z</time>
<hdop>3.79</hdop>
</trkpt>
<trkpt lat="36.0229009" lon="127.8772739">
<ele>1170.315</ele>
<time>2025-04-13T01:51:52Z</time>
<hdop>3.79</hdop>
</trkpt>
<trkpt lat="36.0228892" lon="127.877234">
<ele>1169.878</ele>
<time>2025-04-13T01:51:57Z</time>
<hdop>3.79</hdop>
</trkpt>
<trkpt lat="36.0228892" lon="127.877234">
<ele>1170.312</ele>
<time>2025-04-13T01:52:02Z</time>
<hdop>3.79</hdop>
</trkpt>
<trkpt lat="36.0228892" lon="127.877234">
<ele>1170.361</ele>
<time>2025-04-13T01:52:03Z</time>
<hdop>3.79</hdop>
</trkpt>
<trkpt lat="36.0228892" lon="127.877234">
<ele>1170.695</ele>
<time>2025-04-13T01:52:13Z</time>
<hdop>3.79</hdop>
</trkpt>
<trkpt lat="36.0228892" lon="127.877234">
<ele>1170.772</ele>
<time>2025-04-13T01:52:18Z</time>
<hdop>3.79</hdop>
</trkpt>
<trkpt lat="36.0228683" lon="127.8772346">
<ele>1171.502</ele>
<time>2025-04-13T01:52:23Z</time>
<hdop>3.79</hdop>
</trkpt>
<trkpt lat="36.0228399" lon="127.8771858">
<ele>1171.414</ele>
<time>2025-04-13T01:52:28Z</time>
<hdop>3.79</hdop>
</trkpt>
<trkpt lat="36.0228255" lon="127.8771274">
<ele>1172.764</ele>
<time>2025-04-13T01:52:33Z</time>
<hdop>3.79</hdop>
</trkpt>
<trkpt lat="36.0228228" lon="127.8770693">
<ele>1173.475</ele>
<time>2025-04-13T01:52:38Z</time>
<hdop>3.79</hdop>
</trkpt>
<trkpt lat="36.0228051" lon="127.8770162">
<ele>1173.774</ele>
<time>2025-04-13T01:52:43Z</time>
<hdop>3.79</hdop>
</trkpt>
<trkpt lat="36.0228057" lon="127.8769836">
<ele>1172.965</ele>
<time>2025-04-13T01:52:48Z</time>
<hdop>3.79</hdop>
</trkpt>
<trkpt lat="36.0228035" lon="127.8769803">
<ele>1172.591</ele>
<time>2025-04-13T01:52:53Z</time>
<hdop>3.79</hdop>
</trkpt>
<trkpt lat="36.0227815" lon="127.8769607">
<ele>1172.711</ele>
<time>2025-04-13T01:52:58Z</time>
<hdop>3.79</hdop>
</trkpt>
<trkpt lat="36.0227557" lon="127.8769418">
<ele>1173.314</ele>
<time>2025-04-13T01:53:03Z</time>
<hdop>3.79</hdop>
</trkpt>
<trkpt lat="36.0227336" lon="127.8769253">
<ele>1174.016</ele>
<time>2025-04-13T01:53:08Z</time>
<hdop>3.79</hdop>
</trkpt>
<trkpt lat="36.022718" lon="127.8768951">
<ele>1175.033</ele>
<time>2025-04-13T01:53:13Z</time>
<hdop>3.79</hdop>
</trkpt>
<trkpt lat="36.0227115" lon="127.8768577">
<ele>1175.918</ele>
<time>2025-04-13T01:53:18Z</time>
<hdop>3.79</hdop>
</trkpt>
<trkpt lat="36.0226855" lon="127.8768349">
<ele>1175.922</ele>
<time>2025-04-13T01:53:23Z</time>
<hdop>3.79</hdop>
</trkpt>
<trkpt lat="36.0226488" lon="127.8768397">
<ele>1176.848</ele>
<time>2025-04-13T01:53:28Z</time>
<hdop>3.79</hdop>
</trkpt>
<trkpt lat="36.0226474" lon="127.876844">
<ele>1177.201</ele>
<time>2025-04-13T01:53:33Z</time>
<hdop>3.79</hdop>
</trkpt>
<trkpt lat="36.0226474" lon="127.876844">
<ele>1175.572</ele>
<time>2025-04-13T01:53:38Z</time>
<hdop>3.79</hdop>
</trkpt>
<trkpt lat="36.0226474" lon="127.876844">
<ele>1175.683</ele>
<time>2025-04-13T01:53:43Z</time>
<hdop>3.79</hdop>
</trkpt>
<trkpt lat="36.0226474" lon="127.876844">
<ele>1174.365</ele>
<time>2025-04-13T01:53:48Z</time>
<hdop>3.79</hdop>
</trkpt>
<trkpt lat="36.0226474" lon="127.876844">
<ele>1174.853</ele>
<time>2025-04-13T01:53:53Z</time>
<hdop>3.79</hdop>
</trkpt>
<trkpt lat="36.0226474" lon="127.876844">
<ele>1175.227</ele>
<time>2025-04-13T01:53:58Z</time>
<hdop>3.79</hdop>
</trkpt>
<trkpt lat="36.0226474" lon="127.876844">
<ele>1176.168</ele>
<time>2025-04-13T01:54:03Z</time>
<hdop>3.79</hdop>
</trkpt>
<trkpt lat="36.0226474" lon="127.876844">
<ele>1174.925</ele>
<time>2025-04-13T01:54:08Z</time>
<hdop>3.79</hdop>
</trkpt>
<trkpt lat="36.0226474" lon="127.876844">
<ele>1175.258</ele>
<time>2025-04-13T01:54:13Z</time>
<hdop>3.79</hdop>
</trkpt>
<trkpt lat="36.0226474" lon="127.876844">
<ele>1175.546</ele>
<time>2025-04-13T01:54:18Z</time>
<hdop>3.79</hdop>
</trkpt>
<trkpt lat="36.0226474" lon="127.876844">
<ele>1175.749</ele>
<time>2025-04-13T01:54:23Z</time>
<hdop>3.79</hdop>
</trkpt>
<trkpt lat="36.0226474" lon="127.876844">
<ele>1175.045</ele>
<time>2025-04-13T01:54:28Z</time>
<hdop>3.79</hdop>
</trkpt>
<trkpt lat="36.0226474" lon="127.876844">
<ele>1175.217</ele>
<time>2025-04-13T01:54:33Z</time>
<hdop>3.79</hdop>
</trkpt>
<trkpt lat="36.0226474" lon="127.876844">
<ele>1175.211</ele>
<time>2025-04-13T01:54:38Z</time>
<hdop>3.79</hdop>
</trkpt>
<trkpt lat="36.0226474" lon="127.876844">
<ele>1175.068</ele>
<time>2025-04-13T01:54:43Z</time>
<hdop>3.79</hdop>
</trkpt>
<trkpt lat="36.0226474" lon="127.876844">
<ele>1174.946</ele>
<time>2025-04-13T01:54:48Z</time>
<hdop>3.79</hdop>
</trkpt>
<trkpt lat="36.0226474" lon="127.876844">
<ele>1175.032</ele>
<time>2025-04-13T01:54:53Z</time>
<hdop>3.79</hdop>
</trkpt>
<trkpt lat="36.0226474" lon="127.876844">
<ele>1175.057</ele>
<time>2025-04-13T01:54:58Z</time>
<hdop>3.79</hdop>
</trkpt>
<trkpt lat="36.0226474" lon="127.876844">
<ele>1175.079</ele>
<time>2025-04-13T01:55:03Z</time>
<hdop>3.79</hdop>
</trkpt>
<trkpt lat="36.0226474" lon="127.876844">
<ele>1175.158</ele>
<time>2025-04-13T01:55:08Z</time>
<hdop>3.79</hdop>
</trkpt>
<trkpt lat="36.0226474" lon="127.876844">
<ele>1175.243</ele>
<time>2025-04-13T01:55:13Z</time>
<hdop>3.79</hdop>
</trkpt>
<trkpt lat="36.0226474" lon="127.876844">
<ele>1175.266</ele>
<time>2025-04-13T01:55:18Z</time>
<hdop>3.79</hdop>
</trkpt>
<trkpt lat="36.0226474" lon="127.876844">
<ele>1175.272</ele>
<time>2025-04-13T01:55:23Z</time>
<hdop>3.79</hdop>
</trkpt>
<trkpt lat="36.0226474" lon="127.876844">
<ele>1175.18</ele>
<time>2025-04-13T01:55:28Z</time>
<hdop>3.79</hdop>
</trkpt>
<trkpt lat="36.0226474" lon="127.876844">
<ele>1175.269</ele>
<time>2025-04-13T01:55:33Z</time>
<hdop>3.79</hdop>
</trkpt>
<trkpt lat="36.0226474" lon="127.876844">
<ele>1175.304</ele>
<time>2025-04-13T01:55:38Z</time>
<hdop>3.79</hdop>
</trkpt>
<trkpt lat="36.0226474" lon="127.876844">
<ele>1175.375</ele>
<time>2025-04-13T01:55:43Z</time>
<hdop>3.79</hdop>
</trkpt>
<trkpt lat="36.0226474" lon="127.876844">
<ele>1175.431</ele>
<time>2025-04-13T01:55:48Z</time>
<hdop>3.79</hdop>
</trkpt>
<trkpt lat="36.0226474" lon="127.876844">
<ele>1175.758</ele>
<time>2025-04-13T01:55:53Z</time>
<hdop>3.79</hdop>
</trkpt>
<trkpt lat="36.0226474" lon="127.876844">
<ele>1175.55</ele>
<time>2025-04-13T01:55:58Z</time>
<hdop>3.79</hdop>
</trkpt>
<trkpt lat="36.0226474" lon="127.876844">
<ele>1175.951</ele>
<time>2025-04-13T01:56:08Z</time>
<hdop>3.79</hdop>
</trkpt>
<trkpt lat="36.0226474" lon="127.876844">
<ele>1176.216</ele>
<time>2025-04-13T01:56:13Z</time>
<hdop>3.79</hdop>
</trkpt>
<trkpt lat="36.0226474" lon="127.876844">
<ele>1176.553</ele>
<time>2025-04-13T01:56:18Z</time>
<hdop>3.79</hdop>
</trkpt>
<trkpt lat="36.0226474" lon="127.876844">
<ele>1176.881</ele>
<time>2025-04-13T01:56:23Z</time>
<hdop>3.79</hdop>
</trkpt>
<trkpt lat="36.0226474" lon="127.876844">
<ele>1177.099</ele>
<time>2025-04-13T01:56:28Z</time>
<hdop>3.79</hdop>
</trkpt>
<trkpt lat="36.0226474" lon="127.876844">
<ele>1177.559</ele>
<time>2025-04-13T01:56:33Z</time>
<hdop>3.79</hdop>
</trkpt>
<trkpt lat="36.0226474" lon="127.876844">
<ele>1177.498</ele>
<time>2025-04-13T01:56:38Z</time>
<hdop>3.79</hdop>
</trkpt>
<trkpt lat="36.0226474" lon="127.876844">
<ele>1177.68</ele>
<time>2025-04-13T01:56:43Z</time>
<hdop>3.79</hdop>
</trkpt>
<trkpt lat="36.0226474" lon="127.876844">
<ele>1176.557</ele>
<time>2025-04-13T01:56:48Z</time>
<hdop>3.79</hdop>
</trkpt>
<trkpt lat="36.0226474" lon="127.876844">
<ele>1177.333</ele>
<time>2025-04-13T01:56:53Z</time>
<hdop>3.79</hdop>
</trkpt>
<trkpt lat="36.0226474" lon="127.876844">
<ele>1177.61</ele>
<time>2025-04-13T01:56:58Z</time>
<hdop>3.79</hdop>
</trkpt>
<trkpt lat="36.0226474" lon="127.876844">
<ele>1177.651</ele>
<time>2025-04-13T01:56:59Z</time>
<hdop>3.79</hdop>
</trkpt>
<trkpt lat="36.0226474" lon="127.876844">
<ele>1177.393</ele>
<time>2025-04-13T01:57:09Z</time>
<hdop>3.79</hdop>
</trkpt>
<trkpt lat="36.0226474" lon="127.876844">
<ele>1176.356</ele>
<time>2025-04-13T01:57:14Z</time>
<hdop>3.79</hdop>
</trkpt>
<trkpt lat="36.0226474" lon="127.876844">
<ele>1176.683</ele>
<time>2025-04-13T01:57:19Z</time>
<hdop>3.79</hdop>
</trkpt>
<trkpt lat="36.0226474" lon="127.876844">
<ele>1177.177</ele>
<time>2025-04-13T01:57:24Z</time>
<hdop>3.79</hdop>
</trkpt>
<trkpt lat="36.0226474" lon="127.876844">
<ele>1177.466</ele>
<time>2025-04-13T01:57:29Z</time>
<hdop>3.79</hdop>
</trkpt>
<trkpt lat="36.0226474" lon="127.876844">
<ele>1178.389</ele>
<time>2025-04-13T01:57:34Z</time>
<hdop>3.79</hdop>
</trkpt>
<trkpt lat="36.0226474" lon="127.876844">
<ele>1177.228</ele>
<time>2025-04-13T01:57:39Z</time>
<hdop>3.79</hdop>
</trkpt>
<trkpt lat="36.0226474" lon="127.876844">
<ele>1176.599</ele>
<time>2025-04-13T01:57:44Z</time>
<hdop>3.79</hdop>
</trkpt>
<trkpt lat="36.0226474" lon="127.876844">
<ele>1175.832</ele>
<time>2025-04-13T01:57:49Z</time>
<hdop>3.79</hdop>
</trkpt>
<trkpt lat="36.0226474" lon="127.876844">
<ele>1176.322</ele>
<time>2025-04-13T01:57:54Z</time>
<hdop>3.79</hdop>
</trkpt>
<trkpt lat="36.0226474" lon="127.876844">
<ele>1176.44</ele>
<time>2025-04-13T01:58:03Z</time>
<hdop>3.79</hdop>
</trkpt>
<trkpt lat="36.0226474" lon="127.876844">
<ele>1176.877</ele>
<time>2025-04-13T01:58:08Z</time>
<hdop>3.79</hdop>
</trkpt>
<trkpt lat="36.0226474" lon="127.876844">
<ele>1176.785</ele>
<time>2025-04-13T01:58:13Z</time>
<hdop>3.79</hdop>
</trkpt>
<trkpt lat="36.0226474" lon="127.876844">
<ele>1176.789</ele>
<time>2025-04-13T01:58:18Z</time>
<hdop>3.79</hdop>
</trkpt>
<trkpt lat="36.0226474" lon="127.876844">
<ele>1174.995</ele>
<time>2025-04-13T01:58:23Z</time>
<hdop>3.79</hdop>
</trkpt>
<trkpt lat="36.0226474" lon="127.876844">
<ele>1174.683</ele>
<time>2025-04-13T01:58:28Z</time>
<hdop>3.79</hdop>
</trkpt>
<trkpt lat="36.0226474" lon="127.876844">
<ele>1174.779</ele>
<time>2025-04-13T01:58:33Z</time>
<hdop>3.79</hdop>
</trkpt>
<trkpt lat="36.0226474" lon="127.876844">
<ele>1174.964</ele>
<time>2025-04-13T01:58:38Z</time>
<hdop>3.79</hdop>
</trkpt>
<trkpt lat="36.0226474" lon="127.876844">
<ele>1175.162</ele>
<time>2025-04-13T01:58:43Z</time>
<hdop>3.79</hdop>
</trkpt>
<trkpt lat="36.0226474" lon="127.876844">
<ele>1175.289</ele>
<time>2025-04-13T01:58:48Z</time>
<hdop>3.79</hdop>
</trkpt>
<trkpt lat="36.0226474" lon="127.876844">
<ele>1175.413</ele>
<time>2025-04-13T01:58:53Z</time>
<hdop>3.79</hdop>
</trkpt>
<trkpt lat="36.0226474" lon="127.876844">
<ele>1175.587</ele>
<time>2025-04-13T01:58:58Z</time>
<hdop>3.79</hdop>
</trkpt>
<trkpt lat="36.0226474" lon="127.876844">
<ele>1175.808</ele>
<time>2025-04-13T01:59:03Z</time>
<hdop>3.79</hdop>
</trkpt>
<trkpt lat="36.0226474" lon="127.876844">
<ele>1175.973</ele>
<time>2025-04-13T01:59:08Z</time>
<hdop>3.79</hdop>
</trkpt>
<trkpt lat="36.0226474" lon="127.876844">
<ele>1176.134</ele>
<time>2025-04-13T01:59:13Z</time>
<hdop>3.79</hdop>
</trkpt>
<trkpt lat="36.0226474" lon="127.876844">
<ele>1176.232</ele>
<time>2025-04-13T01:59:18Z</time>
<hdop>3.79</hdop>
</trkpt>
<trkpt lat="36.0226474" lon="127.876844">
<ele>1176.278</ele>
<time>2025-04-13T01:59:23Z</time>
<hdop>3.79</hdop>
</trkpt>
<trkpt lat="36.0226474" lon="127.876844">
<ele>1176.584</ele>
<time>2025-04-13T01:59:28Z</time>
<hdop>3.79</hdop>
</trkpt>
<trkpt lat="36.0226474" lon="127.876844">
<ele>1176.776</ele>
<time>2025-04-13T01:59:33Z</time>
<hdop>3.79</hdop>
</trkpt>
<trkpt lat="36.0226474" lon="127.876844">
<ele>1176.882</ele>
<time>2025-04-13T01:59:38Z</time>
<hdop>3.79</hdop>
</trkpt>
<trkpt lat="36.0226474" lon="127.876844">
<ele>1177.119</ele>
<time>2025-04-13T01:59:43Z</time>
<hdop>3.79</hdop>
</trkpt>
<trkpt lat="36.0226474" lon="127.876844">
<ele>1177.236</ele>
<time>2025-04-13T01:59:48Z</time>
<hdop>3.79</hdop>
</trkpt>
<trkpt lat="36.0226474" lon="127.876844">
<ele>1175.947</ele>
<time>2025-04-13T01:59:53Z</time>
<hdop>3.79</hdop>
</trkpt>
<trkpt lat="36.0226474" lon="127.876844">
<ele>1175.671</ele>
<time>2025-04-13T01:59:58Z</time>
<hdop>3.79</hdop>
</trkpt>
<trkpt lat="36.0226474" lon="127.876844">
<ele>1176.003</ele>
<time>2025-04-13T02:00:03Z</time>
<hdop>3.79</hdop>
</trkpt>
<trkpt lat="36.0226474" lon="127.876844">
<ele>1175.723</ele>
<time>2025-04-13T02:00:08Z</time>
<hdop>3.79</hdop>
</trkpt>
<trkpt lat="36.0226474" lon="127.876844">
<ele>1175.731</ele>
<time>2025-04-13T02:00:13Z</time>
<hdop>3.79</hdop>
</trkpt>
<trkpt lat="36.0226474" lon="127.876844">
<ele>1175.72</ele>
<time>2025-04-13T02:00:18Z</time>
<hdop>3.79</hdop>
</trkpt>
<trkpt lat="36.0226474" lon="127.876844">
<ele>1175.286</ele>
<time>2025-04-13T02:00:23Z</time>
<hdop>3.79</hdop>
</trkpt>
<trkpt lat="36.0226474" lon="127.876844">
<ele>1175.327</ele>
<time>2025-04-13T02:00:28Z</time>
<hdop>3.79</hdop>
</trkpt>
<trkpt lat="36.0226474" lon="127.876844">
<ele>1175.397</ele>
<time>2025-04-13T02:00:33Z</time>
<hdop>3.79</hdop>
</trkpt>
<trkpt lat="36.0226474" lon="127.876844">
<ele>1174.507</ele>
<time>2025-04-13T02:00:38Z</time>
<hdop>3.79</hdop>
</trkpt>
<trkpt lat="36.0226474" lon="127.876844">
<ele>1172.785</ele>
<time>2025-04-13T02:00:43Z</time>
<hdop>3.79</hdop>
</trkpt>
<trkpt lat="36.0226474" lon="127.876844">
<ele>1172.69</ele>
<time>2025-04-13T02:00:48Z</time>
<hdop>3.79</hdop>
</trkpt>
<trkpt lat="36.0226474" lon="127.876844">
<ele>1172.746</ele>
<time>2025-04-13T02:00:53Z</time>
<hdop>3.79</hdop>
</trkpt>
<trkpt lat="36.0226474" lon="127.876844">
<ele>1172.806</ele>
<time>2025-04-13T02:00:58Z</time>
<hdop>3.79</hdop>
</trkpt>
<trkpt lat="36.0226474" lon="127.876844">
<ele>1172.787</ele>
<time>2025-04-13T02:01:03Z</time>
<hdop>3.79</hdop>
</trkpt>
<trkpt lat="36.0226474" lon="127.876844">
<ele>1172.911</ele>
<time>2025-04-13T02:01:08Z</time>
<hdop>3.79</hdop>
</trkpt>
<trkpt lat="36.0226474" lon="127.876844">
<ele>1173.024</ele>
<time>2025-04-13T02:01:13Z</time>
<hdop>3.79</hdop>
</trkpt>
<trkpt lat="36.0226474" lon="127.876844">
<ele>1173.117</ele>
<time>2025-04-13T02:01:18Z</time>
<hdop>3.79</hdop>
</trkpt>
<trkpt lat="36.0226474" lon="127.876844">
<ele>1173.235</ele>
<time>2025-04-13T02:01:23Z</time>
<hdop>3.79</hdop>
</trkpt>
<trkpt lat="36.0226474" lon="127.876844">
<ele>1173.318</ele>
<time>2025-04-13T02:01:28Z</time>
<hdop>3.79</hdop>
</trkpt>
<trkpt lat="36.0226474" lon="127.876844">
<ele>1173.413</ele>
<time>2025-04-13T02:01:33Z</time>
<hdop>3.79</hdop>
</trkpt>
<trkpt lat="36.0226474" lon="127.876844">
<ele>1173.458</ele>
<time>2025-04-13T02:01:38Z</time>
<hdop>3.79</hdop>
</trkpt>
<trkpt lat="36.0226474" lon="127.876844">
<ele>1173.482</ele>
<time>2025-04-13T02:01:43Z</time>
<hdop>3.79</hdop>
</trkpt>
<trkpt lat="36.0226474" lon="127.876844">
<ele>1173.536</ele>
<time>2025-04-13T02:01:48Z</time>
<hdop>3.79</hdop>
</trkpt>
<trkpt lat="36.0226474" lon="127.876844">
<ele>1173.556</ele>
<time>2025-04-13T02:01:53Z</time>
<hdop>3.79</hdop>
</trkpt>
<trkpt lat="36.0226474" lon="127.876844">
<ele>1173.599</ele>
<time>2025-04-13T02:01:58Z</time>
<hdop>3.79</hdop>
</trkpt>
<trkpt lat="36.0226474" lon="127.876844">
<ele>1172.208</ele>
<time>2025-04-13T02:02:03Z</time>
<hdop>3.79</hdop>
</trkpt>
<trkpt lat="36.0226474" lon="127.876844">
<ele>1172.159</ele>
<time>2025-04-13T02:02:08Z</time>
<hdop>3.79</hdop>
</trkpt>
<trkpt lat="36.0226474" lon="127.876844">
<ele>1173.154</ele>
<time>2025-04-13T02:02:18Z</time>
<hdop>3.79</hdop>
</trkpt>
<trkpt lat="36.0226474" lon="127.876844">
<ele>1173.673</ele>
<time>2025-04-13T02:02:23Z</time>
<hdop>3.79</hdop>
</trkpt>
<trkpt lat="36.0226474" lon="127.876844">
<ele>1174.089</ele>
<time>2025-04-13T02:02:28Z</time>
<hdop>3.79</hdop>
</trkpt>
<trkpt lat="36.0226474" lon="127.876844">
<ele>1174.134</ele>
<time>2025-04-13T02:02:33Z</time>
<hdop>3.79</hdop>
</trkpt>
<trkpt lat="36.0226474" lon="127.876844">
<ele>1174.305</ele>
<time>2025-04-13T02:02:38Z</time>
<hdop>3.79</hdop>
</trkpt>
<trkpt lat="36.0226474" lon="127.876844">
<ele>1174.418</ele>
<time>2025-04-13T02:02:43Z</time>
<hdop>3.79</hdop>
</trkpt>
<trkpt lat="36.0226474" lon="127.876844">
<ele>1174.558</ele>
<time>2025-04-13T02:02:48Z</time>
<hdop>3.79</hdop>
</trkpt>
<trkpt lat="36.0226474" lon="127.876844">
<ele>1174.624</ele>
<time>2025-04-13T02:02:53Z</time>
<hdop>3.79</hdop>
</trkpt>
<trkpt lat="36.0226474" lon="127.876844">
<ele>1174.565</ele>
<time>2025-04-13T02:02:58Z</time>
<hdop>3.79</hdop>
</trkpt>
<trkpt lat="36.0226474" lon="127.876844">
<ele>1173.576</ele>
<time>2025-04-13T02:03:03Z</time>
<hdop>3.79</hdop>
</trkpt>
<trkpt lat="36.0226474" lon="127.876844">
<ele>1173.378</ele>
<time>2025-04-13T02:03:08Z</time>
<hdop>3.79</hdop>
</trkpt>
<trkpt lat="36.0226474" lon="127.876844">
<ele>1173.386</ele>
<time>2025-04-13T02:03:13Z</time>
<hdop>3.79</hdop>
</trkpt>
<trkpt lat="36.0226474" lon="127.876844">
<ele>1173.4</ele>
<time>2025-04-13T02:03:18Z</time>
<hdop>3.79</hdop>
</trkpt>
<trkpt lat="36.0226474" lon="127.876844">
<ele>1173.419</ele>
<time>2025-04-13T02:03:23Z</time>
<hdop>4.26</hdop>
</trkpt>
<trkpt lat="36.0226474" lon="127.876844">
<ele>1173.305</ele>
<time>2025-04-13T02:03:28Z</time>
<hdop>3.79</hdop>
</trkpt>
<trkpt lat="36.0226474" lon="127.876844">
<ele>1173.308</ele>
<time>2025-04-13T02:03:33Z</time>
<hdop>3.79</hdop>
</trkpt>
<trkpt lat="36.0226474" lon="127.876844">
<ele>1173.304</ele>
<time>2025-04-13T02:03:38Z</time>
<hdop>3.79</hdop>
</trkpt>
<trkpt lat="36.0226474" lon="127.876844">
<ele>1173.407</ele>
<time>2025-04-13T02:03:43Z</time>
<hdop>3.79</hdop>
</trkpt>
<trkpt lat="36.0226474" lon="127.876844">
<ele>1172.938</ele>
<time>2025-04-13T02:03:48Z</time>
<hdop>3.79</hdop>
</trkpt>
<trkpt lat="36.0226474" lon="127.876844">
<ele>1172.96</ele>
<time>2025-04-13T02:03:53Z</time>
<hdop>3.79</hdop>
</trkpt>
<trkpt lat="36.0226474" lon="127.876844">
<ele>1172.794</ele>
<time>2025-04-13T02:03:58Z</time>
<hdop>3.79</hdop>
</trkpt>
<trkpt lat="36.0226474" lon="127.876844">
<ele>1172.585</ele>
<time>2025-04-13T02:04:03Z</time>
<hdop>3.79</hdop>
</trkpt>
<trkpt lat="36.0226474" lon="127.876844">
<ele>1172.49</ele>
<time>2025-04-13T02:04:08Z</time>
<hdop>3.79</hdop>
</trkpt>
<trkpt lat="36.0226474" lon="127.876844">
<ele>1172.524</ele>
<time>2025-04-13T02:04:13Z</time>
<hdop>3.79</hdop>
</trkpt>
<trkpt lat="36.0226474" lon="127.876844">
<ele>1172.932</ele>
<time>2025-04-13T02:04:18Z</time>
<hdop>3.79</hdop>
</trkpt>
<trkpt lat="36.0226474" lon="127.876844">
<ele>1173.05</ele>
<time>2025-04-13T02:04:23Z</time>
<hdop>3.79</hdop>
</trkpt>
<trkpt lat="36.0226474" lon="127.876844">
<ele>1173.105</ele>
<time>2025-04-13T02:04:28Z</time>
<hdop>3.79</hdop>
</trkpt>
<trkpt lat="36.0226474" lon="127.876844">
<ele>1174.264</ele>
<time>2025-04-13T02:04:33Z</time>
<hdop>3.79</hdop>
</trkpt>
<trkpt lat="36.0226474" lon="127.876844">
<ele>1174.51</ele>
<time>2025-04-13T02:04:37Z</time>
<hdop>3.79</hdop>
</trkpt>
<trkpt lat="36.0226474" lon="127.876844">
<ele>1174.87</ele>
<time>2025-04-13T02:04:47Z</time>
<hdop>3.79</hdop>
</trkpt>
<trkpt lat="36.0226474" lon="127.876844">
<ele>1175.699</ele>
<time>2025-04-13T02:04:52Z</time>
<hdop>3.79</hdop>
</trkpt>
<trkpt lat="36.0226474" lon="127.876844">
<ele>1175.737</ele>
<time>2025-04-13T02:04:57Z</time>
<hdop>3.79</hdop>
</trkpt>
<trkpt lat="36.0226474" lon="127.876844">
<ele>1176.102</ele>
<time>2025-04-13T02:05:02Z</time>
<hdop>3.79</hdop>
</trkpt>
<trkpt lat="36.0226474" lon="127.876844">
<ele>1176.376</ele>
<time>2025-04-13T02:05:07Z</time>
<hdop>3.79</hdop>
</trkpt>
<trkpt lat="36.0226474" lon="127.876844">
<ele>1176.545</ele>
<time>2025-04-13T02:05:12Z</time>
<hdop>3.79</hdop>
</trkpt>
<trkpt lat="36.0226474" lon="127.876844">
<ele>1177.044</ele>
<time>2025-04-13T02:05:17Z</time>
<hdop>3.79</hdop>
</trkpt>
<trkpt lat="36.0226474" lon="127.876844">
<ele>1175.287</ele>
<time>2025-04-13T02:05:22Z</time>
<hdop>3.79</hdop>
</trkpt>
<trkpt lat="36.0226474" lon="127.876844">
<ele>1175.12</ele>
<time>2025-04-13T02:05:27Z</time>
<hdop>3.79</hdop>
</trkpt>
<trkpt lat="36.0226474" lon="127.876844">
<ele>1174.177</ele>
<time>2025-04-13T02:05:32Z</time>
<hdop>3.79</hdop>
</trkpt>
<trkpt lat="36.0226474" lon="127.876844">
<ele>1174.239</ele>
<time>2025-04-13T02:05:37Z</time>
<hdop>3.79</hdop>
</trkpt>
<trkpt lat="36.0226474" lon="127.876844">
<ele>1174.332</ele>
<time>2025-04-13T02:05:41Z</time>
<hdop>3.79</hdop>
</trkpt>
<trkpt lat="36.0226474" lon="127.876844">
<ele>1174.827</ele>
<time>2025-04-13T02:05:51Z</time>
<hdop>3.79</hdop>
</trkpt>
<trkpt lat="36.0226474" lon="127.876844">
<ele>1174.212</ele>
<time>2025-04-13T02:05:56Z</time>
<hdop>3.79</hdop>
</trkpt>
<trkpt lat="36.0226474" lon="127.876844">
<ele>1173.948</ele>
<time>2025-04-13T02:06:01Z</time>
<hdop>3.79</hdop>
</trkpt>
<trkpt lat="36.0226474" lon="127.876844">
<ele>1174.894</ele>
<time>2025-04-13T02:06:06Z</time>
<hdop>3.79</hdop>
</trkpt>
<trkpt lat="36.0226474" lon="127.876844">
<ele>1175.005</ele>
<time>2025-04-13T02:06:11Z</time>
<hdop>3.79</hdop>
</trkpt>
<trkpt lat="36.0226474" lon="127.876844">
<ele>1173.954</ele>
<time>2025-04-13T02:06:16Z</time>
<hdop>3.79</hdop>
</trkpt>
<trkpt lat="36.0226474" lon="127.876844">
<ele>1174.195</ele>
<time>2025-04-13T02:06:21Z</time>
<hdop>3.79</hdop>
</trkpt>
<trkpt lat="36.0226474" lon="127.876844">
<ele>1173.413</ele>
<time>2025-04-13T02:06:25Z</time>
<hdop>3.79</hdop>
</trkpt>
<trkpt lat="36.0226474" lon="127.876844">
<ele>1173.528</ele>
<time>2025-04-13T02:06:35Z</time>
<hdop>3.79</hdop>
</trkpt>
<trkpt lat="36.0226474" lon="127.876844">
<ele>1173.73</ele>
<time>2025-04-13T02:06:40Z</time>
<hdop>3.79</hdop>
</trkpt>
<trkpt lat="36.0226474" lon="127.876844">
<ele>1174.04</ele>
<time>2025-04-13T02:06:45Z</time>
<hdop>3.79</hdop>
</trkpt>
<trkpt lat="36.0226474" lon="127.876844">
<ele>1175.602</ele>
<time>2025-04-13T02:06:50Z</time>
<hdop>3.79</hdop>
</trkpt>
<trkpt lat="36.0226474" lon="127.876844">
<ele>1175.772</ele>
<time>2025-04-13T02:06:55Z</time>
<hdop>3.79</hdop>
</trkpt>
<trkpt lat="36.0226474" lon="127.876844">
<ele>1176.429</ele>
<time>2025-04-13T02:07:00Z</time>
<hdop>3.79</hdop>
</trkpt>
<trkpt lat="36.0226474" lon="127.876844">
<ele>1176.053</ele>
<time>2025-04-13T02:07:05Z</time>
<hdop>3.79</hdop>
</trkpt>
<trkpt lat="36.0226474" lon="127.876844">
<ele>1176.292</ele>
<time>2025-04-13T02:07:10Z</time>
<hdop>3.79</hdop>
</trkpt>
<trkpt lat="36.0226474" lon="127.876844">
<ele>1175.497</ele>
<time>2025-04-13T02:07:15Z</time>
<hdop>3.79</hdop>
</trkpt>
<trkpt lat="36.0226474" lon="127.876844">
<ele>1176.001</ele>
<time>2025-04-13T02:07:20Z</time>
<hdop>3.79</hdop>
</trkpt>
<trkpt lat="36.0226474" lon="127.876844">
<ele>1176.344</ele>
<time>2025-04-13T02:07:25Z</time>
<hdop>3.79</hdop>
</trkpt>
<trkpt lat="36.0226474" lon="127.876844">
<ele>1176.593</ele>
<time>2025-04-13T02:07:30Z</time>
<hdop>3.79</hdop>
</trkpt>
<trkpt lat="36.0226474" lon="127.876844">
<ele>1176.927</ele>
<time>2025-04-13T02:07:35Z</time>
<hdop>3.79</hdop>
</trkpt>
<trkpt lat="36.0226474" lon="127.876844">
<ele>1177.284</ele>
<time>2025-04-13T02:07:40Z</time>
<hdop>3.79</hdop>
</trkpt>
<trkpt lat="36.0226474" lon="127.876844">
<ele>1177.529</ele>
<time>2025-04-13T02:07:45Z</time>
<hdop>3.79</hdop>
</trkpt>
<trkpt lat="36.0226474" lon="127.876844">
<ele>1177.724</ele>
<time>2025-04-13T02:07:50Z</time>
<hdop>3.79</hdop>
</trkpt>
<trkpt lat="36.0226474" lon="127.876844">
<ele>1177.953</ele>
<time>2025-04-13T02:07:55Z</time>
<hdop>3.79</hdop>
</trkpt>
<trkpt lat="36.0226474" lon="127.876844">
<ele>1178.042</ele>
<time>2025-04-13T02:08:00Z</time>
<hdop>3.79</hdop>
</trkpt>
<trkpt lat="36.0226474" lon="127.876844">
<ele>1176.28</ele>
<time>2025-04-13T02:08:05Z</time>
<hdop>3.79</hdop>
</trkpt>
<trkpt lat="36.0226474" lon="127.876844">
<ele>1175.905</ele>
<time>2025-04-13T02:08:10Z</time>
<hdop>3.79</hdop>
</trkpt>
<trkpt lat="36.0226474" lon="127.876844">
<ele>1175.805</ele>
<time>2025-04-13T02:08:15Z</time>
<hdop>3.79</hdop>
</trkpt>
<trkpt lat="36.0226474" lon="127.876844">
<ele>1176.501</ele>
<time>2025-04-13T02:08:20Z</time>
<hdop>3.79</hdop>
</trkpt>
<trkpt lat="36.0226474" lon="127.876844">
<ele>1174.469</ele>
<time>2025-04-13T02:08:25Z</time>
<hdop>3.79</hdop>
</trkpt>
<trkpt lat="36.0226474" lon="127.876844">
<ele>1174.569</ele>
<time>2025-04-13T02:08:30Z</time>
<hdop>3.79</hdop>
</trkpt>
<trkpt lat="36.0226474" lon="127.876844">
<ele>1174.603</ele>
<time>2025-04-13T02:08:35Z</time>
<hdop>3.79</hdop>
</trkpt>
<trkpt lat="36.0226474" lon="127.876844">
<ele>1174.693</ele>
<time>2025-04-13T02:08:40Z</time>
<hdop>3.79</hdop>
</trkpt>
<trkpt lat="36.0226474" lon="127.876844">
<ele>1174.963</ele>
<time>2025-04-13T02:08:45Z</time>
<hdop>3.79</hdop>
</trkpt>
<trkpt lat="36.0226474" lon="127.876844">
<ele>1175.042</ele>
<time>2025-04-13T02:08:50Z</time>
<hdop>3.79</hdop>
</trkpt>
<trkpt lat="36.0226474" lon="127.876844">
<ele>1175.014</ele>
<time>2025-04-13T02:08:55Z</time>
<hdop>3.79</hdop>
</trkpt>
<trkpt lat="36.0226474" lon="127.876844">
<ele>1174.954</ele>
<time>2025-04-13T02:09:00Z</time>
<hdop>3.79</hdop>
</trkpt>
<trkpt lat="36.0226474" lon="127.876844">
<ele>1174.409</ele>
<time>2025-04-13T02:09:05Z</time>
<hdop>3.79</hdop>
</trkpt>
<trkpt lat="36.0226474" lon="127.876844">
<ele>1174.038</ele>
<time>2025-04-13T02:09:10Z</time>
<hdop>3.79</hdop>
</trkpt>
<trkpt lat="36.0226474" lon="127.876844">
<ele>1173.94</ele>
<time>2025-04-13T02:09:15Z</time>
<hdop>3.79</hdop>
</trkpt>
<trkpt lat="36.0226474" lon="127.876844">
<ele>1173.833</ele>
<time>2025-04-13T02:09:20Z</time>
<hdop>3.79</hdop>
</trkpt>
<trkpt lat="36.0226474" lon="127.876844">
<ele>1175.231</ele>
<time>2025-04-13T02:09:25Z</time>
<hdop>3.79</hdop>
</trkpt>
<trkpt lat="36.0226474" lon="127.876844">
<ele>1175.442</ele>
<time>2025-04-13T02:09:30Z</time>
<hdop>3.79</hdop>
</trkpt>
<trkpt lat="36.0226474" lon="127.876844">
<ele>1175.408</ele>
<time>2025-04-13T02:09:35Z</time>
<hdop>3.79</hdop>
</trkpt>
<trkpt lat="36.0226474" lon="127.876844">
<ele>1175.522</ele>
<time>2025-04-13T02:09:40Z</time>
<hdop>3.79</hdop>
</trkpt>
<trkpt lat="36.0226474" lon="127.876844">
<ele>1175.628</ele>
<time>2025-04-13T02:09:45Z</time>
<hdop>3.79</hdop>
</trkpt>
<trkpt lat="36.0226474" lon="127.876844">
<ele>1175.879</ele>
<time>2025-04-13T02:09:50Z</time>
<hdop>3.79</hdop>
</trkpt>
<trkpt lat="36.0226474" lon="127.876844">
<ele>1176.204</ele>
<time>2025-04-13T02:09:55Z</time>
<hdop>3.79</hdop>
</trkpt>
<trkpt lat="36.0227269" lon="127.8768885">
<ele>1175.118</ele>
<time>2025-04-13T02:10:00Z</time>
<hdop>3.79</hdop>
</trkpt>
<trkpt lat="36.0227575" lon="127.8769498">
<ele>1174.718</ele>
<time>2025-04-13T02:10:05Z</time>
<hdop>3.79</hdop>
</trkpt>
<trkpt lat="36.0227982" lon="127.8769847">
<ele>1174.536</ele>
<time>2025-04-13T02:10:10Z</time>
<hdop>3.79</hdop>
</trkpt>
<trkpt lat="36.0228122" lon="127.8770292">
<ele>1174.075</ele>
<time>2025-04-13T02:10:15Z</time>
<hdop>3.79</hdop>
</trkpt>
<trkpt lat="36.0228155" lon="127.8770349">
<ele>1173.589</ele>
<time>2025-04-13T02:10:20Z</time>
<hdop>3.79</hdop>
</trkpt>
<trkpt lat="36.0228338" lon="127.8770837">
<ele>1172.825</ele>
<time>2025-04-13T02:10:25Z</time>
<hdop>3.79</hdop>
</trkpt>
<trkpt lat="36.0228373" lon="127.8771415">
<ele>1172.392</ele>
<time>2025-04-13T02:10:30Z</time>
<hdop>3.79</hdop>
</trkpt>
<trkpt lat="36.0228563" lon="127.8771942">
<ele>1171.114</ele>
<time>2025-04-13T02:10:35Z</time>
<hdop>3.79</hdop>
</trkpt>
<trkpt lat="36.0228855" lon="127.8772363">
<ele>1170.712</ele>
<time>2025-04-13T02:10:40Z</time>
<hdop>3.79</hdop>
</trkpt>
<trkpt lat="36.0229119" lon="127.8772852">
<ele>1170.087</ele>
<time>2025-04-13T02:10:45Z</time>
<hdop>3.79</hdop>
</trkpt>
<trkpt lat="36.0229388" lon="127.8773342">
<ele>1168.698</ele>
<time>2025-04-13T02:10:50Z</time>
<hdop>3.79</hdop>
</trkpt>
<trkpt lat="36.0229862" lon="127.8773747">
<ele>1167.569</ele>
<time>2025-04-13T02:10:55Z</time>
<hdop>3.79</hdop>
</trkpt>
<trkpt lat="36.0230289" lon="127.877423">
<ele>1167.472</ele>
<time>2025-04-13T02:11:00Z</time>
<hdop>3.79</hdop>
</trkpt>
<trkpt lat="36.0230702" lon="127.8774481">
<ele>1166.538</ele>
<time>2025-04-13T02:11:05Z</time>
<hdop>3.79</hdop>
</trkpt>
<trkpt lat="36.0231108" lon="127.8774738">
<ele>1166.411</ele>
<time>2025-04-13T02:11:10Z</time>
<hdop>3.79</hdop>
</trkpt>
<trkpt lat="36.0231358" lon="127.8775271">
<ele>1166.591</ele>
<time>2025-04-13T02:11:15Z</time>
<hdop>3.79</hdop>
</trkpt>
<trkpt lat="36.0231729" lon="127.8775862">
<ele>1166.022</ele>
<time>2025-04-13T02:11:20Z</time>
<hdop>3.79</hdop>
</trkpt>
<trkpt lat="36.0232231" lon="127.8776105">
<ele>1164.838</ele>
<time>2025-04-13T02:11:25Z</time>
<hdop>3.79</hdop>
</trkpt>
<trkpt lat="36.0232697" lon="127.8776216">
<ele>1164.389</ele>
<time>2025-04-13T02:11:30Z</time>
<hdop>3.79</hdop>
</trkpt>
<trkpt lat="36.0233064" lon="127.8776334">
<ele>1163.55</ele>
<time>2025-04-13T02:11:35Z</time>
<hdop>3.79</hdop>
</trkpt>
<trkpt lat="36.0233535" lon="127.8776552">
<ele>1162.491</ele>
<time>2025-04-13T02:11:40Z</time>
<hdop>3.79</hdop>
</trkpt>
<trkpt lat="36.0234011" lon="127.8776862">
<ele>1161.402</ele>
<time>2025-04-13T02:11:45Z</time>
<hdop>3.79</hdop>
</trkpt>
<trkpt lat="36.0234028" lon="127.8777536">
<ele>1160.761</ele>
<time>2025-04-13T02:11:50Z</time>
<hdop>3.79</hdop>
</trkpt>
<trkpt lat="36.0234136" lon="127.8778129">
<ele>1160.249</ele>
<time>2025-04-13T02:11:55Z</time>
<hdop>3.79</hdop>
</trkpt>
<trkpt lat="36.0234184" lon="127.8778757">
<ele>1159.515</ele>
<time>2025-04-13T02:12:00Z</time>
<hdop>3.79</hdop>
</trkpt>
<trkpt lat="36.0234175" lon="127.8779324">
<ele>1159.55</ele>
<time>2025-04-13T02:12:05Z</time>
<hdop>3.79</hdop>
</trkpt>
<trkpt lat="36.023426" lon="127.8779903">
<ele>1157.596</ele>
<time>2025-04-13T02:12:10Z</time>
<hdop>3.79</hdop>
</trkpt>
<trkpt lat="36.023457" lon="127.8780308">
<ele>1156.853</ele>
<time>2025-04-13T02:12:15Z</time>
<hdop>3.79</hdop>
</trkpt>
<trkpt lat="36.0234807" lon="127.8780713">
<ele>1156.916</ele>
<time>2025-04-13T02:12:20Z</time>
<hdop>3.79</hdop>
</trkpt>
<trkpt lat="36.0235023" lon="127.8781402">
<ele>1157.967</ele>
<time>2025-04-13T02:12:25Z</time>
<hdop>3.79</hdop>
</trkpt>
<trkpt lat="36.0235239" lon="127.8781962">
<ele>1156.859</ele>
<time>2025-04-13T02:12:30Z</time>
<hdop>3.79</hdop>
</trkpt>
<trkpt lat="36.0235404" lon="127.8782499">
<ele>1156.554</ele>
<time>2025-04-13T02:12:35Z</time>
<hdop>3.79</hdop>
</trkpt>
<trkpt lat="36.0235444" lon="127.8783124">
<ele>1158.152</ele>
<time>2025-04-13T02:12:40Z</time>
<hdop>3.79</hdop>
</trkpt>
<trkpt lat="36.0235513" lon="127.8783652">
<ele>1159.337</ele>
<time>2025-04-13T02:12:45Z</time>
<hdop>3.79</hdop>
</trkpt>
<trkpt lat="36.0235664" lon="127.8784134">
<ele>1160.68</ele>
<time>2025-04-13T02:12:50Z</time>
<hdop>3.79</hdop>
</trkpt>
<trkpt lat="36.0235546" lon="127.8784437">
<ele>1160.986</ele>
<time>2025-04-13T02:12:55Z</time>
<hdop>3.79</hdop>
</trkpt>
<trkpt lat="36.0235468" lon="127.8784826">
<ele>1162.903</ele>
<time>2025-04-13T02:13:00Z</time>
<hdop>3.79</hdop>
</trkpt>
<trkpt lat="36.0235671" lon="127.8785239">
<ele>1163.735</ele>
<time>2025-04-13T02:13:05Z</time>
<hdop>3.79</hdop>
</trkpt>
<trkpt lat="36.0235972" lon="127.8785424">
<ele>1163.055</ele>
<time>2025-04-13T02:13:10Z</time>
<hdop>3.79</hdop>
</trkpt>
<trkpt lat="36.0236063" lon="127.8785643">
<ele>1163.921</ele>
<time>2025-04-13T02:13:15Z</time>
<hdop>3.79</hdop>
</trkpt>
<trkpt lat="36.0236115" lon="127.8785666">
<ele>1163.57</ele>
<time>2025-04-13T02:13:20Z</time>
<hdop>3.79</hdop>
</trkpt>
<trkpt lat="36.0236465" lon="127.8785706">
<ele>1162.153</ele>
<time>2025-04-13T02:13:25Z</time>
<hdop>3.79</hdop>
</trkpt>
<trkpt lat="36.0236465" lon="127.8785706">
<ele>1161.847</ele>
<time>2025-04-13T02:13:30Z</time>
<hdop>3.79</hdop>
</trkpt>
<trkpt lat="36.0236465" lon="127.8785706">
<ele>1164.454</ele>
<time>2025-04-13T02:13:35Z</time>
<hdop>3.79</hdop>
</trkpt>
<trkpt lat="36.0236465" lon="127.8785706">
<ele>1162.867</ele>
<time>2025-04-13T02:13:40Z</time>
<hdop>3.79</hdop>
</trkpt>
<trkpt lat="36.0236465" lon="127.8785706">
<ele>1163.056</ele>
<time>2025-04-13T02:13:45Z</time>
<hdop>3.79</hdop>
</trkpt>
<trkpt lat="36.0236465" lon="127.8785706">
<ele>1162.955</ele>
<time>2025-04-13T02:13:50Z</time>
<hdop>3.79</hdop>
</trkpt>
<trkpt lat="36.0236465" lon="127.8785706">
<ele>1163.382</ele>
<time>2025-04-13T02:13:55Z</time>
<hdop>3.79</hdop>
</trkpt>
<trkpt lat="36.0236209" lon="127.8785875">
<ele>1162.651</ele>
<time>2025-04-13T02:14:00Z</time>
<hdop>3.79</hdop>
</trkpt>
<trkpt lat="36.0236146" lon="127.8786164">
<ele>1162.271</ele>
<time>2025-04-13T02:14:05Z</time>
<hdop>3.79</hdop>
</trkpt>
<trkpt lat="36.0235889" lon="127.8786421">
<ele>1162.479</ele>
<time>2025-04-13T02:14:10Z</time>
<hdop>3.79</hdop>
</trkpt>
<trkpt lat="36.0235604" lon="127.8786642">
<ele>1162.33</ele>
<time>2025-04-13T02:14:15Z</time>
<hdop>3.79</hdop>
</trkpt>
<trkpt lat="36.0235427" lon="127.8787039">
<ele>1161.224</ele>
<time>2025-04-13T02:14:20Z</time>
<hdop>3.79</hdop>
</trkpt>
<trkpt lat="36.0235156" lon="127.87875">
<ele>1160.466</ele>
<time>2025-04-13T02:14:25Z</time>
<hdop>3.79</hdop>
</trkpt>
<trkpt lat="36.0235264" lon="127.8788147">
<ele>1158.843</ele>
<time>2025-04-13T02:14:30Z</time>
<hdop>3.79</hdop>
</trkpt>
<trkpt lat="36.0235112" lon="127.8788559">
<ele>1158.343</ele>
<time>2025-04-13T02:14:35Z</time>
<hdop>3.79</hdop>
</trkpt>
<trkpt lat="36.023488" lon="127.8788824">
<ele>1159.443</ele>
<time>2025-04-13T02:14:40Z</time>
<hdop>3.79</hdop>
</trkpt>
<trkpt lat="36.0234529" lon="127.8789032">
<ele>1160.739</ele>
<time>2025-04-13T02:14:45Z</time>
<hdop>3.79</hdop>
</trkpt>
<trkpt lat="36.0234382" lon="127.8789601">
<ele>1161.141</ele>
<time>2025-04-13T02:14:50Z</time>
<hdop>3.79</hdop>
</trkpt>
<trkpt lat="36.0234423" lon="127.8790178">
<ele>1159.475</ele>
<time>2025-04-13T02:14:55Z</time>
<hdop>3.79</hdop>
</trkpt>
<trkpt lat="36.0234572" lon="127.8790365">
<ele>1157.02</ele>
<time>2025-04-13T02:15:00Z</time>
<hdop>3.79</hdop>
</trkpt>
<trkpt lat="36.0234692" lon="127.8790602">
<ele>1157.02</ele>
<time>2025-04-13T02:15:05Z</time>
<hdop>3.79</hdop>
</trkpt>
<trkpt lat="36.0234692" lon="127.8790602">
<ele>1156.651</ele>
<time>2025-04-13T02:15:10Z</time>
<hdop>3.79</hdop>
</trkpt>
<trkpt lat="36.0234625" lon="127.8790741">
<ele>1154.889</ele>
<time>2025-04-13T02:15:15Z</time>
<hdop>3.79</hdop>
</trkpt>
<trkpt lat="36.0234689" lon="127.8790803">
<ele>1154.701</ele>
<time>2025-04-13T02:15:20Z</time>
<hdop>3.79</hdop>
</trkpt>
<trkpt lat="36.02347" lon="127.8791046">
<ele>1153.283</ele>
<time>2025-04-13T02:15:25Z</time>
<hdop>3.79</hdop>
</trkpt>
<trkpt lat="36.0234918" lon="127.8791248">
<ele>1151.208</ele>
<time>2025-04-13T02:15:30Z</time>
<hdop>3.79</hdop>
</trkpt>
<trkpt lat="36.023511" lon="127.8791461">
<ele>1149.307</ele>
<time>2025-04-13T02:15:35Z</time>
<hdop>3.79</hdop>
</trkpt>
<trkpt lat="36.0235233" lon="127.8791661">
<ele>1147.515</ele>
<time>2025-04-13T02:15:40Z</time>
<hdop>3.79</hdop>
</trkpt>
<trkpt lat="36.0235414" lon="127.879192">
<ele>1146.081</ele>
<time>2025-04-13T02:15:45Z</time>
<hdop>3.79</hdop>
</trkpt>
<trkpt lat="36.023567" lon="127.8792053">
<ele>1143.385</ele>
<time>2025-04-13T02:15:50Z</time>
<hdop>3.79</hdop>
</trkpt>
<trkpt lat="36.0235878" lon="127.8792376">
<ele>1142.555</ele>
<time>2025-04-13T02:15:55Z</time>
<hdop>3.79</hdop>
</trkpt>
<trkpt lat="36.0235956" lon="127.8792652">
<ele>1140.475</ele>
<time>2025-04-13T02:16:00Z</time>
<hdop>3.79</hdop>
</trkpt>
<trkpt lat="36.0236044" lon="127.8792838">
<ele>1139.034</ele>
<time>2025-04-13T02:16:05Z</time>
<hdop>3.79</hdop>
</trkpt>
<trkpt lat="36.0236065" lon="127.8793047">
<ele>1138.719</ele>
<time>2025-04-13T02:16:10Z</time>
<hdop>3.79</hdop>
</trkpt>
<trkpt lat="36.0236149" lon="127.8793317">
<ele>1138.288</ele>
<time>2025-04-13T02:16:15Z</time>
<hdop>3.79</hdop>
</trkpt>
<trkpt lat="36.0236186" lon="127.8793332">
<ele>1138.354</ele>
<time>2025-04-13T02:16:20Z</time>
<hdop>3.79</hdop>
</trkpt>
<trkpt lat="36.0236269" lon="127.8793771">
<ele>1137.852</ele>
<time>2025-04-13T02:16:25Z</time>
<hdop>3.79</hdop>
</trkpt>
<trkpt lat="36.0236357" lon="127.8793709">
<ele>1135.696</ele>
<time>2025-04-13T02:16:30Z</time>
<hdop>3.79</hdop>
</trkpt>
<trkpt lat="36.0236505" lon="127.8793737">
<ele>1133.692</ele>
<time>2025-04-13T02:16:35Z</time>
<hdop>3.79</hdop>
</trkpt>
<trkpt lat="36.0236633" lon="127.8793829">
<ele>1134.018</ele>
<time>2025-04-13T02:16:40Z</time>
<hdop>3.79</hdop>
</trkpt>
<trkpt lat="36.0236732" lon="127.8793904">
<ele>1132.78</ele>
<time>2025-04-13T02:16:45Z</time>
<hdop>3.79</hdop>
</trkpt>
<trkpt lat="36.0236854" lon="127.8794041">
<ele>1131.577</ele>
<time>2025-04-13T02:16:50Z</time>
<hdop>3.79</hdop>
</trkpt>
<trkpt lat="36.0237014" lon="127.8794315">
<ele>1130.866</ele>
<time>2025-04-13T02:16:55Z</time>
<hdop>3.79</hdop>
</trkpt>
<trkpt lat="36.0237168" lon="127.8794574">
<ele>1129.994</ele>
<time>2025-04-13T02:17:00Z</time>
<hdop>3.79</hdop>
</trkpt>
<trkpt lat="36.0237325" lon="127.8794853">
<ele>1129.138</ele>
<time>2025-04-13T02:17:05Z</time>
<hdop>3.79</hdop>
</trkpt>
<trkpt lat="36.0237347" lon="127.87952">
<ele>1127.637</ele>
<time>2025-04-13T02:17:10Z</time>
<hdop>3.79</hdop>
</trkpt>
<trkpt lat="36.0237564" lon="127.8795433">
<ele>1126.57</ele>
<time>2025-04-13T02:17:15Z</time>
<hdop>3.79</hdop>
</trkpt>
<trkpt lat="36.0237635" lon="127.8795819">
<ele>1125.361</ele>
<time>2025-04-13T02:17:20Z</time>
<hdop>3.79</hdop>
</trkpt>
<trkpt lat="36.0237725" lon="127.8796004">
<ele>1124.335</ele>
<time>2025-04-13T02:17:25Z</time>
<hdop>3.79</hdop>
</trkpt>
<trkpt lat="36.0237795" lon="127.8796394">
<ele>1124.344</ele>
<time>2025-04-13T02:17:30Z</time>
<hdop>3.79</hdop>
</trkpt>
<trkpt lat="36.0237855" lon="127.8796477">
<ele>1122.638</ele>
<time>2025-04-13T02:17:35Z</time>
<hdop>3.79</hdop>
</trkpt>
<trkpt lat="36.0237871" lon="127.8796594">
<ele>1122.603</ele>
<time>2025-04-13T02:17:40Z</time>
<hdop>3.79</hdop>
</trkpt>
<trkpt lat="36.023823" lon="127.879706">
<ele>1123.045</ele>
<time>2025-04-13T02:17:43Z</time>
<hdop>3.79</hdop>
</trkpt>
<trkpt lat="36.0238262" lon="127.8796677">
<ele>1119.784</ele>
<time>2025-04-13T02:17:53Z</time>
<hdop>3.79</hdop>
</trkpt>
<trkpt lat="36.0238477" lon="127.8796575">
<ele>1117.076</ele>
<time>2025-04-13T02:17:58Z</time>
<hdop>3.79</hdop>
</trkpt>
<trkpt lat="36.0238703" lon="127.8796493">
<ele>1115.326</ele>
<time>2025-04-13T02:18:03Z</time>
<hdop>3.79</hdop>
</trkpt>
<trkpt lat="36.0238798" lon="127.8796573">
<ele>1115.337</ele>
<time>2025-04-13T02:18:08Z</time>
<hdop>3.79</hdop>
</trkpt>
<trkpt lat="36.0238962" lon="127.8796643">
<ele>1114.573</ele>
<time>2025-04-13T02:18:13Z</time>
<hdop>3.79</hdop>
</trkpt>
<trkpt lat="36.023904" lon="127.8796729">
<ele>1113.866</ele>
<time>2025-04-13T02:18:18Z</time>
<hdop>3.79</hdop>
</trkpt>
<trkpt lat="36.0239116" lon="127.8796797">
<ele>1113.831</ele>
<time>2025-04-13T02:18:23Z</time>
<hdop>3.79</hdop>
</trkpt>
<trkpt lat="36.0239158" lon="127.8796949">
<ele>1113.582</ele>
<time>2025-04-13T02:18:28Z</time>
<hdop>3.79</hdop>
</trkpt>
<trkpt lat="36.0239346" lon="127.8797057">
<ele>1111.628</ele>
<time>2025-04-13T02:18:33Z</time>
<hdop>3.79</hdop>
</trkpt>
<trkpt lat="36.0239544" lon="127.8797198">
<ele>1109.926</ele>
<time>2025-04-13T02:18:38Z</time>
<hdop>3.79</hdop>
</trkpt>
<trkpt lat="36.0239752" lon="127.8797348">
<ele>1108.767</ele>
<time>2025-04-13T02:18:43Z</time>
<hdop>3.79</hdop>
</trkpt>
<trkpt lat="36.0239903" lon="127.879761">
<ele>1107.567</ele>
<time>2025-04-13T02:18:48Z</time>
<hdop>3.79</hdop>
</trkpt>
<trkpt lat="36.0239835" lon="127.8798089">
<ele>1106.767</ele>
<time>2025-04-13T02:18:53Z</time>
<hdop>3.79</hdop>
</trkpt>
<trkpt lat="36.0239939" lon="127.8798505">
<ele>1105.965</ele>
<time>2025-04-13T02:18:58Z</time>
<hdop>3.79</hdop>
</trkpt>
<trkpt lat="36.0240013" lon="127.8798987">
<ele>1105.153</ele>
<time>2025-04-13T02:19:03Z</time>
<hdop>3.79</hdop>
</trkpt>
<trkpt lat="36.0240024" lon="127.8799369">
<ele>1105.124</ele>
<time>2025-04-13T02:19:08Z</time>
<hdop>3.79</hdop>
</trkpt>
<trkpt lat="36.0240169" lon="127.8799601">
<ele>1103.906</ele>
<time>2025-04-13T02:19:13Z</time>
<hdop>3.79</hdop>
</trkpt>
<trkpt lat="36.0240298" lon="127.8799827">
<ele>1103.403</ele>
<time>2025-04-13T02:19:18Z</time>
<hdop>3.79</hdop>
</trkpt>
<trkpt lat="36.0240326" lon="127.8800208">
<ele>1102.64</ele>
<time>2025-04-13T02:19:23Z</time>
<hdop>3.79</hdop>
</trkpt>
<trkpt lat="36.024053" lon="127.8800556">
<ele>1102.604</ele>
<time>2025-04-13T02:19:28Z</time>
<hdop>3.79</hdop>
</trkpt>
<trkpt lat="36.0240793" lon="127.8800894">
<ele>1102.815</ele>
<time>2025-04-13T02:19:33Z</time>
<hdop>3.79</hdop>
</trkpt>
<trkpt lat="36.0240923" lon="127.8801107">
<ele>1101.973</ele>
<time>2025-04-13T02:19:38Z</time>
<hdop>3.79</hdop>
</trkpt>
<trkpt lat="36.0241038" lon="127.880134">
<ele>1100.922</ele>
<time>2025-04-13T02:19:43Z</time>
<hdop>3.79</hdop>
</trkpt>
<trkpt lat="36.024118" lon="127.8801495">
<ele>1099.033</ele>
<time>2025-04-13T02:19:48Z</time>
<hdop>3.79</hdop>
</trkpt>
<trkpt lat="36.0241429" lon="127.8801564">
<ele>1097.356</ele>
<time>2025-04-13T02:19:53Z</time>
<hdop>3.79</hdop>
</trkpt>
<trkpt lat="36.0241598" lon="127.8801706">
<ele>1095.415</ele>
<time>2025-04-13T02:19:58Z</time>
<hdop>3.79</hdop>
</trkpt>
<trkpt lat="36.0241826" lon="127.8801894">
<ele>1093.986</ele>
<time>2025-04-13T02:20:03Z</time>
<hdop>3.79</hdop>
</trkpt>
<trkpt lat="36.0242065" lon="127.8802083">
<ele>1092.261</ele>
<time>2025-04-13T02:20:08Z</time>
<hdop>3.79</hdop>
</trkpt>
<trkpt lat="36.0242377" lon="127.8802161">
<ele>1090.73</ele>
<time>2025-04-13T02:20:13Z</time>
<hdop>3.79</hdop>
</trkpt>
<trkpt lat="36.024259" lon="127.8802394">
<ele>1089.7</ele>
<time>2025-04-13T02:20:18Z</time>
<hdop>3.79</hdop>
</trkpt>
<trkpt lat="36.0242799" lon="127.8802655">
<ele>1087.968</ele>
<time>2025-04-13T02:20:23Z</time>
<hdop>3.79</hdop>
</trkpt>
<trkpt lat="36.0243057" lon="127.8802888">
<ele>1087.055</ele>
<time>2025-04-13T02:20:28Z</time>
<hdop>3.79</hdop>
</trkpt>
<trkpt lat="36.024336" lon="127.8802924">
<ele>1084.932</ele>
<time>2025-04-13T02:20:33Z</time>
<hdop>3.79</hdop>
</trkpt>
<trkpt lat="36.0243765" lon="127.8802962">
<ele>1083.556</ele>
<time>2025-04-13T02:20:38Z</time>
<hdop>3.79</hdop>
</trkpt>
<trkpt lat="36.0243942" lon="127.8803373">
<ele>1083.047</ele>
<time>2025-04-13T02:20:43Z</time>
<hdop>3.79</hdop>
</trkpt>
<trkpt lat="36.0244279" lon="127.8803727">
<ele>1082.153</ele>
<time>2025-04-13T02:20:48Z</time>
<hdop>3.79</hdop>
</trkpt>
<trkpt lat="36.0244719" lon="127.8804262">
<ele>1080.376</ele>
<time>2025-04-13T02:20:53Z</time>
<hdop>3.79</hdop>
</trkpt>
<trkpt lat="36.0245127" lon="127.8804681">
<ele>1079.305</ele>
<time>2025-04-13T02:20:58Z</time>
<hdop>3.79</hdop>
</trkpt>
<trkpt lat="36.0245616" lon="127.8804745">
<ele>1077.518</ele>
<time>2025-04-13T02:21:03Z</time>
<hdop>3.79</hdop>
</trkpt>
<trkpt lat="36.0246073" lon="127.8804608">
<ele>1075.233</ele>
<time>2025-04-13T02:21:08Z</time>
<hdop>3.79</hdop>
</trkpt>
<trkpt lat="36.0246527" lon="127.8804871">
<ele>1074.038</ele>
<time>2025-04-13T02:21:13Z</time>
<hdop>3.79</hdop>
</trkpt>
<trkpt lat="36.0246936" lon="127.8805298">
<ele>1073.394</ele>
<time>2025-04-13T02:21:18Z</time>
<hdop>3.79</hdop>
</trkpt>
<trkpt lat="36.0247359" lon="127.8805692">
<ele>1072.601</ele>
<time>2025-04-13T02:21:23Z</time>
<hdop>3.79</hdop>
</trkpt>
<trkpt lat="36.0247515" lon="127.8806316">
<ele>1072.636</ele>
<time>2025-04-13T02:21:28Z</time>
<hdop>3.79</hdop>
</trkpt>
<trkpt lat="36.0247587" lon="127.880678">
<ele>1073.013</ele>
<time>2025-04-13T02:21:33Z</time>
<hdop>3.79</hdop>
</trkpt>
<trkpt lat="36.024812" lon="127.8806882">
<ele>1068.909</ele>
<time>2025-04-13T02:21:38Z</time>
<hdop>3.79</hdop>
</trkpt>
<trkpt lat="36.0248672" lon="127.880713">
<ele>1068.38</ele>
<time>2025-04-13T02:21:43Z</time>
<hdop>3.79</hdop>
</trkpt>
<trkpt lat="36.0249104" lon="127.8807594">
<ele>1067.526</ele>
<time>2025-04-13T02:21:48Z</time>
<hdop>3.79</hdop>
</trkpt>
<trkpt lat="36.0249519" lon="127.8808066">
<ele>1066.851</ele>
<time>2025-04-13T02:21:53Z</time>
<hdop>3.79</hdop>
</trkpt>
<trkpt lat="36.0250003" lon="127.8808388">
<ele>1065.201</ele>
<time>2025-04-13T02:21:58Z</time>
<hdop>3.79</hdop>
</trkpt>
<trkpt lat="36.0250341" lon="127.8809089">
<ele>1064.145</ele>
<time>2025-04-13T02:22:03Z</time>
<hdop>3.79</hdop>
</trkpt>
<trkpt lat="36.0250744" lon="127.8809681">
<ele>1064.031</ele>
<time>2025-04-13T02:22:08Z</time>
<hdop>3.79</hdop>
</trkpt>
<trkpt lat="36.0251266" lon="127.8810027">
<ele>1064.009</ele>
<time>2025-04-13T02:22:13Z</time>
<hdop>3.79</hdop>
</trkpt>
<trkpt lat="36.0251772" lon="127.8810217">
<ele>1063.484</ele>
<time>2025-04-13T02:22:18Z</time>
<hdop>3.79</hdop>
</trkpt>
<trkpt lat="36.0252282" lon="127.8810344">
<ele>1062.588</ele>
<time>2025-04-13T02:22:23Z</time>
<hdop>3.79</hdop>
</trkpt>
<trkpt lat="36.0252746" lon="127.881051">
<ele>1061.669</ele>
<time>2025-04-13T02:22:28Z</time>
<hdop>3.79</hdop>
</trkpt>
<trkpt lat="36.0253191" lon="127.8810753">
<ele>1060.389</ele>
<time>2025-04-13T02:22:33Z</time>
<hdop>3.79</hdop>
</trkpt>
<trkpt lat="36.0253665" lon="127.8811229">
<ele>1061.265</ele>
<time>2025-04-13T02:22:38Z</time>
<hdop>3.79</hdop>
</trkpt>
<trkpt lat="36.0253931" lon="127.8811609">
<ele>1061.712</ele>
<time>2025-04-13T02:22:43Z</time>
<hdop>3.79</hdop>
</trkpt>
<trkpt lat="36.0254236" lon="127.8811769">
<ele>1062.294</ele>
<time>2025-04-13T02:22:48Z</time>
<hdop>3.79</hdop>
</trkpt>
<trkpt lat="36.0254468" lon="127.8812009">
<ele>1061.403</ele>
<time>2025-04-13T02:22:53Z</time>
<hdop>3.79</hdop>
</trkpt>
<trkpt lat="36.025467" lon="127.8812392">
<ele>1060.754</ele>
<time>2025-04-13T02:22:58Z</time>
<hdop>3.79</hdop>
</trkpt>
<trkpt lat="36.0254812" lon="127.8812998">
<ele>1061.065</ele>
<time>2025-04-13T02:23:03Z</time>
<hdop>3.79</hdop>
</trkpt>
<trkpt lat="36.0254846" lon="127.8813658">
<ele>1061.748</ele>
<time>2025-04-13T02:23:08Z</time>
<hdop>3.79</hdop>
</trkpt>
<trkpt lat="36.0255275" lon="127.8814005">
<ele>1059.45</ele>
<time>2025-04-13T02:23:13Z</time>
<hdop>3.79</hdop>
</trkpt>
<trkpt lat="36.0255551" lon="127.881458">
<ele>1058.606</ele>
<time>2025-04-13T02:23:18Z</time>
<hdop>3.79</hdop>
</trkpt>
<trkpt lat="36.0255938" lon="127.8814926">
<ele>1056.918</ele>
<time>2025-04-13T02:23:23Z</time>
<hdop>3.79</hdop>
</trkpt>
<trkpt lat="36.0256428" lon="127.8815074">
<ele>1054.918</ele>
<time>2025-04-13T02:23:28Z</time>
<hdop>3.79</hdop>
</trkpt>
<trkpt lat="36.0256933" lon="127.8815366">
<ele>1053.22</ele>
<time>2025-04-13T02:23:33Z</time>
<hdop>3.79</hdop>
</trkpt>
<trkpt lat="36.025741" lon="127.8815473">
<ele>1052.423</ele>
<time>2025-04-13T02:23:38Z</time>
<hdop>3.79</hdop>
</trkpt>
<trkpt lat="36.0257935" lon="127.8815374">
<ele>1050.106</ele>
<time>2025-04-13T02:23:43Z</time>
<hdop>3.79</hdop>
</trkpt>
<trkpt lat="36.0258434" lon="127.8815585">
<ele>1048.479</ele>
<time>2025-04-13T02:23:48Z</time>
<hdop>3.79</hdop>
</trkpt>
<trkpt lat="36.0258909" lon="127.8815884">
<ele>1047.74</ele>
<time>2025-04-13T02:23:53Z</time>
<hdop>3.79</hdop>
</trkpt>
<trkpt lat="36.0259358" lon="127.8815882">
<ele>1046.877</ele>
<time>2025-04-13T02:23:58Z</time>
<hdop>3.79</hdop>
</trkpt>
<trkpt lat="36.0259825" lon="127.8815575">
<ele>1045.403</ele>
<time>2025-04-13T02:24:03Z</time>
<hdop>3.79</hdop>
</trkpt>
<trkpt lat="36.0260285" lon="127.8815694">
<ele>1044.139</ele>
<time>2025-04-13T02:24:08Z</time>
<hdop>3.79</hdop>
</trkpt>
<trkpt lat="36.0260706" lon="127.8815959">
<ele>1042.432</ele>
<time>2025-04-13T02:24:13Z</time>
<hdop>3.79</hdop>
</trkpt>
<trkpt lat="36.026119" lon="127.8815647">
<ele>1041.322</ele>
<time>2025-04-13T02:24:18Z</time>
<hdop>3.79</hdop>
</trkpt>
<trkpt lat="36.0261626" lon="127.8815469">
<ele>1040.113</ele>
<time>2025-04-13T02:24:23Z</time>
<hdop>3.79</hdop>
</trkpt>
<trkpt lat="36.0262062" lon="127.8815338">
<ele>1039.517</ele>
<time>2025-04-13T02:24:28Z</time>
<hdop>3.79</hdop>
</trkpt>
<trkpt lat="36.026256" lon="127.8815356">
<ele>1038.894</ele>
<time>2025-04-13T02:24:33Z</time>
<hdop>3.79</hdop>
</trkpt>
<trkpt lat="36.0263005" lon="127.8815299">
<ele>1038.526</ele>
<time>2025-04-13T02:24:38Z</time>
<hdop>3.79</hdop>
</trkpt>
<trkpt lat="36.0263482" lon="127.8815315">
<ele>1036.835</ele>
<time>2025-04-13T02:24:43Z</time>
<hdop>3.79</hdop>
</trkpt>
<trkpt lat="36.0263836" lon="127.8815369">
<ele>1035.798</ele>
<time>2025-04-13T02:24:48Z</time>
<hdop>3.79</hdop>
</trkpt>
<trkpt lat="36.0264099" lon="127.8815468">
<ele>1034.634</ele>
<time>2025-04-13T02:24:53Z</time>
<hdop>3.79</hdop>
</trkpt>
<trkpt lat="36.0264101" lon="127.8815859">
<ele>1033.387</ele>
<time>2025-04-13T02:24:58Z</time>
<hdop>3.79</hdop>
</trkpt>
<trkpt lat="36.0263995" lon="127.881616">
<ele>1033.294</ele>
<time>2025-04-13T02:25:03Z</time>
<hdop>3.79</hdop>
</trkpt>
<trkpt lat="36.0263896" lon="127.8816399">
<ele>1032.877</ele>
<time>2025-04-13T02:25:08Z</time>
<hdop>3.79</hdop>
</trkpt>
<trkpt lat="36.0263705" lon="127.8816692">
<ele>1032.327</ele>
<time>2025-04-13T02:25:13Z</time>
<hdop>3.79</hdop>
</trkpt>
<trkpt lat="36.0263518" lon="127.8817074">
<ele>1032.885</ele>
<time>2025-04-13T02:25:18Z</time>
<hdop>3.79</hdop>
</trkpt>
<trkpt lat="36.0263368" lon="127.881759">
<ele>1034.35</ele>
<time>2025-04-13T02:25:23Z</time>
<hdop>3.79</hdop>
</trkpt>
<trkpt lat="36.026345" lon="127.8817815">
<ele>1032.879</ele>
<time>2025-04-13T02:25:28Z</time>
<hdop>3.79</hdop>
</trkpt>
<trkpt lat="36.0263592" lon="127.8818105">
<ele>1032.823</ele>
<time>2025-04-13T02:25:33Z</time>
<hdop>3.79</hdop>
</trkpt>
<trkpt lat="36.026362" lon="127.8818203">
<ele>1032.639</ele>
<time>2025-04-13T02:25:36Z</time>
<hdop>3.79</hdop>
</trkpt>
<trkpt lat="36.0263677" lon="127.8818185">
<ele>1030.754</ele>
<time>2025-04-13T02:25:46Z</time>
<hdop>3.79</hdop>
</trkpt>
<trkpt lat="36.0263784" lon="127.8818356">
<ele>1027.007</ele>
<time>2025-04-13T02:25:51Z</time>
<hdop>3.79</hdop>
</trkpt>
<trkpt lat="36.026393" lon="127.8818619">
<ele>1024.916</ele>
<time>2025-04-13T02:25:56Z</time>
<hdop>3.79</hdop>
</trkpt>
<trkpt lat="36.0264085" lon="127.8818832">
<ele>1024.404</ele>
<time>2025-04-13T02:26:01Z</time>
<hdop>3.79</hdop>
</trkpt>
<trkpt lat="36.0264186" lon="127.8818937">
<ele>1024.441</ele>
<time>2025-04-13T02:26:06Z</time>
<hdop>3.79</hdop>
</trkpt>
<trkpt lat="36.0264307" lon="127.8819183">
<ele>1023.217</ele>
<time>2025-04-13T02:26:11Z</time>
<hdop>3.79</hdop>
</trkpt>
<trkpt lat="36.0264344" lon="127.8819402">
<ele>1022.735</ele>
<time>2025-04-13T02:26:16Z</time>
<hdop>3.79</hdop>
</trkpt>
<trkpt lat="36.0264362" lon="127.8819717">
<ele>1021.928</ele>
<time>2025-04-13T02:26:21Z</time>
<hdop>3.79</hdop>
</trkpt>
<trkpt lat="36.0264522" lon="127.8819988">
<ele>1020.498</ele>
<time>2025-04-13T02:26:26Z</time>
<hdop>3.79</hdop>
</trkpt>
<trkpt lat="36.0264546" lon="127.8820206">
<ele>1020.504</ele>
<time>2025-04-13T02:26:31Z</time>
<hdop>3.79</hdop>
</trkpt>
<trkpt lat="36.0264558" lon="127.8820229">
<ele>1020.323</ele>
<time>2025-04-13T02:26:36Z</time>
<hdop>3.79</hdop>
</trkpt>
<trkpt lat="36.0264689" lon="127.882059">
<ele>1018.808</ele>
<time>2025-04-13T02:26:41Z</time>
<hdop>3.79</hdop>
</trkpt>
<trkpt lat="36.026474" lon="127.8820921">
<ele>1017.705</ele>
<time>2025-04-13T02:26:46Z</time>
<hdop>3.79</hdop>
</trkpt>
<trkpt lat="36.0264851" lon="127.8821322">
<ele>1016.834</ele>
<time>2025-04-13T02:26:51Z</time>
<hdop>3.79</hdop>
</trkpt>
<trkpt lat="36.0264959" lon="127.8821662">
<ele>1015.637</ele>
<time>2025-04-13T02:26:56Z</time>
<hdop>3.79</hdop>
</trkpt>
<trkpt lat="36.0265198" lon="127.8822022">
<ele>1013.736</ele>
<time>2025-04-13T02:27:01Z</time>
<hdop>3.79</hdop>
</trkpt>
<trkpt lat="36.0265535" lon="127.8822347">
<ele>1011.97</ele>
<time>2025-04-13T02:27:06Z</time>
<hdop>3.79</hdop>
</trkpt>
<trkpt lat="36.0265784" lon="127.8822666">
<ele>1011.039</ele>
<time>2025-04-13T02:27:11Z</time>
<hdop>3.79</hdop>
</trkpt>
<trkpt lat="36.0265808" lon="127.8822756">
<ele>1010.985</ele>
<time>2025-04-13T02:27:16Z</time>
<hdop>3.79</hdop>
</trkpt>
<trkpt lat="36.02661" lon="127.8823011">
<ele>1010.179</ele>
<time>2025-04-13T02:27:21Z</time>
<hdop>3.79</hdop>
</trkpt>
<trkpt lat="36.0266408" lon="127.8823338">
<ele>1010.448</ele>
<time>2025-04-13T02:27:26Z</time>
<hdop>3.79</hdop>
</trkpt>
<trkpt lat="36.0266839" lon="127.8823207">
<ele>1010.433</ele>
<time>2025-04-13T02:27:31Z</time>
<hdop>3.79</hdop>
</trkpt>
<trkpt lat="36.0267222" lon="127.8823048">
<ele>1010.264</ele>
<time>2025-04-13T02:27:36Z</time>
<hdop>3.79</hdop>
</trkpt>
<trkpt lat="36.0267715" lon="127.8822742">
<ele>1009.373</ele>
<time>2025-04-13T02:27:41Z</time>
<hdop>3.79</hdop>
</trkpt>
<trkpt lat="36.0268192" lon="127.8822546">
<ele>1008.641</ele>
<time>2025-04-13T02:27:46Z</time>
<hdop>3.79</hdop>
</trkpt>
<trkpt lat="36.0268623" lon="127.8822619">
<ele>1008.55</ele>
<time>2025-04-13T02:27:51Z</time>
<hdop>3.79</hdop>
</trkpt>
<trkpt lat="36.0269221" lon="127.8822659">
<ele>1007.132</ele>
<time>2025-04-13T02:27:56Z</time>
<hdop>3.79</hdop>
</trkpt>
<trkpt lat="36.0269742" lon="127.8822588">
<ele>1006.569</ele>
<time>2025-04-13T02:28:01Z</time>
<hdop>3.79</hdop>
</trkpt>
<trkpt lat="36.0270269" lon="127.8822505">
<ele>1004.967</ele>
<time>2025-04-13T02:28:06Z</time>
<hdop>3.79</hdop>
</trkpt>
<trkpt lat="36.027085" lon="127.8822473">
<ele>1003.17</ele>
<time>2025-04-13T02:28:11Z</time>
<hdop>3.79</hdop>
</trkpt>
<trkpt lat="36.027143" lon="127.8822391">
<ele>1001.988</ele>
<time>2025-04-13T02:28:16Z</time>
<hdop>3.79</hdop>
</trkpt>
<trkpt lat="36.0271955" lon="127.8822404">
<ele>1001.692</ele>
<time>2025-04-13T02:28:21Z</time>
<hdop>3.79</hdop>
</trkpt>
<trkpt lat="36.0272529" lon="127.8822366">
<ele>1001.097</ele>
<time>2025-04-13T02:28:26Z</time>
<hdop>3.79</hdop>
</trkpt>
<trkpt lat="36.027306" lon="127.8822284">
<ele>1000.128</ele>
<time>2025-04-13T02:28:31Z</time>
<hdop>3.79</hdop>
</trkpt>
<trkpt lat="36.0273305" lon="127.8822081">
<ele>999.595</ele>
<time>2025-04-13T02:28:36Z</time>
<hdop>3.79</hdop>
</trkpt>
<trkpt lat="36.0273351" lon="127.882202">
<ele>999.706</ele>
<time>2025-04-13T02:28:41Z</time>
<hdop>3.79</hdop>
</trkpt>
<trkpt lat="36.0273736" lon="127.882183">
<ele>999.115</ele>
<time>2025-04-13T02:28:46Z</time>
<hdop>3.79</hdop>
</trkpt>
<trkpt lat="36.0274062" lon="127.882139">
<ele>998.637</ele>
<time>2025-04-13T02:28:51Z</time>
<hdop>3.79</hdop>
</trkpt>
<trkpt lat="36.0274487" lon="127.8820944">
<ele>998.014</ele>
<time>2025-04-13T02:28:56Z</time>
<hdop>3.79</hdop>
</trkpt>
<trkpt lat="36.0274937" lon="127.8820869">
<ele>996.636</ele>
<time>2025-04-13T02:29:01Z</time>
<hdop>3.79</hdop>
</trkpt>
<trkpt lat="36.0275344" lon="127.8820838">
<ele>996.43</ele>
<time>2025-04-13T02:29:06Z</time>
<hdop>3.79</hdop>
</trkpt>
<trkpt lat="36.0275838" lon="127.8820862">
<ele>995.203</ele>
<time>2025-04-13T02:29:11Z</time>
<hdop>3.79</hdop>
</trkpt>
<trkpt lat="36.0276355" lon="127.8820971">
<ele>994.153</ele>
<time>2025-04-13T02:29:16Z</time>
<hdop>3.79</hdop>
</trkpt>
<trkpt lat="36.0276826" lon="127.8821058">
<ele>993.427</ele>
<time>2025-04-13T02:29:21Z</time>
<hdop>3.79</hdop>
</trkpt>
<trkpt lat="36.0277233" lon="127.8821159">
<ele>993.94</ele>
<time>2025-04-13T02:29:26Z</time>
<hdop>3.79</hdop>
</trkpt>
<trkpt lat="36.02775" lon="127.8821132">
<ele>992.863</ele>
<time>2025-04-13T02:29:31Z</time>
<hdop>3.79</hdop>
</trkpt>
<trkpt lat="36.02778" lon="127.8821147">
<ele>991.372</ele>
<time>2025-04-13T02:29:36Z</time>
<hdop>3.79</hdop>
</trkpt>
<trkpt lat="36.0278079" lon="127.8821026">
<ele>990.297</ele>
<time>2025-04-13T02:29:41Z</time>
<hdop>3.79</hdop>
</trkpt>
<trkpt lat="36.0278376" lon="127.8820839">
<ele>989.505</ele>
<time>2025-04-13T02:29:46Z</time>
<hdop>3.79</hdop>
</trkpt>
<trkpt lat="36.0278706" lon="127.8820613">
<ele>988.122</ele>
<time>2025-04-13T02:29:51Z</time>
<hdop>3.79</hdop>
</trkpt>
<trkpt lat="36.0279163" lon="127.8820439">
<ele>988.621</ele>
<time>2025-04-13T02:29:56Z</time>
<hdop>3.79</hdop>
</trkpt>
<trkpt lat="36.0279495" lon="127.8820285">
<ele>988.305</ele>
<time>2025-04-13T02:30:01Z</time>
<hdop>3.79</hdop>
</trkpt>
<trkpt lat="36.0279776" lon="127.8820298">
<ele>987.126</ele>
<time>2025-04-13T02:30:06Z</time>
<hdop>3.79</hdop>
</trkpt>
<trkpt lat="36.0280092" lon="127.8820272">
<ele>984.54</ele>
<time>2025-04-13T02:30:11Z</time>
<hdop>3.79</hdop>
</trkpt>
<trkpt lat="36.0280533" lon="127.882016">
<ele>983.158</ele>
<time>2025-04-13T02:30:16Z</time>
<hdop>3.79</hdop>
</trkpt>
<trkpt lat="36.0281014" lon="127.8819998">
<ele>982.914</ele>
<time>2025-04-13T02:30:21Z</time>
<hdop>3.79</hdop>
</trkpt>
<trkpt lat="36.0281365" lon="127.8819938">
<ele>982.073</ele>
<time>2025-04-13T02:30:26Z</time>
<hdop>3.79</hdop>
</trkpt>
<trkpt lat="36.0281745" lon="127.8819748">
<ele>981.828</ele>
<time>2025-04-13T02:30:31Z</time>
<hdop>3.79</hdop>
</trkpt>
<trkpt lat="36.0282092" lon="127.8819487">
<ele>982.104</ele>
<time>2025-04-13T02:30:36Z</time>
<hdop>3.79</hdop>
</trkpt>
<trkpt lat="36.0282533" lon="127.8819194">
<ele>981.888</ele>
<time>2025-04-13T02:30:41Z</time>
<hdop>3.79</hdop>
</trkpt>
<trkpt lat="36.0282907" lon="127.8818948">
<ele>980.658</ele>
<time>2025-04-13T02:30:46Z</time>
<hdop>3.79</hdop>
</trkpt>
<trkpt lat="36.0283208" lon="127.8818647">
<ele>979.515</ele>
<time>2025-04-13T02:30:51Z</time>
<hdop>3.79</hdop>
</trkpt>
<trkpt lat="36.0283538" lon="127.8818377">
<ele>978.961</ele>
<time>2025-04-13T02:30:56Z</time>
<hdop>3.79</hdop>
</trkpt>
<trkpt lat="36.0283774" lon="127.8818006">
<ele>977.691</ele>
<time>2025-04-13T02:31:01Z</time>
<hdop>3.79</hdop>
</trkpt>
<trkpt lat="36.0284072" lon="127.8817691">
<ele>977.131</ele>
<time>2025-04-13T02:31:06Z</time>
<hdop>3.79</hdop>
</trkpt>
<trkpt lat="36.0284302" lon="127.8817316">
<ele>976.062</ele>
<time>2025-04-13T02:31:11Z</time>
<hdop>3.79</hdop>
</trkpt>
<trkpt lat="36.0284492" lon="127.8816939">
<ele>975.707</ele>
<time>2025-04-13T02:31:16Z</time>
<hdop>3.79</hdop>
</trkpt>
<trkpt lat="36.0284708" lon="127.881656">
<ele>975.695</ele>
<time>2025-04-13T02:31:21Z</time>
<hdop>3.79</hdop>
</trkpt>
<trkpt lat="36.0284965" lon="127.8816191">
<ele>974.621</ele>
<time>2025-04-13T02:31:26Z</time>
<hdop>3.79</hdop>
</trkpt>
<trkpt lat="36.0285113" lon="127.8815756">
<ele>973.83</ele>
<time>2025-04-13T02:31:31Z</time>
<hdop>3.79</hdop>
</trkpt>
<trkpt lat="36.0285375" lon="127.8815466">
<ele>973.388</ele>
<time>2025-04-13T02:31:36Z</time>
<hdop>3.79</hdop>
</trkpt>
<trkpt lat="36.0285688" lon="127.8815452">
<ele>972.511</ele>
<time>2025-04-13T02:31:41Z</time>
<hdop>3.79</hdop>
</trkpt>
<trkpt lat="36.0286001" lon="127.8815178">
<ele>971.765</ele>
<time>2025-04-13T02:31:46Z</time>
<hdop>3.79</hdop>
</trkpt>
<trkpt lat="36.0286361" lon="127.8814942">
<ele>970.396</ele>
<time>2025-04-13T02:31:51Z</time>
<hdop>3.79</hdop>
</trkpt>
<trkpt lat="36.0286652" lon="127.8814462">
<ele>969.922</ele>
<time>2025-04-13T02:31:56Z</time>
<hdop>3.79</hdop>
</trkpt>
<trkpt lat="36.028694" lon="127.8814013">
<ele>969.08</ele>
<time>2025-04-13T02:32:01Z</time>
<hdop>3.79</hdop>
</trkpt>
<trkpt lat="36.0287129" lon="127.8813585">
<ele>969.312</ele>
<time>2025-04-13T02:32:06Z</time>
<hdop>3.79</hdop>
</trkpt>
<trkpt lat="36.0287293" lon="127.8813105">
<ele>968.6</ele>
<time>2025-04-13T02:32:11Z</time>
<hdop>3.79</hdop>
</trkpt>
<trkpt lat="36.0287461" lon="127.8812628">
<ele>967.91</ele>
<time>2025-04-13T02:32:16Z</time>
<hdop>3.79</hdop>
</trkpt>
<trkpt lat="36.0287647" lon="127.8812154">
<ele>966.44</ele>
<time>2025-04-13T02:32:21Z</time>
<hdop>3.79</hdop>
</trkpt>
<trkpt lat="36.0287984" lon="127.881188">
<ele>965.174</ele>
<time>2025-04-13T02:32:26Z</time>
<hdop>3.79</hdop>
</trkpt>
<trkpt lat="36.0288129" lon="127.881134">
<ele>963.425</ele>
<time>2025-04-13T02:32:31Z</time>
<hdop>3.79</hdop>
</trkpt>
<trkpt lat="36.0288203" lon="127.8810806">
<ele>961.584</ele>
<time>2025-04-13T02:32:36Z</time>
<hdop>3.79</hdop>
</trkpt>
<trkpt lat="36.0288283" lon="127.8810263">
<ele>959.223</ele>
<time>2025-04-13T02:32:41Z</time>
<hdop>3.79</hdop>
</trkpt>
<trkpt lat="36.0288315" lon="127.8809734">
<ele>957.345</ele>
<time>2025-04-13T02:32:46Z</time>
<hdop>3.79</hdop>
</trkpt>
<trkpt lat="36.0288338" lon="127.8809212">
<ele>955.314</ele>
<time>2025-04-13T02:32:51Z</time>
<hdop>3.79</hdop>
</trkpt>
<trkpt lat="36.0288352" lon="127.8808616">
<ele>952.729</ele>
<time>2025-04-13T02:32:56Z</time>
<hdop>3.79</hdop>
</trkpt>
<trkpt lat="36.0288243" lon="127.8807982">
<ele>951.247</ele>
<time>2025-04-13T02:33:01Z</time>
<hdop>3.79</hdop>
</trkpt>
<trkpt lat="36.0288229" lon="127.8807367">
<ele>950.411</ele>
<time>2025-04-13T02:33:06Z</time>
<hdop>3.79</hdop>
</trkpt>
<trkpt lat="36.0288491" lon="127.8806878">
<ele>950.018</ele>
<time>2025-04-13T02:33:11Z</time>
<hdop>3.79</hdop>
</trkpt>
<trkpt lat="36.0288773" lon="127.8806384">
<ele>948.494</ele>
<time>2025-04-13T02:33:16Z</time>
<hdop>3.79</hdop>
</trkpt>
<trkpt lat="36.0289063" lon="127.8805939">
<ele>947.42</ele>
<time>2025-04-13T02:33:21Z</time>
<hdop>3.79</hdop>
</trkpt>
<trkpt lat="36.0289329" lon="127.880542">
<ele>946.119</ele>
<time>2025-04-13T02:33:26Z</time>
<hdop>3.79</hdop>
</trkpt>
<trkpt lat="36.0289441" lon="127.8804731">
<ele>945.787</ele>
<time>2025-04-13T02:33:31Z</time>
<hdop>3.79</hdop>
</trkpt>
<trkpt lat="36.0289766" lon="127.88043">
<ele>945.076</ele>
<time>2025-04-13T02:33:36Z</time>
<hdop>3.79</hdop>
</trkpt>
<trkpt lat="36.0290007" lon="127.8803762">
<ele>943.411</ele>
<time>2025-04-13T02:33:41Z</time>
<hdop>3.79</hdop>
</trkpt>
<trkpt lat="36.0290378" lon="127.8803225">
<ele>942.281</ele>
<time>2025-04-13T02:33:46Z</time>
<hdop>3.79</hdop>
</trkpt>
<trkpt lat="36.0290493" lon="127.8802609">
<ele>942.044</ele>
<time>2025-04-13T02:33:51Z</time>
<hdop>3.79</hdop>
</trkpt>
<trkpt lat="36.0290741" lon="127.8802145">
<ele>941.526</ele>
<time>2025-04-13T02:33:56Z</time>
<hdop>3.79</hdop>
</trkpt>
<trkpt lat="36.0291028" lon="127.8801625">
<ele>941.931</ele>
<time>2025-04-13T02:34:01Z</time>
<hdop>3.79</hdop>
</trkpt>
<trkpt lat="36.0291279" lon="127.8801179">
<ele>941.921</ele>
<time>2025-04-13T02:34:06Z</time>
<hdop>3.79</hdop>
</trkpt>
<trkpt lat="36.0291574" lon="127.8800828">
<ele>941.091</ele>
<time>2025-04-13T02:34:11Z</time>
<hdop>3.79</hdop>
</trkpt>
<trkpt lat="36.0291961" lon="127.8800494">
<ele>940.18</ele>
<time>2025-04-13T02:34:16Z</time>
<hdop>3.79</hdop>
</trkpt>
<trkpt lat="36.0292264" lon="127.8800372">
<ele>938.897</ele>
<time>2025-04-13T02:34:21Z</time>
<hdop>3.79</hdop>
</trkpt>
<trkpt lat="36.0292503" lon="127.880012">
<ele>938.564</ele>
<time>2025-04-13T02:34:26Z</time>
<hdop>3.79</hdop>
</trkpt>
<trkpt lat="36.0292639" lon="127.8799715">
<ele>937.712</ele>
<time>2025-04-13T02:34:31Z</time>
<hdop>3.79</hdop>
</trkpt>
<trkpt lat="36.0292871" lon="127.8799308">
<ele>936.91</ele>
<time>2025-04-13T02:34:36Z</time>
<hdop>3.79</hdop>
</trkpt>
<trkpt lat="36.0293183" lon="127.8798994">
<ele>936.239</ele>
<time>2025-04-13T02:34:41Z</time>
<hdop>3.79</hdop>
</trkpt>
<trkpt lat="36.0293553" lon="127.8798694">
<ele>935.555</ele>
<time>2025-04-13T02:34:46Z</time>
<hdop>3.79</hdop>
</trkpt>
<trkpt lat="36.0293814" lon="127.8798261">
<ele>933.003</ele>
<time>2025-04-13T02:34:51Z</time>
<hdop>3.79</hdop>
</trkpt>
<trkpt lat="36.0294034" lon="127.8797815">
<ele>932.257</ele>
<time>2025-04-13T02:34:56Z</time>
<hdop>3.79</hdop>
</trkpt>
<trkpt lat="36.0294382" lon="127.8797688">
<ele>929.143</ele>
<time>2025-04-13T02:35:01Z</time>
<hdop>3.79</hdop>
</trkpt>
<trkpt lat="36.029446" lon="127.8797558">
<ele>927.497</ele>
<time>2025-04-13T02:35:06Z</time>
<hdop>3.79</hdop>
</trkpt>
<trkpt lat="36.0294678" lon="127.8797292">
<ele>922.776</ele>
<time>2025-04-13T02:35:11Z</time>
<hdop>3.79</hdop>
</trkpt>
<trkpt lat="36.0294929" lon="127.8796724">
<ele>922.674</ele>
<time>2025-04-13T02:35:16Z</time>
<hdop>3.79</hdop>
</trkpt>
<trkpt lat="36.0295381" lon="127.8796525">
<ele>919.931</ele>
<time>2025-04-13T02:35:21Z</time>
<hdop>3.79</hdop>
</trkpt>
<trkpt lat="36.0295731" lon="127.8796085">
<ele>919.815</ele>
<time>2025-04-13T02:35:26Z</time>
<hdop>3.79</hdop>
</trkpt>
<trkpt lat="36.0296049" lon="127.879569">
<ele>918.73</ele>
<time>2025-04-13T02:35:31Z</time>
<hdop>3.79</hdop>
</trkpt>
<trkpt lat="36.0296503" lon="127.8795364">
<ele>918.48</ele>
<time>2025-04-13T02:35:36Z</time>
<hdop>3.79</hdop>
</trkpt>
<trkpt lat="36.0296913" lon="127.8795143">
<ele>918.066</ele>
<time>2025-04-13T02:35:41Z</time>
<hdop>3.79</hdop>
</trkpt>
<trkpt lat="36.0297188" lon="127.8794853">
<ele>916.668</ele>
<time>2025-04-13T02:35:46Z</time>
<hdop>3.79</hdop>
</trkpt>
<trkpt lat="36.029735" lon="127.879491">
<ele>915.891</ele>
<time>2025-04-13T02:35:51Z</time>
<hdop>3.79</hdop>
</trkpt>
<trkpt lat="36.029746" lon="127.8794878">
<ele>915.341</ele>
<time>2025-04-13T02:35:56Z</time>
<hdop>3.79</hdop>
</trkpt>
<trkpt lat="36.029746" lon="127.8794878">
<ele>915.266</ele>
<time>2025-04-13T02:36:01Z</time>
<hdop>3.79</hdop>
</trkpt>
<trkpt lat="36.029746" lon="127.8794878">
<ele>915.173</ele>
<time>2025-04-13T02:36:06Z</time>
<hdop>3.79</hdop>
</trkpt>
<trkpt lat="36.029746" lon="127.8794878">
<ele>915.08</ele>
<time>2025-04-13T02:36:11Z</time>
<hdop>3.79</hdop>
</trkpt>
<trkpt lat="36.029746" lon="127.8794878">
<ele>914.98</ele>
<time>2025-04-13T02:36:16Z</time>
<hdop>3.79</hdop>
</trkpt>
<trkpt lat="36.0297558" lon="127.879481">
<ele>915.522</ele>
<time>2025-04-13T02:36:21Z</time>
<hdop>3.79</hdop>
</trkpt>
<trkpt lat="36.0297808" lon="127.8794702">
<ele>913.751</ele>
<time>2025-04-13T02:36:26Z</time>
<hdop>3.79</hdop>
</trkpt>
<trkpt lat="36.0298207" lon="127.8794309">
<ele>913.485</ele>
<time>2025-04-13T02:36:31Z</time>
<hdop>3.79</hdop>
</trkpt>
<trkpt lat="36.0298711" lon="127.8793943">
<ele>913.922</ele>
<time>2025-04-13T02:36:36Z</time>
<hdop>3.79</hdop>
</trkpt>
<trkpt lat="36.0299344" lon="127.8793636">
<ele>914.8</ele>
<time>2025-04-13T02:36:41Z</time>
<hdop>3.79</hdop>
</trkpt>
<trkpt lat="36.0299867" lon="127.8793472">
<ele>914.29</ele>
<time>2025-04-13T02:36:46Z</time>
<hdop>3.79</hdop>
</trkpt>
<trkpt lat="36.0300276" lon="127.879283">
<ele>913.892</ele>
<time>2025-04-13T02:36:51Z</time>
<hdop>3.79</hdop>
</trkpt>
<trkpt lat="36.0300519" lon="127.8792166">
<ele>912.52</ele>
<time>2025-04-13T02:36:56Z</time>
<hdop>3.79</hdop>
</trkpt>
<trkpt lat="36.0300835" lon="127.879148">
<ele>910.633</ele>
<time>2025-04-13T02:37:01Z</time>
<hdop>3.79</hdop>
</trkpt>
<trkpt lat="36.0301038" lon="127.8790768">
<ele>910.686</ele>
<time>2025-04-13T02:37:06Z</time>
<hdop>3.79</hdop>
</trkpt>
<trkpt lat="36.0301404" lon="127.8789876">
<ele>909.822</ele>
<time>2025-04-13T02:37:11Z</time>
<hdop>3.79</hdop>
</trkpt>
<trkpt lat="36.0301648" lon="127.8789026">
<ele>908.34</ele>
<time>2025-04-13T02:37:16Z</time>
<hdop>3.79</hdop>
</trkpt>
<trkpt lat="36.0301889" lon="127.8788032">
<ele>908.978</ele>
<time>2025-04-13T02:37:21Z</time>
<hdop>3.79</hdop>
</trkpt>
<trkpt lat="36.0302454" lon="127.8787578">
<ele>911.286</ele>
<time>2025-04-13T02:37:26Z</time>
<hdop>3.79</hdop>
</trkpt>
<trkpt lat="36.0302928" lon="127.8787245">
<ele>912.235</ele>
<time>2025-04-13T02:37:31Z</time>
<hdop>3.79</hdop>
</trkpt>
<trkpt lat="36.0303335" lon="127.8786834">
<ele>916.793</ele>
<time>2025-04-13T02:37:36Z</time>
<hdop>3.79</hdop>
</trkpt>
<trkpt lat="36.030369" lon="127.8787047">
<ele>914.98</ele>
<time>2025-04-13T02:37:41Z</time>
<hdop>3.79</hdop>
</trkpt>
<trkpt lat="36.0303956" lon="127.8787065">
<ele>916.078</ele>
<time>2025-04-13T02:37:46Z</time>
<hdop>3.79</hdop>
</trkpt>
<trkpt lat="36.0304264" lon="127.8787009">
<ele>913.584</ele>
<time>2025-04-13T02:37:51Z</time>
<hdop>3.79</hdop>
</trkpt>
<trkpt lat="36.0304862" lon="127.8786878">
<ele>915.464</ele>
<time>2025-04-13T02:37:56Z</time>
<hdop>3.79</hdop>
</trkpt>
<trkpt lat="36.0305207" lon="127.8786583">
<ele>917.185</ele>
<time>2025-04-13T02:38:01Z</time>
<hdop>3.79</hdop>
</trkpt>
<trkpt lat="36.030534" lon="127.8786099">
<ele>916.758</ele>
<time>2025-04-13T02:38:06Z</time>
<hdop>3.79</hdop>
</trkpt>
<trkpt lat="36.0305498" lon="127.8785617">
<ele>916.34</ele>
<time>2025-04-13T02:38:11Z</time>
<hdop>3.79</hdop>
</trkpt>
<trkpt lat="36.0305391" lon="127.8785064">
<ele>915.482</ele>
<time>2025-04-13T02:38:16Z</time>
<hdop>3.79</hdop>
</trkpt>
<trkpt lat="36.03054" lon="127.8784511">
<ele>913.542</ele>
<time>2025-04-13T02:38:21Z</time>
<hdop>3.79</hdop>
</trkpt>
<trkpt lat="36.0305316" lon="127.8783911">
<ele>913.37</ele>
<time>2025-04-13T02:38:26Z</time>
<hdop>3.79</hdop>
</trkpt>
<trkpt lat="36.0305427" lon="127.8783393">
<ele>911.542</ele>
<time>2025-04-13T02:38:31Z</time>
<hdop>3.79</hdop>
</trkpt>
<trkpt lat="36.0305706" lon="127.8783045">
<ele>910.765</ele>
<time>2025-04-13T02:38:36Z</time>
<hdop>3.79</hdop>
</trkpt>
<trkpt lat="36.0306192" lon="127.878305">
<ele>909.739</ele>
<time>2025-04-13T02:38:41Z</time>
<hdop>3.79</hdop>
</trkpt>
<trkpt lat="36.0306301" lon="127.8782593">
<ele>910.187</ele>
<time>2025-04-13T02:38:46Z</time>
<hdop>3.79</hdop>
</trkpt>
<trkpt lat="36.0306336" lon="127.8782181">
<ele>907.868</ele>
<time>2025-04-13T02:38:51Z</time>
<hdop>3.79</hdop>
</trkpt>
<trkpt lat="36.0306462" lon="127.8781735">
<ele>907.887</ele>
<time>2025-04-13T02:38:56Z</time>
<hdop>3.79</hdop>
</trkpt>
<trkpt lat="36.0306563" lon="127.8781261">
<ele>906.793</ele>
<time>2025-04-13T02:39:01Z</time>
<hdop>3.79</hdop>
</trkpt>
<trkpt lat="36.0306626" lon="127.8780795">
<ele>903.887</ele>
<time>2025-04-13T02:39:06Z</time>
<hdop>3.79</hdop>
</trkpt>
<trkpt lat="36.0306755" lon="127.878024">
<ele>902.371</ele>
<time>2025-04-13T02:39:11Z</time>
<hdop>3.79</hdop>
</trkpt>
<trkpt lat="36.0306814" lon="127.8779669">
<ele>901.154</ele>
<time>2025-04-13T02:39:16Z</time>
<hdop>3.79</hdop>
</trkpt>
<trkpt lat="36.0307085" lon="127.8779291">
<ele>900.361</ele>
<time>2025-04-13T02:39:21Z</time>
<hdop>3.79</hdop>
</trkpt>
<trkpt lat="36.0307186" lon="127.8778802">
<ele>899.0</ele>
<time>2025-04-13T02:39:26Z</time>
<hdop>3.79</hdop>
</trkpt>
<trkpt lat="36.0307319" lon="127.8778419">
<ele>899.991</ele>
<time>2025-04-13T02:39:31Z</time>
<hdop>3.79</hdop>
</trkpt>
<trkpt lat="36.0307651" lon="127.8778249">
<ele>897.682</ele>
<time>2025-04-13T02:39:36Z</time>
<hdop>3.79</hdop>
</trkpt>
<trkpt lat="36.0307902" lon="127.8777997">
<ele>896.657</ele>
<time>2025-04-13T02:39:41Z</time>
<hdop>3.79</hdop>
</trkpt>
<trkpt lat="36.0308218" lon="127.8777778">
<ele>894.647</ele>
<time>2025-04-13T02:39:46Z</time>
<hdop>3.79</hdop>
</trkpt>
<trkpt lat="36.0308529" lon="127.8777502">
<ele>893.805</ele>
<time>2025-04-13T02:39:51Z</time>
<hdop>3.79</hdop>
</trkpt>
<trkpt lat="36.030862" lon="127.8777011">
<ele>890.583</ele>
<time>2025-04-13T02:39:56Z</time>
<hdop>3.79</hdop>
</trkpt>
<trkpt lat="36.0308693" lon="127.8776548">
<ele>888.11</ele>
<time>2025-04-13T02:40:01Z</time>
<hdop>3.79</hdop>
</trkpt>
<trkpt lat="36.030902" lon="127.8776165">
<ele>887.349</ele>
<time>2025-04-13T02:40:06Z</time>
<hdop>3.79</hdop>
</trkpt>
<trkpt lat="36.0309366" lon="127.8775903">
<ele>887.984</ele>
<time>2025-04-13T02:40:11Z</time>
<hdop>3.79</hdop>
</trkpt>
<trkpt lat="36.0309558" lon="127.8775459">
<ele>888.098</ele>
<time>2025-04-13T02:40:16Z</time>
<hdop>3.79</hdop>
</trkpt>
<trkpt lat="36.030986" lon="127.8775303">
<ele>887.201</ele>
<time>2025-04-13T02:40:21Z</time>
<hdop>3.79</hdop>
</trkpt>
<trkpt lat="36.0310189" lon="127.877508">
<ele>885.148</ele>
<time>2025-04-13T02:40:26Z</time>
<hdop>3.79</hdop>
</trkpt>
<trkpt lat="36.0310586" lon="127.8774934">
<ele>883.341</ele>
<time>2025-04-13T02:40:31Z</time>
<hdop>3.79</hdop>
</trkpt>
<trkpt lat="36.0311053" lon="127.8774995">
<ele>881.981</ele>
<time>2025-04-13T02:40:36Z</time>
<hdop>3.79</hdop>
</trkpt>
<trkpt lat="36.031155" lon="127.8775094">
<ele>880.424</ele>
<time>2025-04-13T02:40:41Z</time>
<hdop>3.79</hdop>
</trkpt>
<trkpt lat="36.0312005" lon="127.8775035">
<ele>879.197</ele>
<time>2025-04-13T02:40:46Z</time>
<hdop>3.79</hdop>
</trkpt>
<trkpt lat="36.0312563" lon="127.8774821">
<ele>878.663</ele>
<time>2025-04-13T02:40:52Z</time>
<hdop>3.79</hdop>
</trkpt>
<trkpt lat="36.0312832" lon="127.8774319">
<ele>875.591</ele>
<time>2025-04-13T02:40:57Z</time>
<hdop>3.79</hdop>
</trkpt>
<trkpt lat="36.0313039" lon="127.8773796">
<ele>873.34</ele>
<time>2025-04-13T02:41:02Z</time>
<hdop>3.79</hdop>
</trkpt>
<trkpt lat="36.0313397" lon="127.8773454">
<ele>871.264</ele>
<time>2025-04-13T02:41:07Z</time>
<hdop>3.79</hdop>
</trkpt>
<trkpt lat="36.03137" lon="127.8773005">
<ele>869.986</ele>
<time>2025-04-13T02:41:12Z</time>
<hdop>3.79</hdop>
</trkpt>
<trkpt lat="36.0314148" lon="127.877281">
<ele>867.973</ele>
<time>2025-04-13T02:41:17Z</time>
<hdop>3.79</hdop>
</trkpt>
<trkpt lat="36.0314544" lon="127.877245">
<ele>866.682</ele>
<time>2025-04-13T02:41:22Z</time>
<hdop>3.79</hdop>
</trkpt>
<trkpt lat="36.0314867" lon="127.8772132">
<ele>869.456</ele>
<time>2025-04-13T02:41:27Z</time>
<hdop>3.79</hdop>
</trkpt>
<trkpt lat="36.0315055" lon="127.8771676">
<ele>869.091</ele>
<time>2025-04-13T02:41:32Z</time>
<hdop>3.79</hdop>
</trkpt>
<trkpt lat="36.031538" lon="127.8771197">
<ele>867.319</ele>
<time>2025-04-13T02:41:37Z</time>
<hdop>3.79</hdop>
</trkpt>
<trkpt lat="36.0315633" lon="127.8770689">
<ele>865.591</ele>
<time>2025-04-13T02:41:42Z</time>
<hdop>3.79</hdop>
</trkpt>
<trkpt lat="36.0316042" lon="127.8770359">
<ele>865.535</ele>
<time>2025-04-13T02:41:47Z</time>
<hdop>3.79</hdop>
</trkpt>
<trkpt lat="36.0316342" lon="127.8769947">
<ele>864.855</ele>
<time>2025-04-13T02:41:52Z</time>
<hdop>3.79</hdop>
</trkpt>
<trkpt lat="36.0316703" lon="127.8769624">
<ele>863.397</ele>
<time>2025-04-13T02:41:57Z</time>
<hdop>3.79</hdop>
</trkpt>
<trkpt lat="36.0317114" lon="127.8769243">
<ele>862.623</ele>
<time>2025-04-13T02:42:02Z</time>
<hdop>3.79</hdop>
</trkpt>
<trkpt lat="36.0317619" lon="127.8769161">
<ele>861.109</ele>
<time>2025-04-13T02:42:07Z</time>
<hdop>3.79</hdop>
</trkpt>
<trkpt lat="36.0318014" lon="127.8769226">
<ele>859.977</ele>
<time>2025-04-13T02:42:12Z</time>
<hdop>3.79</hdop>
</trkpt>
<trkpt lat="36.0318528" lon="127.876916">
<ele>857.501</ele>
<time>2025-04-13T02:42:17Z</time>
<hdop>3.79</hdop>
</trkpt>
<trkpt lat="36.031903" lon="127.8769119">
<ele>854.905</ele>
<time>2025-04-13T02:42:22Z</time>
<hdop>3.79</hdop>
</trkpt>
<trkpt lat="36.0319401" lon="127.8768751">
<ele>852.779</ele>
<time>2025-04-13T02:42:27Z</time>
<hdop>3.79</hdop>
</trkpt>
<trkpt lat="36.0319713" lon="127.8768217">
<ele>851.484</ele>
<time>2025-04-13T02:42:32Z</time>
<hdop>3.79</hdop>
</trkpt>
<trkpt lat="36.032006" lon="127.8767581">
<ele>849.452</ele>
<time>2025-04-13T02:42:37Z</time>
<hdop>3.79</hdop>
</trkpt>
<trkpt lat="36.032056" lon="127.8767195">
<ele>849.753</ele>
<time>2025-04-13T02:42:42Z</time>
<hdop>3.79</hdop>
</trkpt>
<trkpt lat="36.0321048" lon="127.8766948">
<ele>848.87</ele>
<time>2025-04-13T02:42:47Z</time>
<hdop>3.79</hdop>
</trkpt>
<trkpt lat="36.0321533" lon="127.8766957">
<ele>848.832</ele>
<time>2025-04-13T02:42:52Z</time>
<hdop>3.79</hdop>
</trkpt>
<trkpt lat="36.0322035" lon="127.8766849">
<ele>850.239</ele>
<time>2025-04-13T02:42:57Z</time>
<hdop>3.79</hdop>
</trkpt>
<trkpt lat="36.0322461" lon="127.8766752">
<ele>852.392</ele>
<time>2025-04-13T02:43:02Z</time>
<hdop>3.79</hdop>
</trkpt>
<trkpt lat="36.0322957" lon="127.8766541">
<ele>851.713</ele>
<time>2025-04-13T02:43:07Z</time>
<hdop>3.79</hdop>
</trkpt>
<trkpt lat="36.0323297" lon="127.8766225">
<ele>852.361</ele>
<time>2025-04-13T02:43:12Z</time>
<hdop>3.79</hdop>
</trkpt>
<trkpt lat="36.0323623" lon="127.8765958">
<ele>852.214</ele>
<time>2025-04-13T02:43:17Z</time>
<hdop>3.79</hdop>
</trkpt>
<trkpt lat="36.0323981" lon="127.876577">
<ele>852.865</ele>
<time>2025-04-13T02:43:22Z</time>
<hdop>3.79</hdop>
</trkpt>
<trkpt lat="36.0324265" lon="127.8765454">
<ele>851.387</ele>
<time>2025-04-13T02:43:27Z</time>
<hdop>3.79</hdop>
</trkpt>
<trkpt lat="36.0324282" lon="127.8765084">
<ele>850.329</ele>
<time>2025-04-13T02:43:32Z</time>
<hdop>3.79</hdop>
</trkpt>
<trkpt lat="36.0324683" lon="127.8764902">
<ele>849.701</ele>
<time>2025-04-13T02:43:37Z</time>
<hdop>3.79</hdop>
</trkpt>
<trkpt lat="36.0325011" lon="127.8764666">
<ele>849.952</ele>
<time>2025-04-13T02:43:42Z</time>
<hdop>3.79</hdop>
</trkpt>
<trkpt lat="36.0325386" lon="127.8764417">
<ele>848.23</ele>
<time>2025-04-13T02:43:47Z</time>
<hdop>3.79</hdop>
</trkpt>
<trkpt lat="36.0325753" lon="127.8764122">
<ele>845.519</ele>
<time>2025-04-13T02:43:52Z</time>
<hdop>3.79</hdop>
</trkpt>
<trkpt lat="36.0326215" lon="127.8764013">
<ele>845.246</ele>
<time>2025-04-13T02:43:57Z</time>
<hdop>3.79</hdop>
</trkpt>
<trkpt lat="36.0326525" lon="127.8763539">
<ele>843.327</ele>
<time>2025-04-13T02:44:02Z</time>
<hdop>3.79</hdop>
</trkpt>
<trkpt lat="36.0326915" lon="127.8763149">
<ele>842.317</ele>
<time>2025-04-13T02:44:07Z</time>
<hdop>3.79</hdop>
</trkpt>
<trkpt lat="36.0327354" lon="127.8763078">
<ele>843.309</ele>
<time>2025-04-13T02:44:12Z</time>
<hdop>3.79</hdop>
</trkpt>
<trkpt lat="36.0327497" lon="127.87629">
<ele>839.638</ele>
<time>2025-04-13T02:44:17Z</time>
<hdop>3.79</hdop>
</trkpt>
<trkpt lat="36.0327645" lon="127.8762581">
<ele>837.7</ele>
<time>2025-04-13T02:44:22Z</time>
<hdop>3.79</hdop>
</trkpt>
<trkpt lat="36.0327939" lon="127.8762307">
<ele>836.013</ele>
<time>2025-04-13T02:44:27Z</time>
<hdop>3.79</hdop>
</trkpt>
<trkpt lat="36.0328235" lon="127.8761946">
<ele>834.969</ele>
<time>2025-04-13T02:44:32Z</time>
<hdop>3.79</hdop>
</trkpt>
<trkpt lat="36.0328712" lon="127.8761609">
<ele>834.134</ele>
<time>2025-04-13T02:44:37Z</time>
<hdop>3.79</hdop>
</trkpt>
<trkpt lat="36.0328636" lon="127.8761052">
<ele>831.86</ele>
<time>2025-04-13T02:44:42Z</time>
<hdop>3.79</hdop>
</trkpt>
<trkpt lat="36.0328831" lon="127.8760653">
<ele>830.391</ele>
<time>2025-04-13T02:44:47Z</time>
<hdop>3.79</hdop>
</trkpt>
<trkpt lat="36.0329278" lon="127.8760289">
<ele>829.103</ele>
<time>2025-04-13T02:44:52Z</time>
<hdop>3.79</hdop>
</trkpt>
<trkpt lat="36.032972" lon="127.8760022">
<ele>828.364</ele>
<time>2025-04-13T02:44:57Z</time>
<hdop>3.79</hdop>
</trkpt>
<trkpt lat="36.033012" lon="127.8759819">
<ele>827.215</ele>
<time>2025-04-13T02:45:02Z</time>
<hdop>3.79</hdop>
</trkpt>
<trkpt lat="36.0330534" lon="127.8759555">
<ele>826.499</ele>
<time>2025-04-13T02:45:07Z</time>
<hdop>3.79</hdop>
</trkpt>
<trkpt lat="36.0331006" lon="127.875942">
<ele>826.842</ele>
<time>2025-04-13T02:45:12Z</time>
<hdop>3.79</hdop>
</trkpt>
<trkpt lat="36.0331468" lon="127.8759366">
<ele>827.354</ele>
<time>2025-04-13T02:45:17Z</time>
<hdop>3.79</hdop>
</trkpt>
<trkpt lat="36.0331925" lon="127.875936">
<ele>826.822</ele>
<time>2025-04-13T02:45:22Z</time>
<hdop>3.79</hdop>
</trkpt>
<trkpt lat="36.0332363" lon="127.87594">
<ele>826.274</ele>
<time>2025-04-13T02:45:27Z</time>
<hdop>3.79</hdop>
</trkpt>
<trkpt lat="36.0332829" lon="127.8759204">
<ele>825.657</ele>
<time>2025-04-13T02:45:32Z</time>
<hdop>3.79</hdop>
</trkpt>
<trkpt lat="36.0333309" lon="127.8758996">
<ele>824.721</ele>
<time>2025-04-13T02:45:37Z</time>
<hdop>3.79</hdop>
</trkpt>
<trkpt lat="36.0333678" lon="127.8758589">
<ele>824.52</ele>
<time>2025-04-13T02:45:42Z</time>
<hdop>3.79</hdop>
</trkpt>
<trkpt lat="36.0333812" lon="127.8758108">
<ele>824.546</ele>
<time>2025-04-13T02:45:47Z</time>
<hdop>3.79</hdop>
</trkpt>
<trkpt lat="36.033381" lon="127.8757828">
<ele>823.263</ele>
<time>2025-04-13T02:45:52Z</time>
<hdop>3.79</hdop>
</trkpt>
<trkpt lat="36.0333896" lon="127.8757597">
<ele>820.385</ele>
<time>2025-04-13T02:45:57Z</time>
<hdop>3.79</hdop>
</trkpt>
<trkpt lat="36.0334093" lon="127.8757409">
<ele>819.022</ele>
<time>2025-04-13T02:46:02Z</time>
<hdop>3.79</hdop>
</trkpt>
<trkpt lat="36.0334228" lon="127.8757253">
<ele>818.596</ele>
<time>2025-04-13T02:46:07Z</time>
<hdop>3.79</hdop>
</trkpt>
<trkpt lat="36.0334407" lon="127.8757018">
<ele>818.022</ele>
<time>2025-04-13T02:46:12Z</time>
<hdop>3.79</hdop>
</trkpt>
<trkpt lat="36.0334612" lon="127.8756811">
<ele>816.752</ele>
<time>2025-04-13T02:46:17Z</time>
<hdop>3.79</hdop>
</trkpt>
<trkpt lat="36.0334815" lon="127.8756667">
<ele>815.351</ele>
<time>2025-04-13T02:46:22Z</time>
<hdop>3.79</hdop>
</trkpt>
<trkpt lat="36.0335016" lon="127.8756483">
<ele>815.076</ele>
<time>2025-04-13T02:46:27Z</time>
<hdop>3.79</hdop>
</trkpt>
<trkpt lat="36.033512" lon="127.8756349">
<ele>814.267</ele>
<time>2025-04-13T02:46:32Z</time>
<hdop>3.79</hdop>
</trkpt>
<trkpt lat="36.0335294" lon="127.8756106">
<ele>813.664</ele>
<time>2025-04-13T02:46:37Z</time>
<hdop>3.79</hdop>
</trkpt>
<trkpt lat="36.0335484" lon="127.8755812">
<ele>812.599</ele>
<time>2025-04-13T02:46:42Z</time>
<hdop>3.79</hdop>
</trkpt>
<trkpt lat="36.033572" lon="127.8755522">
<ele>811.158</ele>
<time>2025-04-13T02:46:47Z</time>
<hdop>3.79</hdop>
</trkpt>
<trkpt lat="36.0335882" lon="127.8755026">
<ele>809.952</ele>
<time>2025-04-13T02:46:52Z</time>
<hdop>3.79</hdop>
</trkpt>
<trkpt lat="36.0336217" lon="127.8754907">
<ele>810.108</ele>
<time>2025-04-13T02:46:57Z</time>
<hdop>3.79</hdop>
</trkpt>
<trkpt lat="36.033672" lon="127.8754721">
<ele>809.951</ele>
<time>2025-04-13T02:47:02Z</time>
<hdop>3.79</hdop>
</trkpt>
<trkpt lat="36.0337156" lon="127.8754562">
<ele>810.564</ele>
<time>2025-04-13T02:47:07Z</time>
<hdop>3.79</hdop>
</trkpt>
<trkpt lat="36.0337494" lon="127.8754394">
<ele>809.268</ele>
<time>2025-04-13T02:47:12Z</time>
<hdop>3.79</hdop>
</trkpt>
<trkpt lat="36.033794" lon="127.8754167">
<ele>809.004</ele>
<time>2025-04-13T02:47:17Z</time>
<hdop>3.79</hdop>
</trkpt>
<trkpt lat="36.0338441" lon="127.8753853">
<ele>808.502</ele>
<time>2025-04-13T02:47:22Z</time>
<hdop>3.79</hdop>
</trkpt>
<trkpt lat="36.0338951" lon="127.8753648">
<ele>808.815</ele>
<time>2025-04-13T02:47:27Z</time>
<hdop>3.79</hdop>
</trkpt>
<trkpt lat="36.0339426" lon="127.8753486">
<ele>806.944</ele>
<time>2025-04-13T02:47:32Z</time>
<hdop>3.79</hdop>
</trkpt>
<trkpt lat="36.0339892" lon="127.8753379">
<ele>808.41</ele>
<time>2025-04-13T02:47:37Z</time>
<hdop>3.79</hdop>
</trkpt>
<trkpt lat="36.0340309" lon="127.8753187">
<ele>807.462</ele>
<time>2025-04-13T02:47:42Z</time>
<hdop>3.79</hdop>
</trkpt>
<trkpt lat="36.0340711" lon="127.8752997">
<ele>807.257</ele>
<time>2025-04-13T02:47:47Z</time>
<hdop>3.79</hdop>
</trkpt>
<trkpt lat="36.0341105" lon="127.8752832">
<ele>808.506</ele>
<time>2025-04-13T02:47:52Z</time>
<hdop>3.79</hdop>
</trkpt>
<trkpt lat="36.0341586" lon="127.8752462">
<ele>806.931</ele>
<time>2025-04-13T02:47:57Z</time>
<hdop>3.79</hdop>
</trkpt>
<trkpt lat="36.034201" lon="127.8752397">
<ele>806.999</ele>
<time>2025-04-13T02:48:02Z</time>
<hdop>3.79</hdop>
</trkpt>
<trkpt lat="36.0342369" lon="127.8752536">
<ele>805.65</ele>
<time>2025-04-13T02:48:07Z</time>
<hdop>3.79</hdop>
</trkpt>
<trkpt lat="36.0342626" lon="127.8752209">
<ele>804.736</ele>
<time>2025-04-13T02:48:12Z</time>
<hdop>3.79</hdop>
</trkpt>
<trkpt lat="36.0342627" lon="127.8751978">
<ele>803.071</ele>
<time>2025-04-13T02:48:17Z</time>
<hdop>3.79</hdop>
</trkpt>
<trkpt lat="36.034264" lon="127.8751834">
<ele>802.161</ele>
<time>2025-04-13T02:48:22Z</time>
<hdop>3.79</hdop>
</trkpt>
<trkpt lat="36.034264" lon="127.8751689">
<ele>801.316</ele>
<time>2025-04-13T02:48:27Z</time>
<hdop>3.79</hdop>
</trkpt>
<trkpt lat="36.0342707" lon="127.8751392">
<ele>800.703</ele>
<time>2025-04-13T02:48:32Z</time>
<hdop>3.79</hdop>
</trkpt>
<trkpt lat="36.0342811" lon="127.8751169">
<ele>802.056</ele>
<time>2025-04-13T02:48:37Z</time>
<hdop>3.79</hdop>
</trkpt>
<trkpt lat="36.0343053" lon="127.8750763">
<ele>803.449</ele>
<time>2025-04-13T02:48:42Z</time>
<hdop>3.79</hdop>
</trkpt>
<trkpt lat="36.0343199" lon="127.8750309">
<ele>804.405</ele>
<time>2025-04-13T02:48:47Z</time>
<hdop>3.79</hdop>
</trkpt>
<trkpt lat="36.0343406" lon="127.8749938">
<ele>804.889</ele>
<time>2025-04-13T02:48:52Z</time>
<hdop>3.79</hdop>
</trkpt>
<trkpt lat="36.0343634" lon="127.8749578">
<ele>804.222</ele>
<time>2025-04-13T02:48:57Z</time>
<hdop>3.79</hdop>
</trkpt>
<trkpt lat="36.0344034" lon="127.8749448">
<ele>803.066</ele>
<time>2025-04-13T02:49:02Z</time>
<hdop>3.79</hdop>
</trkpt>
<trkpt lat="36.0344401" lon="127.8749124">
<ele>801.185</ele>
<time>2025-04-13T02:49:07Z</time>
<hdop>3.79</hdop>
</trkpt>
<trkpt lat="36.0344841" lon="127.8748873">
<ele>799.775</ele>
<time>2025-04-13T02:49:12Z</time>
<hdop>3.79</hdop>
</trkpt>
<trkpt lat="36.034525" lon="127.874852">
<ele>798.615</ele>
<time>2025-04-13T02:49:17Z</time>
<hdop>3.79</hdop>
</trkpt>
<trkpt lat="36.0345728" lon="127.8748207">
<ele>797.869</ele>
<time>2025-04-13T02:49:22Z</time>
<hdop>3.79</hdop>
</trkpt>
<trkpt lat="36.0346224" lon="127.8748061">
<ele>797.278</ele>
<time>2025-04-13T02:49:27Z</time>
<hdop>3.79</hdop>
</trkpt>
<trkpt lat="36.0346693" lon="127.87479">
<ele>796.676</ele>
<time>2025-04-13T02:49:32Z</time>
<hdop>3.79</hdop>
</trkpt>
<trkpt lat="36.0347209" lon="127.8747643">
<ele>796.1</ele>
<time>2025-04-13T02:49:37Z</time>
<hdop>3.79</hdop>
</trkpt>
<trkpt lat="36.0347684" lon="127.8747326">
<ele>793.706</ele>
<time>2025-04-13T02:49:42Z</time>
<hdop>3.79</hdop>
</trkpt>
<trkpt lat="36.0348088" lon="127.8746904">
<ele>793.201</ele>
<time>2025-04-13T02:49:47Z</time>
<hdop>3.79</hdop>
</trkpt>
<trkpt lat="36.0348301" lon="127.8746319">
<ele>791.694</ele>
<time>2025-04-13T02:49:52Z</time>
<hdop>3.79</hdop>
</trkpt>
<trkpt lat="36.0348022" lon="127.8745695">
<ele>791.955</ele>
<time>2025-04-13T02:49:57Z</time>
<hdop>3.79</hdop>
</trkpt>
<trkpt lat="36.0347777" lon="127.8745159">
<ele>791.472</ele>
<time>2025-04-13T02:50:02Z</time>
<hdop>3.79</hdop>
</trkpt>
<trkpt lat="36.0347589" lon="127.8744687">
<ele>792.278</ele>
<time>2025-04-13T02:50:07Z</time>
<hdop>3.79</hdop>
</trkpt>
<trkpt lat="36.0347589" lon="127.874421">
<ele>793.427</ele>
<time>2025-04-13T02:50:12Z</time>
<hdop>3.79</hdop>
</trkpt>
<trkpt lat="36.0347687" lon="127.8743808">
<ele>793.979</ele>
<time>2025-04-13T02:50:17Z</time>
<hdop>3.79</hdop>
</trkpt>
<trkpt lat="36.03477" lon="127.8743478">
<ele>794.214</ele>
<time>2025-04-13T02:50:22Z</time>
<hdop>3.79</hdop>
</trkpt>
<trkpt lat="36.0347668" lon="127.8743124">
<ele>795.758</ele>
<time>2025-04-13T02:50:27Z</time>
<hdop>3.79</hdop>
</trkpt>
<trkpt lat="36.0347626" lon="127.8742736">
<ele>797.359</ele>
<time>2025-04-13T02:50:32Z</time>
<hdop>3.79</hdop>
</trkpt>
<trkpt lat="36.0347733" lon="127.874232">
<ele>796.085</ele>
<time>2025-04-13T02:50:37Z</time>
<hdop>3.79</hdop>
</trkpt>
<trkpt lat="36.0347957" lon="127.8741877">
<ele>794.896</ele>
<time>2025-04-13T02:50:42Z</time>
<hdop>3.79</hdop>
</trkpt>
<trkpt lat="36.0348199" lon="127.8741357">
<ele>794.479</ele>
<time>2025-04-13T02:50:47Z</time>
<hdop>3.79</hdop>
</trkpt>
<trkpt lat="36.0348419" lon="127.8740834">
<ele>793.58</ele>
<time>2025-04-13T02:50:52Z</time>
<hdop>3.79</hdop>
</trkpt>
<trkpt lat="36.034869" lon="127.8740272">
<ele>792.858</ele>
<time>2025-04-13T02:50:57Z</time>
<hdop>3.79</hdop>
</trkpt>
<trkpt lat="36.0348944" lon="127.8739781">
<ele>793.559</ele>
<time>2025-04-13T02:51:02Z</time>
<hdop>3.79</hdop>
</trkpt>
<trkpt lat="36.0349266" lon="127.8739301">
<ele>792.478</ele>
<time>2025-04-13T02:51:07Z</time>
<hdop>3.79</hdop>
</trkpt>
<trkpt lat="36.0349667" lon="127.8738977">
<ele>792.628</ele>
<time>2025-04-13T02:51:12Z</time>
<hdop>3.79</hdop>
</trkpt>
<trkpt lat="36.0350051" lon="127.8738835">
<ele>793.538</ele>
<time>2025-04-13T02:51:17Z</time>
<hdop>3.79</hdop>
</trkpt>
<trkpt lat="36.0350376" lon="127.8738664">
<ele>794.259</ele>
<time>2025-04-13T02:51:22Z</time>
<hdop>3.79</hdop>
</trkpt>
<trkpt lat="36.0350542" lon="127.8738579">
<ele>795.971</ele>
<time>2025-04-13T02:51:27Z</time>
<hdop>3.79</hdop>
</trkpt>
<trkpt lat="36.0350546" lon="127.8738574">
<ele>796.128</ele>
<time>2025-04-13T02:51:32Z</time>
<hdop>3.79</hdop>
</trkpt>
<trkpt lat="36.0350612" lon="127.8738489">
<ele>795.33</ele>
<time>2025-04-13T02:51:37Z</time>
<hdop>3.79</hdop>
</trkpt>
<trkpt lat="36.0350752" lon="127.8738312">
<ele>794.686</ele>
<time>2025-04-13T02:51:42Z</time>
<hdop>3.79</hdop>
</trkpt>
<trkpt lat="36.0351061" lon="127.8737878">
<ele>796.693</ele>
<time>2025-04-13T02:51:47Z</time>
<hdop>3.79</hdop>
</trkpt>
<trkpt lat="36.0351295" lon="127.8737374">
<ele>797.391</ele>
<time>2025-04-13T02:51:52Z</time>
<hdop>3.79</hdop>
</trkpt>
<trkpt lat="36.0351554" lon="127.8736937">
<ele>798.547</ele>
<time>2025-04-13T02:51:57Z</time>
<hdop>3.79</hdop>
</trkpt>
<trkpt lat="36.0351859" lon="127.8736764">
<ele>798.469</ele>
<time>2025-04-13T02:52:02Z</time>
<hdop>3.79</hdop>
</trkpt>
<trkpt lat="36.0352169" lon="127.8736711">
<ele>798.104</ele>
<time>2025-04-13T02:52:07Z</time>
<hdop>3.79</hdop>
</trkpt>
<trkpt lat="36.0352447" lon="127.87369">
<ele>796.905</ele>
<time>2025-04-13T02:52:12Z</time>
<hdop>3.79</hdop>
</trkpt>
<trkpt lat="36.0352648" lon="127.873742">
<ele>795.544</ele>
<time>2025-04-13T02:52:17Z</time>
<hdop>3.79</hdop>
</trkpt>
<trkpt lat="36.0352811" lon="127.8738053">
<ele>796.015</ele>
<time>2025-04-13T02:52:22Z</time>
<hdop>3.79</hdop>
</trkpt>
<trkpt lat="36.0353055" lon="127.8738256">
<ele>794.914</ele>
<time>2025-04-13T02:52:27Z</time>
<hdop>3.79</hdop>
</trkpt>
<trkpt lat="36.0353265" lon="127.8738336">
<ele>794.969</ele>
<time>2025-04-13T02:52:32Z</time>
<hdop>3.79</hdop>
</trkpt>
<trkpt lat="36.0353719" lon="127.8738079">
<ele>790.861</ele>
<time>2025-04-13T02:52:37Z</time>
<hdop>3.79</hdop>
</trkpt>
<trkpt lat="36.0354252" lon="127.8737821">
<ele>787.113</ele>
<time>2025-04-13T02:52:42Z</time>
<hdop>3.79</hdop>
</trkpt>
<trkpt lat="36.0354865" lon="127.8737816">
<ele>784.847</ele>
<time>2025-04-13T02:52:47Z</time>
<hdop>3.79</hdop>
</trkpt>
<trkpt lat="36.0355342" lon="127.8737815">
<ele>782.373</ele>
<time>2025-04-13T02:52:52Z</time>
<hdop>3.79</hdop>
</trkpt>
<trkpt lat="36.0355796" lon="127.8738092">
<ele>780.818</ele>
<time>2025-04-13T02:52:57Z</time>
<hdop>3.79</hdop>
</trkpt>
<trkpt lat="36.035632" lon="127.8738161">
<ele>778.198</ele>
<time>2025-04-13T02:53:02Z</time>
<hdop>3.79</hdop>
</trkpt>
<trkpt lat="36.0356879" lon="127.8737932">
<ele>776.013</ele>
<time>2025-04-13T02:53:07Z</time>
<hdop>3.79</hdop>
</trkpt>
<trkpt lat="36.0357623" lon="127.873778">
<ele>773.767</ele>
<time>2025-04-13T02:53:12Z</time>
<hdop>3.79</hdop>
</trkpt>
<trkpt lat="36.0358056" lon="127.8738103">
<ele>777.727</ele>
<time>2025-04-13T02:53:16Z</time>
<hdop>3.79</hdop>
</trkpt>
<trkpt lat="36.0357988" lon="127.8737615">
<ele>777.205</ele>
<time>2025-04-13T02:53:24Z</time>
<hdop>3.79</hdop>
</trkpt>
<trkpt lat="36.0357916" lon="127.873731">
<ele>772.909</ele>
<time>2025-04-13T02:53:29Z</time>
<hdop>3.79</hdop>
</trkpt>
<trkpt lat="36.0358176" lon="127.8736643">
<ele>771.403</ele>
<time>2025-04-13T02:53:34Z</time>
<hdop>3.79</hdop>
</trkpt>
<trkpt lat="36.035846" lon="127.873583">
<ele>769.736</ele>
<time>2025-04-13T02:53:39Z</time>
<hdop>3.79</hdop>
</trkpt>
<trkpt lat="36.0359012" lon="127.8735145">
<ele>767.301</ele>
<time>2025-04-13T02:53:44Z</time>
<hdop>3.79</hdop>
</trkpt>
<trkpt lat="36.035962" lon="127.8734469">
<ele>767.018</ele>
<time>2025-04-13T02:53:49Z</time>
<hdop>3.79</hdop>
</trkpt>
<trkpt lat="36.0360094" lon="127.8733801">
<ele>766.307</ele>
<time>2025-04-13T02:53:54Z</time>
<hdop>3.79</hdop>
</trkpt>
<trkpt lat="36.0360644" lon="127.8733288">
<ele>766.163</ele>
<time>2025-04-13T02:53:59Z</time>
<hdop>3.79</hdop>
</trkpt>
<trkpt lat="36.0361304" lon="127.8733151">
<ele>766.152</ele>
<time>2025-04-13T02:54:04Z</time>
<hdop>3.79</hdop>
</trkpt>
<trkpt lat="36.0361986" lon="127.8733091">
<ele>766.344</ele>
<time>2025-04-13T02:54:09Z</time>
<hdop>3.79</hdop>
</trkpt>
<trkpt lat="36.0362643" lon="127.8733074">
<ele>765.366</ele>
<time>2025-04-13T02:54:14Z</time>
<hdop>3.79</hdop>
</trkpt>
<trkpt lat="36.0363318" lon="127.8732938">
<ele>764.34</ele>
<time>2025-04-13T02:54:19Z</time>
<hdop>3.79</hdop>
</trkpt>
<trkpt lat="36.0363864" lon="127.873245">
<ele>763.618</ele>
<time>2025-04-13T02:54:24Z</time>
<hdop>3.79</hdop>
</trkpt>
<trkpt lat="36.0364524" lon="127.8731638">
<ele>764.421</ele>
<time>2025-04-13T02:54:29Z</time>
<hdop>3.79</hdop>
</trkpt>
<trkpt lat="36.036519" lon="127.873101">
<ele>764.081</ele>
<time>2025-04-13T02:54:34Z</time>
<hdop>3.79</hdop>
</trkpt>
<trkpt lat="36.0365739" lon="127.8730546">
<ele>762.178</ele>
<time>2025-04-13T02:54:39Z</time>
<hdop>3.79</hdop>
</trkpt>
<trkpt lat="36.0366367" lon="127.8730161">
<ele>760.733</ele>
<time>2025-04-13T02:54:44Z</time>
<hdop>3.79</hdop>
</trkpt>
<trkpt lat="36.0367051" lon="127.8729957">
<ele>757.935</ele>
<time>2025-04-13T02:54:49Z</time>
<hdop>3.79</hdop>
</trkpt>
<trkpt lat="36.0367692" lon="127.872976">
<ele>756.386</ele>
<time>2025-04-13T02:54:54Z</time>
<hdop>3.79</hdop>
</trkpt>
<trkpt lat="36.0368302" lon="127.8729409">
<ele>754.281</ele>
<time>2025-04-13T02:54:59Z</time>
<hdop>3.79</hdop>
</trkpt>
<trkpt lat="36.0368959" lon="127.8729108">
<ele>752.834</ele>
<time>2025-04-13T02:55:04Z</time>
<hdop>3.79</hdop>
</trkpt>
<trkpt lat="36.0369666" lon="127.8728968">
<ele>751.445</ele>
<time>2025-04-13T02:55:09Z</time>
<hdop>3.79</hdop>
</trkpt>
<trkpt lat="36.0370326" lon="127.8728902">
<ele>748.81</ele>
<time>2025-04-13T02:55:14Z</time>
<hdop>3.79</hdop>
</trkpt>
<trkpt lat="36.0371059" lon="127.8728814">
<ele>745.83</ele>
<time>2025-04-13T02:55:19Z</time>
<hdop>3.79</hdop>
</trkpt>
<trkpt lat="36.0371814" lon="127.8728888">
<ele>745.896</ele>
<time>2025-04-13T02:55:24Z</time>
<hdop>3.79</hdop>
</trkpt>
<trkpt lat="36.0372451" lon="127.8728646">
<ele>744.324</ele>
<time>2025-04-13T02:55:29Z</time>
<hdop>3.79</hdop>
</trkpt>
<trkpt lat="36.0373113" lon="127.8728428">
<ele>743.885</ele>
<time>2025-04-13T02:55:34Z</time>
<hdop>3.79</hdop>
</trkpt>
<trkpt lat="36.0373795" lon="127.8728133">
<ele>743.649</ele>
<time>2025-04-13T02:55:39Z</time>
<hdop>3.79</hdop>
</trkpt>
<trkpt lat="36.0374412" lon="127.8727806">
<ele>743.048</ele>
<time>2025-04-13T02:55:44Z</time>
<hdop>3.79</hdop>
</trkpt>
<trkpt lat="36.0375007" lon="127.8727515">
<ele>742.809</ele>
<time>2025-04-13T02:55:49Z</time>
<hdop>3.79</hdop>
</trkpt>
<trkpt lat="36.0375571" lon="127.8727277">
<ele>742.535</ele>
<time>2025-04-13T02:55:54Z</time>
<hdop>3.79</hdop>
</trkpt>
<trkpt lat="36.0376162" lon="127.8726988">
<ele>742.506</ele>
<time>2025-04-13T02:55:59Z</time>
<hdop>3.79</hdop>
</trkpt>
<trkpt lat="36.0376717" lon="127.8726767">
<ele>741.934</ele>
<time>2025-04-13T02:56:04Z</time>
<hdop>3.79</hdop>
</trkpt>
<trkpt lat="36.0377331" lon="127.872666">
<ele>741.599</ele>
<time>2025-04-13T02:56:09Z</time>
<hdop>3.79</hdop>
</trkpt>
<trkpt lat="36.0377938" lon="127.8726618">
<ele>740.095</ele>
<time>2025-04-13T02:56:14Z</time>
<hdop>3.79</hdop>
</trkpt>
<trkpt lat="36.0378571" lon="127.8726666">
<ele>739.996</ele>
<time>2025-04-13T02:56:19Z</time>
<hdop>3.79</hdop>
</trkpt>
<trkpt lat="36.0379129" lon="127.8726474">
<ele>737.778</ele>
<time>2025-04-13T02:56:24Z</time>
<hdop>3.79</hdop>
</trkpt>
<trkpt lat="36.0379698" lon="127.8726179">
<ele>737.944</ele>
<time>2025-04-13T02:56:29Z</time>
<hdop>3.79</hdop>
</trkpt>
<trkpt lat="36.0380256" lon="127.8726023">
<ele>738.106</ele>
<time>2025-04-13T02:56:34Z</time>
<hdop>3.79</hdop>
</trkpt>
<trkpt lat="36.0380886" lon="127.8726003">
<ele>737.207</ele>
<time>2025-04-13T02:56:39Z</time>
<hdop>3.79</hdop>
</trkpt>
<trkpt lat="36.0381487" lon="127.8726003">
<ele>737.786</ele>
<time>2025-04-13T02:56:44Z</time>
<hdop>3.79</hdop>
</trkpt>
<trkpt lat="36.0382022" lon="127.8725613">
<ele>737.024</ele>
<time>2025-04-13T02:56:49Z</time>
<hdop>3.79</hdop>
</trkpt>
<trkpt lat="36.03826" lon="127.8725223">
<ele>737.151</ele>
<time>2025-04-13T02:56:54Z</time>
<hdop>3.79</hdop>
</trkpt>
<trkpt lat="36.0383076" lon="127.8724665">
<ele>736.489</ele>
<time>2025-04-13T02:56:59Z</time>
<hdop>3.79</hdop>
</trkpt>
<trkpt lat="36.0383647" lon="127.872427">
<ele>736.356</ele>
<time>2025-04-13T02:57:04Z</time>
<hdop>3.79</hdop>
</trkpt>
<trkpt lat="36.0384199" lon="127.8723914">
<ele>734.389</ele>
<time>2025-04-13T02:57:09Z</time>
<hdop>3.79</hdop>
</trkpt>
<trkpt lat="36.0384798" lon="127.8723697">
<ele>734.703</ele>
<time>2025-04-13T02:57:14Z</time>
<hdop>3.79</hdop>
</trkpt>
<trkpt lat="36.0385337" lon="127.8723633">
<ele>734.212</ele>
<time>2025-04-13T02:57:19Z</time>
<hdop>3.79</hdop>
</trkpt>
<trkpt lat="36.0385903" lon="127.8723645">
<ele>731.93</ele>
<time>2025-04-13T02:57:24Z</time>
<hdop>3.79</hdop>
</trkpt>
<trkpt lat="36.0386485" lon="127.8723578">
<ele>730.648</ele>
<time>2025-04-13T02:57:29Z</time>
<hdop>3.79</hdop>
</trkpt>
<trkpt lat="36.0387088" lon="127.8723394">
<ele>730.027</ele>
<time>2025-04-13T02:57:34Z</time>
<hdop>3.79</hdop>
</trkpt>
<trkpt lat="36.0387638" lon="127.8723109">
<ele>728.606</ele>
<time>2025-04-13T02:57:39Z</time>
<hdop>3.79</hdop>
</trkpt>
<trkpt lat="36.0388185" lon="127.8722759">
<ele>728.867</ele>
<time>2025-04-13T02:57:44Z</time>
<hdop>3.79</hdop>
</trkpt>
<trkpt lat="36.0388667" lon="127.8722372">
<ele>727.785</ele>
<time>2025-04-13T02:57:49Z</time>
<hdop>3.79</hdop>
</trkpt>
<trkpt lat="36.0389221" lon="127.8721974">
<ele>727.873</ele>
<time>2025-04-13T02:57:54Z</time>
<hdop>3.79</hdop>
</trkpt>
<trkpt lat="36.0389706" lon="127.8721543">
<ele>728.031</ele>
<time>2025-04-13T02:57:59Z</time>
<hdop>3.79</hdop>
</trkpt>
<trkpt lat="36.0390197" lon="127.8721247">
<ele>726.877</ele>
<time>2025-04-13T02:58:04Z</time>
<hdop>3.79</hdop>
</trkpt>
<trkpt lat="36.0390762" lon="127.8721086">
<ele>725.615</ele>
<time>2025-04-13T02:58:09Z</time>
<hdop>3.79</hdop>
</trkpt>
<trkpt lat="36.0391333" lon="127.8721212">
<ele>724.199</ele>
<time>2025-04-13T02:58:14Z</time>
<hdop>3.79</hdop>
</trkpt>
<trkpt lat="36.0391778" lon="127.8721325">
<ele>722.795</ele>
<time>2025-04-13T02:58:19Z</time>
<hdop>3.79</hdop>
</trkpt>
<trkpt lat="36.0392296" lon="127.8721395">
<ele>721.304</ele>
<time>2025-04-13T02:58:24Z</time>
<hdop>3.79</hdop>
</trkpt>
<trkpt lat="36.0392777" lon="127.8721438">
<ele>720.939</ele>
<time>2025-04-13T02:58:29Z</time>
<hdop>3.79</hdop>
</trkpt>
<trkpt lat="36.0393303" lon="127.8721525">
<ele>720.121</ele>
<time>2025-04-13T02:58:34Z</time>
<hdop>3.79</hdop>
</trkpt>
<trkpt lat="36.0393794" lon="127.8721427">
<ele>719.172</ele>
<time>2025-04-13T02:58:39Z</time>
<hdop>3.79</hdop>
</trkpt>
<trkpt lat="36.0394323" lon="127.872137">
<ele>717.548</ele>
<time>2025-04-13T02:58:44Z</time>
<hdop>3.79</hdop>
</trkpt>
<trkpt lat="36.0394794" lon="127.8721414">
<ele>716.996</ele>
<time>2025-04-13T02:58:49Z</time>
<hdop>3.79</hdop>
</trkpt>
<trkpt lat="36.0395228" lon="127.8721402">
<ele>715.896</ele>
<time>2025-04-13T02:58:54Z</time>
<hdop>3.79</hdop>
</trkpt>
<trkpt lat="36.0395633" lon="127.8721563">
<ele>714.114</ele>
<time>2025-04-13T02:58:59Z</time>
<hdop>3.79</hdop>
</trkpt>
<trkpt lat="36.0395981" lon="127.8721847">
<ele>710.34</ele>
<time>2025-04-13T02:59:04Z</time>
<hdop>3.79</hdop>
</trkpt>
<trkpt lat="36.0396491" lon="127.8722078">
<ele>709.257</ele>
<time>2025-04-13T02:59:09Z</time>
<hdop>3.79</hdop>
</trkpt>
<trkpt lat="36.0396945" lon="127.8722259">
<ele>708.044</ele>
<time>2025-04-13T02:59:14Z</time>
<hdop>3.79</hdop>
</trkpt>
<trkpt lat="36.0397513" lon="127.8722459">
<ele>708.083</ele>
<time>2025-04-13T02:59:19Z</time>
<hdop>3.79</hdop>
</trkpt>
<trkpt lat="36.0398066" lon="127.8722517">
<ele>706.898</ele>
<time>2025-04-13T02:59:24Z</time>
<hdop>3.79</hdop>
</trkpt>
<trkpt lat="36.039861" lon="127.8722566">
<ele>706.072</ele>
<time>2025-04-13T02:59:29Z</time>
<hdop>3.79</hdop>
</trkpt>
<trkpt lat="36.0399146" lon="127.872253">
<ele>703.454</ele>
<time>2025-04-13T02:59:34Z</time>
<hdop>3.79</hdop>
</trkpt>
<trkpt lat="36.039966" lon="127.8722667">
<ele>702.422</ele>
<time>2025-04-13T02:59:39Z</time>
<hdop>3.79</hdop>
</trkpt>
<trkpt lat="36.0400199" lon="127.8722721">
<ele>701.039</ele>
<time>2025-04-13T02:59:44Z</time>
<hdop>3.79</hdop>
</trkpt>
<trkpt lat="36.0400782" lon="127.8722743">
<ele>700.033</ele>
<time>2025-04-13T02:59:49Z</time>
<hdop>3.79</hdop>
</trkpt>
<trkpt lat="36.0401342" lon="127.8722597">
<ele>700.38</ele>
<time>2025-04-13T02:59:54Z</time>
<hdop>3.79</hdop>
</trkpt>
<trkpt lat="36.0401932" lon="127.8722359">
<ele>700.457</ele>
<time>2025-04-13T02:59:59Z</time>
<hdop>3.79</hdop>
</trkpt>
<trkpt lat="36.0402397" lon="127.8722495">
<ele>699.65</ele>
<time>2025-04-13T03:00:04Z</time>
<hdop>3.79</hdop>
</trkpt>
<trkpt lat="36.0402611" lon="127.8722774">
<ele>699.598</ele>
<time>2025-04-13T03:00:09Z</time>
<hdop>3.79</hdop>
</trkpt>
<trkpt lat="36.0402749" lon="127.8722882">
<ele>699.304</ele>
<time>2025-04-13T03:00:14Z</time>
<hdop>3.79</hdop>
</trkpt>
<trkpt lat="36.0402752" lon="127.8722932">
<ele>699.407</ele>
<time>2025-04-13T03:00:19Z</time>
<hdop>3.79</hdop>
</trkpt>
<trkpt lat="36.0402766" lon="127.8722955">
<ele>699.401</ele>
<time>2025-04-13T03:00:24Z</time>
<hdop>3.79</hdop>
</trkpt>
<trkpt lat="36.0402796" lon="127.8723025">
<ele>699.86</ele>
<time>2025-04-13T03:00:29Z</time>
<hdop>3.79</hdop>
</trkpt>
<trkpt lat="36.040279" lon="127.8723031">
<ele>699.935</ele>
<time>2025-04-13T03:00:34Z</time>
<hdop>3.79</hdop>
</trkpt>
<trkpt lat="36.040279" lon="127.8723031">
<ele>699.958</ele>
<time>2025-04-13T03:00:39Z</time>
<hdop>3.79</hdop>
</trkpt>
<trkpt lat="36.040279" lon="127.8723031">
<ele>700.103</ele>
<time>2025-04-13T03:00:44Z</time>
<hdop>3.79</hdop>
</trkpt>
<trkpt lat="36.040279" lon="127.8723031">
<ele>700.4</ele>
<time>2025-04-13T03:00:49Z</time>
<hdop>3.79</hdop>
</trkpt>
<trkpt lat="36.0402804" lon="127.8723053">
<ele>700.439</ele>
<time>2025-04-13T03:00:54Z</time>
<hdop>3.79</hdop>
</trkpt>
<trkpt lat="36.0402758" lon="127.8723113">
<ele>700.283</ele>
<time>2025-04-13T03:00:59Z</time>
<hdop>3.79</hdop>
</trkpt>
<trkpt lat="36.0402746" lon="127.8723132">
<ele>700.336</ele>
<time>2025-04-13T03:01:04Z</time>
<hdop>3.79</hdop>
</trkpt>
<trkpt lat="36.0402937" lon="127.8723392">
<ele>698.455</ele>
<time>2025-04-13T03:01:09Z</time>
<hdop>3.79</hdop>
</trkpt>
<trkpt lat="36.0403065" lon="127.8723723">
<ele>697.883</ele>
<time>2025-04-13T03:01:14Z</time>
<hdop>3.79</hdop>
</trkpt>
<trkpt lat="36.0403372" lon="127.8723838">
<ele>695.912</ele>
<time>2025-04-13T03:01:19Z</time>
<hdop>3.79</hdop>
</trkpt>
<trkpt lat="36.0403783" lon="127.8724048">
<ele>694.277</ele>
<time>2025-04-13T03:01:24Z</time>
<hdop>3.79</hdop>
</trkpt>
<trkpt lat="36.0404207" lon="127.8724321">
<ele>694.103</ele>
<time>2025-04-13T03:01:29Z</time>
<hdop>3.79</hdop>
</trkpt>
<trkpt lat="36.0404664" lon="127.8724488">
<ele>693.992</ele>
<time>2025-04-13T03:01:34Z</time>
<hdop>3.79</hdop>
</trkpt>
<trkpt lat="36.0405046" lon="127.872466">
<ele>693.355</ele>
<time>2025-04-13T03:01:39Z</time>
<hdop>3.79</hdop>
</trkpt>
<trkpt lat="36.0405441" lon="127.8724754">
<ele>693.033</ele>
<time>2025-04-13T03:01:44Z</time>
<hdop>3.79</hdop>
</trkpt>
<trkpt lat="36.0405823" lon="127.8724934">
<ele>691.726</ele>
<time>2025-04-13T03:01:49Z</time>
<hdop>3.79</hdop>
</trkpt>
<trkpt lat="36.0406286" lon="127.8725055">
<ele>690.461</ele>
<time>2025-04-13T03:01:54Z</time>
<hdop>3.79</hdop>
</trkpt>
<trkpt lat="36.0406802" lon="127.8725236">
<ele>689.301</ele>
<time>2025-04-13T03:01:59Z</time>
<hdop>3.79</hdop>
</trkpt>
<trkpt lat="36.0407289" lon="127.872527">
<ele>688.464</ele>
<time>2025-04-13T03:02:04Z</time>
<hdop>3.79</hdop>
</trkpt>
<trkpt lat="36.0407866" lon="127.8725389">
<ele>689.155</ele>
<time>2025-04-13T03:02:09Z</time>
<hdop>3.79</hdop>
</trkpt>
<trkpt lat="36.0408458" lon="127.8725468">
<ele>687.467</ele>
<time>2025-04-13T03:02:14Z</time>
<hdop>3.79</hdop>
</trkpt>
<trkpt lat="36.0408972" lon="127.8725718">
<ele>686.005</ele>
<time>2025-04-13T03:02:19Z</time>
<hdop>3.79</hdop>
</trkpt>
<trkpt lat="36.0409471" lon="127.8726097">
<ele>686.608</ele>
<time>2025-04-13T03:02:24Z</time>
<hdop>3.79</hdop>
</trkpt>
<trkpt lat="36.0409886" lon="127.8726489">
<ele>684.208</ele>
<time>2025-04-13T03:02:29Z</time>
<hdop>3.79</hdop>
</trkpt>
<trkpt lat="36.0410323" lon="127.8726919">
<ele>682.449</ele>
<time>2025-04-13T03:02:34Z</time>
<hdop>3.79</hdop>
</trkpt>
<trkpt lat="36.0410873" lon="127.8727282">
<ele>682.426</ele>
<time>2025-04-13T03:02:39Z</time>
<hdop>3.79</hdop>
</trkpt>
<trkpt lat="36.0411393" lon="127.8727741">
<ele>682.29</ele>
<time>2025-04-13T03:02:44Z</time>
<hdop>3.79</hdop>
</trkpt>
<trkpt lat="36.0412001" lon="127.8727934">
<ele>680.901</ele>
<time>2025-04-13T03:02:49Z</time>
<hdop>3.79</hdop>
</trkpt>
<trkpt lat="36.0412633" lon="127.8728055">
<ele>684.031</ele>
<time>2025-04-13T03:02:54Z</time>
<hdop>3.79</hdop>
</trkpt>
<trkpt lat="36.0413211" lon="127.8728162">
<ele>683.371</ele>
<time>2025-04-13T03:02:59Z</time>
<hdop>3.79</hdop>
</trkpt>
<trkpt lat="36.0413838" lon="127.872821">
<ele>682.804</ele>
<time>2025-04-13T03:03:04Z</time>
<hdop>3.79</hdop>
</trkpt>
<trkpt lat="36.0414498" lon="127.8728233">
<ele>681.438</ele>
<time>2025-04-13T03:03:09Z</time>
<hdop>3.79</hdop>
</trkpt>
<trkpt lat="36.0415114" lon="127.8728174">
<ele>680.786</ele>
<time>2025-04-13T03:03:14Z</time>
<hdop>3.79</hdop>
</trkpt>
<trkpt lat="36.0415703" lon="127.8728029">
<ele>679.63</ele>
<time>2025-04-13T03:03:19Z</time>
<hdop>3.79</hdop>
</trkpt>
<trkpt lat="36.0416271" lon="127.8728006">
<ele>678.736</ele>
<time>2025-04-13T03:03:24Z</time>
<hdop>3.79</hdop>
</trkpt>
<trkpt lat="36.0416847" lon="127.8728021">
<ele>677.533</ele>
<time>2025-04-13T03:03:29Z</time>
<hdop>3.79</hdop>
</trkpt>
<trkpt lat="36.0417421" lon="127.8727983">
<ele>678.487</ele>
<time>2025-04-13T03:03:34Z</time>
<hdop>3.79</hdop>
</trkpt>
<trkpt lat="36.0418015" lon="127.8727917">
<ele>678.127</ele>
<time>2025-04-13T03:03:39Z</time>
<hdop>3.79</hdop>
</trkpt>
<trkpt lat="36.0418569" lon="127.872761">
<ele>677.145</ele>
<time>2025-04-13T03:03:44Z</time>
<hdop>3.79</hdop>
</trkpt>
<trkpt lat="36.0419139" lon="127.8727315">
<ele>676.61</ele>
<time>2025-04-13T03:03:49Z</time>
<hdop>3.79</hdop>
</trkpt>
<trkpt lat="36.0419632" lon="127.8726929">
<ele>677.091</ele>
<time>2025-04-13T03:03:54Z</time>
<hdop>3.79</hdop>
</trkpt>
<trkpt lat="36.0420135" lon="127.8726742">
<ele>676.946</ele>
<time>2025-04-13T03:03:59Z</time>
<hdop>3.79</hdop>
</trkpt>
<trkpt lat="36.0420662" lon="127.8726596">
<ele>674.691</ele>
<time>2025-04-13T03:04:04Z</time>
<hdop>3.79</hdop>
</trkpt>
<trkpt lat="36.0421202" lon="127.8726458">
<ele>674.726</ele>
<time>2025-04-13T03:04:09Z</time>
<hdop>3.79</hdop>
</trkpt>
<trkpt lat="36.0421774" lon="127.8726391">
<ele>673.934</ele>
<time>2025-04-13T03:04:14Z</time>
<hdop>3.79</hdop>
</trkpt>
<trkpt lat="36.042229" lon="127.872628">
<ele>672.583</ele>
<time>2025-04-13T03:04:19Z</time>
<hdop>3.79</hdop>
</trkpt>
<trkpt lat="36.0422844" lon="127.8726057">
<ele>671.193</ele>
<time>2025-04-13T03:04:24Z</time>
<hdop>3.79</hdop>
</trkpt>
<trkpt lat="36.0423334" lon="127.8725661">
<ele>671.331</ele>
<time>2025-04-13T03:04:29Z</time>
<hdop>3.79</hdop>
</trkpt>
<trkpt lat="36.042383" lon="127.8725423">
<ele>671.291</ele>
<time>2025-04-13T03:04:34Z</time>
<hdop>3.79</hdop>
</trkpt>
<trkpt lat="36.0424387" lon="127.8725166">
<ele>670.673</ele>
<time>2025-04-13T03:04:39Z</time>
<hdop>3.79</hdop>
</trkpt>
<trkpt lat="36.042491" lon="127.8724898">
<ele>669.434</ele>
<time>2025-04-13T03:04:44Z</time>
<hdop>3.79</hdop>
</trkpt>
<trkpt lat="36.0425466" lon="127.8724601">
<ele>668.935</ele>
<time>2025-04-13T03:04:49Z</time>
<hdop>3.79</hdop>
</trkpt>
<trkpt lat="36.0425962" lon="127.8724216">
<ele>668.363</ele>
<time>2025-04-13T03:04:54Z</time>
<hdop>3.79</hdop>
</trkpt>
<trkpt lat="36.0426484" lon="127.8723879">
<ele>668.215</ele>
<time>2025-04-13T03:04:59Z</time>
<hdop>3.79</hdop>
</trkpt>
<trkpt lat="36.042696" lon="127.8723504">
<ele>667.299</ele>
<time>2025-04-13T03:05:04Z</time>
<hdop>3.79</hdop>
</trkpt>
<trkpt lat="36.0427436" lon="127.8723081">
<ele>667.101</ele>
<time>2025-04-13T03:05:09Z</time>
<hdop>3.79</hdop>
</trkpt>
<trkpt lat="36.0427843" lon="127.8722662">
<ele>666.595</ele>
<time>2025-04-13T03:05:14Z</time>
<hdop>3.79</hdop>
</trkpt>
<trkpt lat="36.0428285" lon="127.8722211">
<ele>666.149</ele>
<time>2025-04-13T03:05:19Z</time>
<hdop>3.79</hdop>
</trkpt>
<trkpt lat="36.0428568" lon="127.8721581">
<ele>666.467</ele>
<time>2025-04-13T03:05:24Z</time>
<hdop>3.79</hdop>
</trkpt>
<trkpt lat="36.0428904" lon="127.8721009">
<ele>665.723</ele>
<time>2025-04-13T03:05:29Z</time>
<hdop>3.79</hdop>
</trkpt>
<trkpt lat="36.04292" lon="127.8720369">
<ele>664.333</ele>
<time>2025-04-13T03:05:34Z</time>
<hdop>3.79</hdop>
</trkpt>
<trkpt lat="36.0429426" lon="127.871968">
<ele>663.067</ele>
<time>2025-04-13T03:05:39Z</time>
<hdop>3.79</hdop>
</trkpt>
<trkpt lat="36.0429712" lon="127.8718991">
<ele>662.419</ele>
<time>2025-04-13T03:05:44Z</time>
<hdop>3.79</hdop>
</trkpt>
<trkpt lat="36.04299" lon="127.8718281">
<ele>662.308</ele>
<time>2025-04-13T03:05:49Z</time>
<hdop>3.79</hdop>
</trkpt>
<trkpt lat="36.0430126" lon="127.8717632">
<ele>661.719</ele>
<time>2025-04-13T03:05:54Z</time>
<hdop>3.79</hdop>
</trkpt>
<trkpt lat="36.043051" lon="127.8717123">
<ele>661.53</ele>
<time>2025-04-13T03:05:59Z</time>
<hdop>3.79</hdop>
</trkpt>
<trkpt lat="36.0430883" lon="127.8716606">
<ele>660.119</ele>
<time>2025-04-13T03:06:04Z</time>
<hdop>3.79</hdop>
</trkpt>
<trkpt lat="36.0431266" lon="127.8716008">
<ele>660.179</ele>
<time>2025-04-13T03:06:09Z</time>
<hdop>3.79</hdop>
</trkpt>
<trkpt lat="36.0431599" lon="127.871549">
<ele>659.628</ele>
<time>2025-04-13T03:06:14Z</time>
<hdop>3.79</hdop>
</trkpt>
<trkpt lat="36.0431912" lon="127.8714927">
<ele>659.344</ele>
<time>2025-04-13T03:06:19Z</time>
<hdop>3.79</hdop>
</trkpt>
<trkpt lat="36.0432265" lon="127.8714444">
<ele>657.304</ele>
<time>2025-04-13T03:06:24Z</time>
<hdop>3.79</hdop>
</trkpt>
<trkpt lat="36.0432572" lon="127.8713893">
<ele>655.459</ele>
<time>2025-04-13T03:06:29Z</time>
<hdop>3.79</hdop>
</trkpt>
<trkpt lat="36.043297" lon="127.8713349">
<ele>654.207</ele>
<time>2025-04-13T03:06:34Z</time>
<hdop>3.79</hdop>
</trkpt>
<trkpt lat="36.0433477" lon="127.8712945">
<ele>653.174</ele>
<time>2025-04-13T03:06:39Z</time>
<hdop>3.79</hdop>
</trkpt>
<trkpt lat="36.0433667" lon="127.8712243">
<ele>651.25</ele>
<time>2025-04-13T03:06:44Z</time>
<hdop>3.79</hdop>
</trkpt>
<trkpt lat="36.0433556" lon="127.8711483">
<ele>648.926</ele>
<time>2025-04-13T03:06:49Z</time>
<hdop>3.79</hdop>
</trkpt>
<trkpt lat="36.0433469" lon="127.871081">
<ele>648.405</ele>
<time>2025-04-13T03:06:54Z</time>
<hdop>3.79</hdop>
</trkpt>
<trkpt lat="36.0433464" lon="127.8710118">
<ele>647.232</ele>
<time>2025-04-13T03:06:59Z</time>
<hdop>3.79</hdop>
</trkpt>
<trkpt lat="36.0433419" lon="127.8709383">
<ele>644.738</ele>
<time>2025-04-13T03:07:04Z</time>
<hdop>3.79</hdop>
</trkpt>
<trkpt lat="36.0433176" lon="127.8708745">
<ele>644.686</ele>
<time>2025-04-13T03:07:09Z</time>
<hdop>3.79</hdop>
</trkpt>
<trkpt lat="36.0432846" lon="127.8708177">
<ele>644.847</ele>
<time>2025-04-13T03:07:14Z</time>
<hdop>3.79</hdop>
</trkpt>
<trkpt lat="36.0432487" lon="127.8707713">
<ele>644.802</ele>
<time>2025-04-13T03:07:19Z</time>
<hdop>3.79</hdop>
</trkpt>
<trkpt lat="36.0432372" lon="127.8707228">
<ele>645.819</ele>
<time>2025-04-13T03:07:24Z</time>
<hdop>3.79</hdop>
</trkpt>
<trkpt lat="36.0432287" lon="127.8706828">
<ele>649.432</ele>
<time>2025-04-13T03:07:29Z</time>
<hdop>3.79</hdop>
</trkpt>
<trkpt lat="36.0432152" lon="127.8706639">
<ele>647.982</ele>
<time>2025-04-13T03:07:34Z</time>
<hdop>3.79</hdop>
</trkpt>
<trkpt lat="36.0432015" lon="127.8706254">
<ele>647.341</ele>
<time>2025-04-13T03:07:39Z</time>
<hdop>3.79</hdop>
</trkpt>
<trkpt lat="36.0432235" lon="127.8705821">
<ele>646.18</ele>
<time>2025-04-13T03:07:44Z</time>
<hdop>3.79</hdop>
</trkpt>
<trkpt lat="36.0432572" lon="127.8705395">
<ele>646.0</ele>
<time>2025-04-13T03:07:49Z</time>
<hdop>3.79</hdop>
</trkpt>
<trkpt lat="36.0432952" lon="127.8704951">
<ele>646.706</ele>
<time>2025-04-13T03:07:54Z</time>
<hdop>3.79</hdop>
</trkpt>
<trkpt lat="36.0433223" lon="127.8704478">
<ele>645.463</ele>
<time>2025-04-13T03:07:59Z</time>
<hdop>3.79</hdop>
</trkpt>
<trkpt lat="36.043352" lon="127.8703928">
<ele>644.197</ele>
<time>2025-04-13T03:08:04Z</time>
<hdop>3.79</hdop>
</trkpt>
<trkpt lat="36.0433885" lon="127.870339">
<ele>643.721</ele>
<time>2025-04-13T03:08:09Z</time>
<hdop>3.79</hdop>
</trkpt>
<trkpt lat="36.0434225" lon="127.8702811">
<ele>643.948</ele>
<time>2025-04-13T03:08:14Z</time>
<hdop>3.79</hdop>
</trkpt>
<trkpt lat="36.0434501" lon="127.8702199">
<ele>642.753</ele>
<time>2025-04-13T03:08:19Z</time>
<hdop>3.79</hdop>
</trkpt>
<trkpt lat="36.043493" lon="127.870166">
<ele>642.579</ele>
<time>2025-04-13T03:08:24Z</time>
<hdop>3.79</hdop>
</trkpt>
<trkpt lat="36.0435387" lon="127.8701168">
<ele>642.632</ele>
<time>2025-04-13T03:08:29Z</time>
<hdop>3.79</hdop>
</trkpt>
<trkpt lat="36.0435821" lon="127.8700832">
<ele>642.75</ele>
<time>2025-04-13T03:08:34Z</time>
<hdop>3.79</hdop>
</trkpt>
<trkpt lat="36.0436347" lon="127.8700485">
<ele>642.419</ele>
<time>2025-04-13T03:08:39Z</time>
<hdop>3.79</hdop>
</trkpt>
<trkpt lat="36.0436817" lon="127.8700115">
<ele>641.617</ele>
<time>2025-04-13T03:08:44Z</time>
<hdop>3.79</hdop>
</trkpt>
<trkpt lat="36.0437209" lon="127.8699701">
<ele>640.698</ele>
<time>2025-04-13T03:08:49Z</time>
<hdop>3.79</hdop>
</trkpt>
<trkpt lat="36.0437518" lon="127.8699166">
<ele>639.468</ele>
<time>2025-04-13T03:08:54Z</time>
<hdop>3.79</hdop>
</trkpt>
<trkpt lat="36.043782" lon="127.8698526">
<ele>638.374</ele>
<time>2025-04-13T03:08:59Z</time>
<hdop>3.79</hdop>
</trkpt>
<trkpt lat="36.0438124" lon="127.8697957">
<ele>638.484</ele>
<time>2025-04-13T03:09:04Z</time>
<hdop>3.79</hdop>
</trkpt>
<trkpt lat="36.043848" lon="127.8697448">
<ele>638.513</ele>
<time>2025-04-13T03:09:09Z</time>
<hdop>3.79</hdop>
</trkpt>
<trkpt lat="36.0438901" lon="127.8697016">
<ele>638.979</ele>
<time>2025-04-13T03:09:14Z</time>
<hdop>3.79</hdop>
</trkpt>
<trkpt lat="36.0439325" lon="127.869685">
<ele>638.4</ele>
<time>2025-04-13T03:09:19Z</time>
<hdop>3.79</hdop>
</trkpt>
<trkpt lat="36.0439778" lon="127.869692">
<ele>637.628</ele>
<time>2025-04-13T03:09:24Z</time>
<hdop>3.79</hdop>
</trkpt>
<trkpt lat="36.0440248" lon="127.869712">
<ele>635.315</ele>
<time>2025-04-13T03:09:29Z</time>
<hdop>3.79</hdop>
</trkpt>
<trkpt lat="36.0440702" lon="127.8697396">
<ele>634.265</ele>
<time>2025-04-13T03:09:34Z</time>
<hdop>3.79</hdop>
</trkpt>
<trkpt lat="36.044124" lon="127.8697815">
<ele>634.1</ele>
<time>2025-04-13T03:09:39Z</time>
<hdop>3.79</hdop>
</trkpt>
<trkpt lat="36.044182" lon="127.8698137">
<ele>634.457</ele>
<time>2025-04-13T03:09:44Z</time>
<hdop>3.79</hdop>
</trkpt>
<trkpt lat="36.0442391" lon="127.8698291">
<ele>633.406</ele>
<time>2025-04-13T03:09:49Z</time>
<hdop>3.79</hdop>
</trkpt>
<trkpt lat="36.0442993" lon="127.8698443">
<ele>632.238</ele>
<time>2025-04-13T03:09:54Z</time>
<hdop>3.79</hdop>
</trkpt>
<trkpt lat="36.0443601" lon="127.8698534">
<ele>632.16</ele>
<time>2025-04-13T03:09:59Z</time>
<hdop>3.79</hdop>
</trkpt>
<trkpt lat="36.0444193" lon="127.869868">
<ele>632.493</ele>
<time>2025-04-13T03:10:04Z</time>
<hdop>3.79</hdop>
</trkpt>
<trkpt lat="36.044483" lon="127.8698667">
<ele>631.243</ele>
<time>2025-04-13T03:10:09Z</time>
<hdop>3.79</hdop>
</trkpt>
<trkpt lat="36.044547" lon="127.8698668">
<ele>630.568</ele>
<time>2025-04-13T03:10:14Z</time>
<hdop>3.79</hdop>
</trkpt>
<trkpt lat="36.0446103" lon="127.8698721">
<ele>630.107</ele>
<time>2025-04-13T03:10:19Z</time>
<hdop>3.79</hdop>
</trkpt>
<trkpt lat="36.0446769" lon="127.8698775">
<ele>629.986</ele>
<time>2025-04-13T03:10:24Z</time>
<hdop>3.79</hdop>
</trkpt>
<trkpt lat="36.0447387" lon="127.8698828">
<ele>628.592</ele>
<time>2025-04-13T03:10:29Z</time>
<hdop>3.79</hdop>
</trkpt>
<trkpt lat="36.0447981" lon="127.8698984">
<ele>627.156</ele>
<time>2025-04-13T03:10:34Z</time>
<hdop>3.79</hdop>
</trkpt>
<trkpt lat="36.0448516" lon="127.8699371">
<ele>627.477</ele>
<time>2025-04-13T03:10:39Z</time>
<hdop>3.79</hdop>
</trkpt>
<trkpt lat="36.0449077" lon="127.869969">
<ele>627.137</ele>
<time>2025-04-13T03:10:44Z</time>
<hdop>3.79</hdop>
</trkpt>
<trkpt lat="36.0449686" lon="127.8699796">
<ele>625.559</ele>
<time>2025-04-13T03:10:49Z</time>
<hdop>3.79</hdop>
</trkpt>
<trkpt lat="36.0450291" lon="127.8699903">
<ele>624.539</ele>
<time>2025-04-13T03:10:54Z</time>
<hdop>3.79</hdop>
</trkpt>
<trkpt lat="36.0450906" lon="127.8700061">
<ele>624.754</ele>
<time>2025-04-13T03:10:59Z</time>
<hdop>3.79</hdop>
</trkpt>
<trkpt lat="36.0451555" lon="127.8700133">
<ele>623.326</ele>
<time>2025-04-13T03:11:04Z</time>
<hdop>3.79</hdop>
</trkpt>
<trkpt lat="36.0452203" lon="127.8700195">
<ele>622.494</ele>
<time>2025-04-13T03:11:09Z</time>
<hdop>3.79</hdop>
</trkpt>
<trkpt lat="36.045287" lon="127.8700103">
<ele>622.362</ele>
<time>2025-04-13T03:11:14Z</time>
<hdop>3.79</hdop>
</trkpt>
<trkpt lat="36.0453498" lon="127.8700042">
<ele>620.665</ele>
<time>2025-04-13T03:11:19Z</time>
<hdop>3.79</hdop>
</trkpt>
<trkpt lat="36.0454168" lon="127.8700024">
<ele>620.561</ele>
<time>2025-04-13T03:11:24Z</time>
<hdop>3.79</hdop>
</trkpt>
<trkpt lat="36.0454805" lon="127.870027">
<ele>621.079</ele>
<time>2025-04-13T03:11:29Z</time>
<hdop>3.79</hdop>
</trkpt>
<trkpt lat="36.0455344" lon="127.8700655">
<ele>623.011</ele>
<time>2025-04-13T03:11:34Z</time>
<hdop>3.79</hdop>
</trkpt>
<trkpt lat="36.0455832" lon="127.8701022">
<ele>623.857</ele>
<time>2025-04-13T03:11:39Z</time>
<hdop>3.79</hdop>
</trkpt>
<trkpt lat="36.0456282" lon="127.8701325">
<ele>625.09</ele>
<time>2025-04-13T03:11:44Z</time>
<hdop>3.79</hdop>
</trkpt>
<trkpt lat="36.0456805" lon="127.8701666">
<ele>624.473</ele>
<time>2025-04-13T03:11:49Z</time>
<hdop>3.79</hdop>
</trkpt>
<trkpt lat="36.045721" lon="127.8702293">
<ele>624.507</ele>
<time>2025-04-13T03:11:54Z</time>
<hdop>3.79</hdop>
</trkpt>
<trkpt lat="36.0457673" lon="127.8702753">
<ele>623.538</ele>
<time>2025-04-13T03:11:59Z</time>
<hdop>3.79</hdop>
</trkpt>
<trkpt lat="36.045807" lon="127.8703384">
<ele>622.416</ele>
<time>2025-04-13T03:12:04Z</time>
<hdop>3.79</hdop>
</trkpt>
<trkpt lat="36.0458558" lon="127.8703902">
<ele>623.701</ele>
<time>2025-04-13T03:12:09Z</time>
<hdop>3.79</hdop>
</trkpt>
<trkpt lat="36.0459051" lon="127.8704416">
<ele>621.571</ele>
<time>2025-04-13T03:12:14Z</time>
<hdop>3.79</hdop>
</trkpt>
<trkpt lat="36.045968" lon="127.8704675">
<ele>617.904</ele>
<time>2025-04-13T03:12:19Z</time>
<hdop>3.79</hdop>
</trkpt>
<trkpt lat="36.0460425" lon="127.8704689">
<ele>616.389</ele>
<time>2025-04-13T03:12:24Z</time>
<hdop>3.79</hdop>
</trkpt>
<trkpt lat="36.0460999" lon="127.8704409">
<ele>616.091</ele>
<time>2025-04-13T03:12:29Z</time>
<hdop>3.79</hdop>
</trkpt>
<trkpt lat="36.0461273" lon="127.8703814">
<ele>616.215</ele>
<time>2025-04-13T03:12:34Z</time>
<hdop>3.79</hdop>
</trkpt>
<trkpt lat="36.0461426" lon="127.8703202">
<ele>614.619</ele>
<time>2025-04-13T03:12:39Z</time>
<hdop>3.79</hdop>
</trkpt>
<trkpt lat="36.0461511" lon="127.8702501">
<ele>614.666</ele>
<time>2025-04-13T03:12:44Z</time>
<hdop>3.79</hdop>
</trkpt>
<trkpt lat="36.0461673" lon="127.8701946">
<ele>614.63</ele>
<time>2025-04-13T03:12:49Z</time>
<hdop>3.79</hdop>
</trkpt>
<trkpt lat="36.0461882" lon="127.870151">
<ele>613.694</ele>
<time>2025-04-13T03:12:54Z</time>
<hdop>3.79</hdop>
</trkpt>
<trkpt lat="36.046236" lon="127.8701264">
<ele>612.629</ele>
<time>2025-04-13T03:12:59Z</time>
<hdop>3.79</hdop>
</trkpt>
<trkpt lat="36.0462842" lon="127.8701327">
<ele>611.384</ele>
<time>2025-04-13T03:13:04Z</time>
<hdop>3.79</hdop>
</trkpt>
<trkpt lat="36.0463371" lon="127.8701775">
<ele>609.534</ele>
<time>2025-04-13T03:13:09Z</time>
<hdop>3.79</hdop>
</trkpt>
<trkpt lat="36.0463812" lon="127.8702186">
<ele>608.335</ele>
<time>2025-04-13T03:13:14Z</time>
<hdop>3.79</hdop>
</trkpt>
<trkpt lat="36.046424" lon="127.8702638">
<ele>608.054</ele>
<time>2025-04-13T03:13:19Z</time>
<hdop>3.79</hdop>
</trkpt>
<trkpt lat="36.0464575" lon="127.8703187">
<ele>607.797</ele>
<time>2025-04-13T03:13:24Z</time>
<hdop>3.79</hdop>
</trkpt>
<trkpt lat="36.0464945" lon="127.8703764">
<ele>608.895</ele>
<time>2025-04-13T03:13:29Z</time>
<hdop>3.79</hdop>
</trkpt>
<trkpt lat="36.0465458" lon="127.8704222">
<ele>610.356</ele>
<time>2025-04-13T03:13:34Z</time>
<hdop>3.79</hdop>
</trkpt>
<trkpt lat="36.04661" lon="127.8704411">
<ele>610.81</ele>
<time>2025-04-13T03:13:39Z</time>
<hdop>3.79</hdop>
</trkpt>
<trkpt lat="36.0466615" lon="127.870414">
<ele>609.214</ele>
<time>2025-04-13T03:13:44Z</time>
<hdop>3.79</hdop>
</trkpt>
<trkpt lat="36.0467114" lon="127.8703567">
<ele>608.514</ele>
<time>2025-04-13T03:13:49Z</time>
<hdop>3.79</hdop>
</trkpt>
<trkpt lat="36.0467457" lon="127.8702934">
<ele>607.577</ele>
<time>2025-04-13T03:13:54Z</time>
<hdop>3.79</hdop>
</trkpt>
<trkpt lat="36.0467876" lon="127.8702288">
<ele>607.139</ele>
<time>2025-04-13T03:13:59Z</time>
<hdop>3.79</hdop>
</trkpt>
<trkpt lat="36.0468227" lon="127.8701478">
<ele>607.677</ele>
<time>2025-04-13T03:14:04Z</time>
<hdop>3.79</hdop>
</trkpt>
<trkpt lat="36.0468369" lon="127.8700678">
<ele>607.208</ele>
<time>2025-04-13T03:14:09Z</time>
<hdop>3.79</hdop>
</trkpt>
<trkpt lat="36.046851" lon="127.8699933">
<ele>609.487</ele>
<time>2025-04-13T03:14:14Z</time>
<hdop>3.79</hdop>
</trkpt>
<trkpt lat="36.0468851" lon="127.8699287">
<ele>609.046</ele>
<time>2025-04-13T03:14:19Z</time>
<hdop>3.79</hdop>
</trkpt>
<trkpt lat="36.0469334" lon="127.8699026">
<ele>612.04</ele>
<time>2025-04-13T03:14:24Z</time>
<hdop>3.79</hdop>
</trkpt>
<trkpt lat="36.0469876" lon="127.8698872">
<ele>611.775</ele>
<time>2025-04-13T03:14:29Z</time>
<hdop>3.79</hdop>
</trkpt>
<trkpt lat="36.0470457" lon="127.8698804">
<ele>611.242</ele>
<time>2025-04-13T03:14:34Z</time>
<hdop>3.79</hdop>
</trkpt>
<trkpt lat="36.0471004" lon="127.8698711">
<ele>611.142</ele>
<time>2025-04-13T03:14:39Z</time>
<hdop>3.79</hdop>
</trkpt>
<trkpt lat="36.047154" lon="127.869861">
<ele>610.411</ele>
<time>2025-04-13T03:14:44Z</time>
<hdop>3.79</hdop>
</trkpt>
<trkpt lat="36.0472166" lon="127.8698546">
<ele>611.18</ele>
<time>2025-04-13T03:14:49Z</time>
<hdop>3.79</hdop>
</trkpt>
<trkpt lat="36.0472788" lon="127.8698564">
<ele>611.44</ele>
<time>2025-04-13T03:14:54Z</time>
<hdop>3.79</hdop>
</trkpt>
<trkpt lat="36.0473417" lon="127.8698748">
<ele>611.245</ele>
<time>2025-04-13T03:14:59Z</time>
<hdop>3.79</hdop>
</trkpt>
<trkpt lat="36.047401" lon="127.8699006">
<ele>610.15</ele>
<time>2025-04-13T03:15:04Z</time>
<hdop>3.79</hdop>
</trkpt>
<trkpt lat="36.0474571" lon="127.8699264">
<ele>609.373</ele>
<time>2025-04-13T03:15:09Z</time>
<hdop>3.79</hdop>
</trkpt>
<trkpt lat="36.0475166" lon="127.8699509">
<ele>609.593</ele>
<time>2025-04-13T03:15:14Z</time>
<hdop>3.79</hdop>
</trkpt>
<trkpt lat="36.0475776" lon="127.8699726">
<ele>606.795</ele>
<time>2025-04-13T03:15:19Z</time>
<hdop>3.79</hdop>
</trkpt>
<trkpt lat="36.0476428" lon="127.8699936">
<ele>606.756</ele>
<time>2025-04-13T03:15:24Z</time>
<hdop>3.79</hdop>
</trkpt>
<trkpt lat="36.0476961" lon="127.8700239">
<ele>606.401</ele>
<time>2025-04-13T03:15:29Z</time>
<hdop>3.79</hdop>
</trkpt>
<trkpt lat="36.0477508" lon="127.8700597">
<ele>605.203</ele>
<time>2025-04-13T03:15:34Z</time>
<hdop>3.79</hdop>
</trkpt>
<trkpt lat="36.0478058" lon="127.8700932">
<ele>604.321</ele>
<time>2025-04-13T03:15:39Z</time>
<hdop>3.79</hdop>
</trkpt>
<trkpt lat="36.0478621" lon="127.8701338">
<ele>604.342</ele>
<time>2025-04-13T03:15:44Z</time>
<hdop>3.79</hdop>
</trkpt>
<trkpt lat="36.0479125" lon="127.8701903">
<ele>604.45</ele>
<time>2025-04-13T03:15:49Z</time>
<hdop>3.79</hdop>
</trkpt>
<trkpt lat="36.0479423" lon="127.8702595">
<ele>604.354</ele>
<time>2025-04-13T03:15:54Z</time>
<hdop>3.79</hdop>
</trkpt>
<trkpt lat="36.0479737" lon="127.8703365">
<ele>605.008</ele>
<time>2025-04-13T03:15:59Z</time>
<hdop>3.79</hdop>
</trkpt>
<trkpt lat="36.0480056" lon="127.8704097">
<ele>605.0</ele>
<time>2025-04-13T03:16:04Z</time>
<hdop>3.79</hdop>
</trkpt>
<trkpt lat="36.0480339" lon="127.8704838">
<ele>602.947</ele>
<time>2025-04-13T03:16:09Z</time>
<hdop>3.79</hdop>
</trkpt>
<trkpt lat="36.0480858" lon="127.8705317">
<ele>601.262</ele>
<time>2025-04-13T03:16:14Z</time>
<hdop>3.79</hdop>
</trkpt>
<trkpt lat="36.0481511" lon="127.8705449">
<ele>600.211</ele>
<time>2025-04-13T03:16:19Z</time>
<hdop>3.79</hdop>
</trkpt>
<trkpt lat="36.0482119" lon="127.8705474">
<ele>598.755</ele>
<time>2025-04-13T03:16:24Z</time>
<hdop>3.79</hdop>
</trkpt>
<trkpt lat="36.0482763" lon="127.8705526">
<ele>598.386</ele>
<time>2025-04-13T03:16:29Z</time>
<hdop>3.79</hdop>
</trkpt>
<trkpt lat="36.0483362" lon="127.8705645">
<ele>596.436</ele>
<time>2025-04-13T03:16:34Z</time>
<hdop>3.79</hdop>
</trkpt>
<trkpt lat="36.0484007" lon="127.8705821">
<ele>595.214</ele>
<time>2025-04-13T03:16:39Z</time>
<hdop>3.79</hdop>
</trkpt>
<trkpt lat="36.0484647" lon="127.870601">
<ele>594.929</ele>
<time>2025-04-13T03:16:44Z</time>
<hdop>3.79</hdop>
</trkpt>
<trkpt lat="36.0485319" lon="127.8706112">
<ele>593.23</ele>
<time>2025-04-13T03:16:49Z</time>
<hdop>3.79</hdop>
</trkpt>
<trkpt lat="36.0485963" lon="127.8706357">
<ele>591.654</ele>
<time>2025-04-13T03:16:54Z</time>
<hdop>3.79</hdop>
</trkpt>
<trkpt lat="36.0486603" lon="127.8706579">
<ele>590.518</ele>
<time>2025-04-13T03:16:59Z</time>
<hdop>3.79</hdop>
</trkpt>
<trkpt lat="36.0487264" lon="127.8706764">
<ele>589.563</ele>
<time>2025-04-13T03:17:04Z</time>
<hdop>3.79</hdop>
</trkpt>
<trkpt lat="36.0487857" lon="127.870701">
<ele>589.859</ele>
<time>2025-04-13T03:17:09Z</time>
<hdop>3.79</hdop>
</trkpt>
<trkpt lat="36.0488447" lon="127.870725">
<ele>588.676</ele>
<time>2025-04-13T03:17:14Z</time>
<hdop>3.79</hdop>
</trkpt>
<trkpt lat="36.0489135" lon="127.8707152">
<ele>588.492</ele>
<time>2025-04-13T03:17:19Z</time>
<hdop>3.79</hdop>
</trkpt>
<trkpt lat="36.0489845" lon="127.8707082">
<ele>589.023</ele>
<time>2025-04-13T03:17:24Z</time>
<hdop>3.79</hdop>
</trkpt>
<trkpt lat="36.0490465" lon="127.8707064">
<ele>588.199</ele>
<time>2025-04-13T03:17:29Z</time>
<hdop>3.79</hdop>
</trkpt>
<trkpt lat="36.0491142" lon="127.8707002">
<ele>588.062</ele>
<time>2025-04-13T03:17:34Z</time>
<hdop>3.79</hdop>
</trkpt>
<trkpt lat="36.0491747" lon="127.870716">
<ele>587.457</ele>
<time>2025-04-13T03:17:39Z</time>
<hdop>3.79</hdop>
</trkpt>
<trkpt lat="36.0492316" lon="127.8707497">
<ele>587.686</ele>
<time>2025-04-13T03:17:44Z</time>
<hdop>3.79</hdop>
</trkpt>
<trkpt lat="36.0492942" lon="127.8707807">
<ele>588.256</ele>
<time>2025-04-13T03:17:49Z</time>
<hdop>3.79</hdop>
</trkpt>
<trkpt lat="36.0493582" lon="127.8707887">
<ele>588.02</ele>
<time>2025-04-13T03:17:54Z</time>
<hdop>3.79</hdop>
</trkpt>
<trkpt lat="36.0494232" lon="127.8707972">
<ele>587.652</ele>
<time>2025-04-13T03:17:59Z</time>
<hdop>3.79</hdop>
</trkpt>
<trkpt lat="36.0494863" lon="127.8707937">
<ele>587.205</ele>
<time>2025-04-13T03:18:04Z</time>
<hdop>3.79</hdop>
</trkpt>
<trkpt lat="36.0495573" lon="127.8707864">
<ele>586.864</ele>
<time>2025-04-13T03:18:09Z</time>
<hdop>3.79</hdop>
</trkpt>
<trkpt lat="36.0496236" lon="127.8707766">
<ele>586.969</ele>
<time>2025-04-13T03:18:14Z</time>
<hdop>3.79</hdop>
</trkpt>
<trkpt lat="36.0496868" lon="127.8707684">
<ele>586.841</ele>
<time>2025-04-13T03:18:19Z</time>
<hdop>3.79</hdop>
</trkpt>
<trkpt lat="36.0497493" lon="127.8707603">
<ele>586.584</ele>
<time>2025-04-13T03:18:24Z</time>
<hdop>3.79</hdop>
</trkpt>
<trkpt lat="36.0498134" lon="127.8707621">
<ele>586.51</ele>
<time>2025-04-13T03:18:29Z</time>
<hdop>3.79</hdop>
</trkpt>
<trkpt lat="36.0498767" lon="127.870767">
<ele>585.573</ele>
<time>2025-04-13T03:18:34Z</time>
<hdop>3.79</hdop>
</trkpt>
<trkpt lat="36.0499405" lon="127.8707761">
<ele>585.309</ele>
<time>2025-04-13T03:18:39Z</time>
<hdop>3.79</hdop>
</trkpt>
<trkpt lat="36.0500017" lon="127.8707965">
<ele>585.484</ele>
<time>2025-04-13T03:18:44Z</time>
<hdop>3.79</hdop>
</trkpt>
<trkpt lat="36.050058" lon="127.8708374">
<ele>585.924</ele>
<time>2025-04-13T03:18:49Z</time>
<hdop>3.79</hdop>
</trkpt>
<trkpt lat="36.0501053" lon="127.8708751">
<ele>586.801</ele>
<time>2025-04-13T03:18:54Z</time>
<hdop>3.79</hdop>
</trkpt>
<trkpt lat="36.0501646" lon="127.8708893">
<ele>586.847</ele>
<time>2025-04-13T03:18:59Z</time>
<hdop>3.79</hdop>
</trkpt>
<trkpt lat="36.0502174" lon="127.870928">
<ele>586.569</ele>
<time>2025-04-13T03:19:04Z</time>
<hdop>3.79</hdop>
</trkpt>
<trkpt lat="36.0502724" lon="127.870965">
<ele>585.047</ele>
<time>2025-04-13T03:19:09Z</time>
<hdop>3.79</hdop>
</trkpt>
<trkpt lat="36.0503345" lon="127.8709856">
<ele>584.696</ele>
<time>2025-04-13T03:19:14Z</time>
<hdop>3.79</hdop>
</trkpt>
<trkpt lat="36.0503841" lon="127.8710343">
<ele>584.745</ele>
<time>2025-04-13T03:19:19Z</time>
<hdop>3.79</hdop>
</trkpt>
<trkpt lat="36.0504396" lon="127.8710654">
<ele>584.135</ele>
<time>2025-04-13T03:19:24Z</time>
<hdop>3.79</hdop>
</trkpt>
<trkpt lat="36.0504886" lon="127.8711066">
<ele>583.131</ele>
<time>2025-04-13T03:19:29Z</time>
<hdop>3.79</hdop>
</trkpt>
<trkpt lat="36.0505319" lon="127.8711613">
<ele>582.41</ele>
<time>2025-04-13T03:19:34Z</time>
<hdop>3.79</hdop>
</trkpt>
<trkpt lat="36.050578" lon="127.8712127">
<ele>581.241</ele>
<time>2025-04-13T03:19:39Z</time>
<hdop>3.79</hdop>
</trkpt>
<trkpt lat="36.0506235" lon="127.8712655">
<ele>581.313</ele>
<time>2025-04-13T03:19:44Z</time>
<hdop>3.79</hdop>
</trkpt>
<trkpt lat="36.0506721" lon="127.87131">
<ele>580.834</ele>
<time>2025-04-13T03:19:49Z</time>
<hdop>3.79</hdop>
</trkpt>
<trkpt lat="36.0507204" lon="127.8713605">
<ele>580.535</ele>
<time>2025-04-13T03:19:54Z</time>
<hdop>3.79</hdop>
</trkpt>
<trkpt lat="36.0507714" lon="127.8714052">
<ele>580.074</ele>
<time>2025-04-13T03:19:59Z</time>
<hdop>3.79</hdop>
</trkpt>
<trkpt lat="36.050821" lon="127.8714517">
<ele>579.152</ele>
<time>2025-04-13T03:20:04Z</time>
<hdop>3.79</hdop>
</trkpt>
<trkpt lat="36.050869" lon="127.87151">
<ele>579.193</ele>
<time>2025-04-13T03:20:09Z</time>
<hdop>3.79</hdop>
</trkpt>
<trkpt lat="36.0509204" lon="127.8715579">
<ele>578.663</ele>
<time>2025-04-13T03:20:14Z</time>
<hdop>3.79</hdop>
</trkpt>
<trkpt lat="36.0509756" lon="127.8716098">
<ele>578.836</ele>
<time>2025-04-13T03:20:19Z</time>
<hdop>3.79</hdop>
</trkpt>
<trkpt lat="36.0510306" lon="127.8716487">
<ele>578.166</ele>
<time>2025-04-13T03:20:24Z</time>
<hdop>3.79</hdop>
</trkpt>
<trkpt lat="36.0510861" lon="127.8716838">
<ele>577.189</ele>
<time>2025-04-13T03:20:29Z</time>
<hdop>3.79</hdop>
</trkpt>
<trkpt lat="36.0511338" lon="127.8717374">
<ele>575.84</ele>
<time>2025-04-13T03:20:34Z</time>
<hdop>3.79</hdop>
</trkpt>
<trkpt lat="36.0511814" lon="127.8717878">
<ele>575.187</ele>
<time>2025-04-13T03:20:39Z</time>
<hdop>3.79</hdop>
</trkpt>
<trkpt lat="36.0512312" lon="127.8718404">
<ele>574.258</ele>
<time>2025-04-13T03:20:44Z</time>
<hdop>3.79</hdop>
</trkpt>
<trkpt lat="36.0512791" lon="127.8718943">
<ele>574.27</ele>
<time>2025-04-13T03:20:49Z</time>
<hdop>3.79</hdop>
</trkpt>
<trkpt lat="36.0513241" lon="127.8719529">
<ele>573.914</ele>
<time>2025-04-13T03:20:54Z</time>
<hdop>3.79</hdop>
</trkpt>
<trkpt lat="36.0513756" lon="127.8720038">
<ele>573.287</ele>
<time>2025-04-13T03:20:59Z</time>
<hdop>3.79</hdop>
</trkpt>
<trkpt lat="36.051433" lon="127.8720554">
<ele>573.983</ele>
<time>2025-04-13T03:21:04Z</time>
<hdop>3.79</hdop>
</trkpt>
<trkpt lat="36.0514826" lon="127.872112">
<ele>574.073</ele>
<time>2025-04-13T03:21:09Z</time>
<hdop>3.79</hdop>
</trkpt>
<trkpt lat="36.0515301" lon="127.8721637">
<ele>572.978</ele>
<time>2025-04-13T03:21:14Z</time>
<hdop>3.79</hdop>
</trkpt>
<trkpt lat="36.0515716" lon="127.8722256">
<ele>574.231</ele>
<time>2025-04-13T03:21:19Z</time>
<hdop>3.79</hdop>
</trkpt>
<trkpt lat="36.0516193" lon="127.872279">
<ele>574.792</ele>
<time>2025-04-13T03:21:24Z</time>
<hdop>3.79</hdop>
</trkpt>
<trkpt lat="36.0516683" lon="127.872323">
<ele>574.559</ele>
<time>2025-04-13T03:21:29Z</time>
<hdop>3.79</hdop>
</trkpt>
<trkpt lat="36.0517196" lon="127.8723708">
<ele>574.595</ele>
<time>2025-04-13T03:21:34Z</time>
<hdop>3.79</hdop>
</trkpt>
<trkpt lat="36.0517771" lon="127.8724081">
<ele>573.518</ele>
<time>2025-04-13T03:21:39Z</time>
<hdop>3.79</hdop>
</trkpt>
<trkpt lat="36.0518397" lon="127.8724274">
<ele>572.524</ele>
<time>2025-04-13T03:21:44Z</time>
<hdop>3.79</hdop>
</trkpt>
<trkpt lat="36.0518998" lon="127.8724533">
<ele>571.51</ele>
<time>2025-04-13T03:21:49Z</time>
<hdop>3.79</hdop>
</trkpt>
<trkpt lat="36.0519566" lon="127.8724899">
<ele>571.743</ele>
<time>2025-04-13T03:21:54Z</time>
<hdop>3.79</hdop>
</trkpt>
<trkpt lat="36.0520189" lon="127.8725208">
<ele>571.994</ele>
<time>2025-04-13T03:21:59Z</time>
<hdop>3.79</hdop>
</trkpt>
<trkpt lat="36.0520777" lon="127.8725514">
<ele>572.132</ele>
<time>2025-04-13T03:22:04Z</time>
<hdop>3.79</hdop>
</trkpt>
<trkpt lat="36.0521401" lon="127.8725623">
<ele>570.324</ele>
<time>2025-04-13T03:22:09Z</time>
<hdop>3.79</hdop>
</trkpt>
<trkpt lat="36.0521991" lon="127.8725845">
<ele>568.863</ele>
<time>2025-04-13T03:22:14Z</time>
<hdop>3.79</hdop>
</trkpt>
<trkpt lat="36.0522569" lon="127.8726185">
<ele>569.783</ele>
<time>2025-04-13T03:22:19Z</time>
<hdop>3.79</hdop>
</trkpt>
<trkpt lat="36.0523064" lon="127.8726642">
<ele>569.877</ele>
<time>2025-04-13T03:22:24Z</time>
<hdop>3.79</hdop>
</trkpt>
<trkpt lat="36.0523548" lon="127.8727062">
<ele>568.784</ele>
<time>2025-04-13T03:22:29Z</time>
<hdop>3.79</hdop>
</trkpt>
<trkpt lat="36.0524002" lon="127.8727561">
<ele>567.181</ele>
<time>2025-04-13T03:22:34Z</time>
<hdop>3.79</hdop>
</trkpt>
<trkpt lat="36.0524457" lon="127.8728072">
<ele>566.859</ele>
<time>2025-04-13T03:22:39Z</time>
<hdop>3.79</hdop>
</trkpt>
<trkpt lat="36.0524864" lon="127.8728599">
<ele>567.023</ele>
<time>2025-04-13T03:22:44Z</time>
<hdop>3.79</hdop>
</trkpt>
<trkpt lat="36.0525263" lon="127.8729225">
<ele>566.626</ele>
<time>2025-04-13T03:22:49Z</time>
<hdop>3.79</hdop>
</trkpt>
<trkpt lat="36.0525764" lon="127.8729706">
<ele>565.871</ele>
<time>2025-04-13T03:22:54Z</time>
<hdop>3.79</hdop>
</trkpt>
<trkpt lat="36.0526209" lon="127.8730265">
<ele>565.525</ele>
<time>2025-04-13T03:22:59Z</time>
<hdop>3.79</hdop>
</trkpt>
<trkpt lat="36.0526704" lon="127.8730743">
<ele>565.284</ele>
<time>2025-04-13T03:23:04Z</time>
<hdop>3.79</hdop>
</trkpt>
<trkpt lat="36.0527159" lon="127.8731214">
<ele>564.753</ele>
<time>2025-04-13T03:23:09Z</time>
<hdop>3.79</hdop>
</trkpt>
<trkpt lat="36.0527648" lon="127.8731682">
<ele>563.794</ele>
<time>2025-04-13T03:23:14Z</time>
<hdop>3.79</hdop>
</trkpt>
<trkpt lat="36.0528173" lon="127.8732009">
<ele>561.718</ele>
<time>2025-04-13T03:23:19Z</time>
<hdop>3.79</hdop>
</trkpt>
<trkpt lat="36.0528734" lon="127.8732376">
<ele>559.521</ele>
<time>2025-04-13T03:23:24Z</time>
<hdop>3.79</hdop>
</trkpt>
<trkpt lat="36.0529359" lon="127.8732585">
<ele>557.922</ele>
<time>2025-04-13T03:23:29Z</time>
<hdop>3.79</hdop>
</trkpt>
<trkpt lat="36.0530032" lon="127.8732657">
<ele>557.22</ele>
<time>2025-04-13T03:23:34Z</time>
<hdop>3.79</hdop>
</trkpt>
<trkpt lat="36.0530687" lon="127.8732569">
<ele>555.598</ele>
<time>2025-04-13T03:23:39Z</time>
<hdop>3.79</hdop>
</trkpt>
<trkpt lat="36.0531393" lon="127.8732451">
<ele>554.705</ele>
<time>2025-04-13T03:23:44Z</time>
<hdop>3.79</hdop>
</trkpt>
<trkpt lat="36.0532019" lon="127.8732219">
<ele>554.303</ele>
<time>2025-04-13T03:23:49Z</time>
<hdop>3.79</hdop>
</trkpt>
<trkpt lat="36.0532608" lon="127.873186">
<ele>552.683</ele>
<time>2025-04-13T03:23:54Z</time>
<hdop>3.79</hdop>
</trkpt>
<trkpt lat="36.0533238" lon="127.873149">
<ele>552.254</ele>
<time>2025-04-13T03:23:59Z</time>
<hdop>3.79</hdop>
</trkpt>
<trkpt lat="36.0533841" lon="127.8731176">
<ele>550.261</ele>
<time>2025-04-13T03:24:04Z</time>
<hdop>3.79</hdop>
</trkpt>
<trkpt lat="36.0534416" lon="127.8730857">
<ele>547.972</ele>
<time>2025-04-13T03:24:09Z</time>
<hdop>3.79</hdop>
</trkpt>
<trkpt lat="36.0534995" lon="127.8730531">
<ele>547.394</ele>
<time>2025-04-13T03:24:14Z</time>
<hdop>3.79</hdop>
</trkpt>
<trkpt lat="36.0535529" lon="127.873004">
<ele>545.963</ele>
<time>2025-04-13T03:24:19Z</time>
<hdop>3.79</hdop>
</trkpt>
<trkpt lat="36.0536062" lon="127.8729547">
<ele>546.924</ele>
<time>2025-04-13T03:24:24Z</time>
<hdop>3.79</hdop>
</trkpt>
<trkpt lat="36.0536597" lon="127.8729117">
<ele>546.501</ele>
<time>2025-04-13T03:24:29Z</time>
<hdop>3.79</hdop>
</trkpt>
<trkpt lat="36.0537126" lon="127.8728681">
<ele>546.266</ele>
<time>2025-04-13T03:24:34Z</time>
<hdop>3.79</hdop>
</trkpt>
<trkpt lat="36.053768" lon="127.8728252">
<ele>544.514</ele>
<time>2025-04-13T03:24:39Z</time>
<hdop>3.79</hdop>
</trkpt>
<trkpt lat="36.0538191" lon="127.8727781">
<ele>542.312</ele>
<time>2025-04-13T03:24:44Z</time>
<hdop>3.79</hdop>
</trkpt>
<trkpt lat="36.0538759" lon="127.8727312">
<ele>541.977</ele>
<time>2025-04-13T03:24:49Z</time>
<hdop>3.79</hdop>
</trkpt>
<trkpt lat="36.0539253" lon="127.8726853">
<ele>540.358</ele>
<time>2025-04-13T03:24:54Z</time>
<hdop>3.79</hdop>
</trkpt>
<trkpt lat="36.0539697" lon="127.8726354">
<ele>540.281</ele>
<time>2025-04-13T03:24:59Z</time>
<hdop>3.79</hdop>
</trkpt>
<trkpt lat="36.0539952" lon="127.8726199">
<ele>540.586</ele>
<time>2025-04-13T03:25:04Z</time>
<hdop>3.79</hdop>
</trkpt>
<trkpt lat="36.0540237" lon="127.8725714">
<ele>539.701</ele>
<time>2025-04-13T03:25:09Z</time>
<hdop>3.79</hdop>
</trkpt>
<trkpt lat="36.0540664" lon="127.8725281">
<ele>539.248</ele>
<time>2025-04-13T03:25:14Z</time>
<hdop>3.79</hdop>
</trkpt>
<trkpt lat="36.054104" lon="127.8724735">
<ele>538.674</ele>
<time>2025-04-13T03:25:19Z</time>
<hdop>3.79</hdop>
</trkpt>
<trkpt lat="36.0541505" lon="127.8724222">
<ele>537.419</ele>
<time>2025-04-13T03:25:24Z</time>
<hdop>3.79</hdop>
</trkpt>
<trkpt lat="36.0541933" lon="127.8723557">
<ele>537.617</ele>
<time>2025-04-13T03:25:29Z</time>
<hdop>3.79</hdop>
</trkpt>
<trkpt lat="36.0542338" lon="127.8722877">
<ele>536.921</ele>
<time>2025-04-13T03:25:34Z</time>
<hdop>3.79</hdop>
</trkpt>
<trkpt lat="36.054274" lon="127.872238">
<ele>537.376</ele>
<time>2025-04-13T03:25:39Z</time>
<hdop>3.79</hdop>
</trkpt>
<trkpt lat="36.0543123" lon="127.872181">
<ele>537.037</ele>
<time>2025-04-13T03:25:44Z</time>
<hdop>3.79</hdop>
</trkpt>
<trkpt lat="36.0543528" lon="127.8721216">
<ele>536.263</ele>
<time>2025-04-13T03:25:49Z</time>
<hdop>3.79</hdop>
</trkpt>
<trkpt lat="36.0543937" lon="127.8720557">
<ele>536.598</ele>
<time>2025-04-13T03:25:54Z</time>
<hdop>3.79</hdop>
</trkpt>
<trkpt lat="36.0544323" lon="127.8719898">
<ele>537.645</ele>
<time>2025-04-13T03:25:59Z</time>
<hdop>3.79</hdop>
</trkpt>
<trkpt lat="36.0544795" lon="127.8719431">
<ele>537.95</ele>
<time>2025-04-13T03:26:04Z</time>
<hdop>3.79</hdop>
</trkpt>
<trkpt lat="36.0545294" lon="127.8718901">
<ele>538.431</ele>
<time>2025-04-13T03:26:09Z</time>
<hdop>3.79</hdop>
</trkpt>
<trkpt lat="36.0545797" lon="127.8718328">
<ele>538.463</ele>
<time>2025-04-13T03:26:14Z</time>
<hdop>3.79</hdop>
</trkpt>
<trkpt lat="36.0546293" lon="127.8717831">
<ele>538.401</ele>
<time>2025-04-13T03:26:19Z</time>
<hdop>3.79</hdop>
</trkpt>
<trkpt lat="36.0546885" lon="127.8717433">
<ele>538.971</ele>
<time>2025-04-13T03:26:24Z</time>
<hdop>3.79</hdop>
</trkpt>
<trkpt lat="36.0547521" lon="127.8717177">
<ele>539.77</ele>
<time>2025-04-13T03:26:29Z</time>
<hdop>3.79</hdop>
</trkpt>
<trkpt lat="36.0548028" lon="127.8716935">
<ele>540.141</ele>
<time>2025-04-13T03:26:34Z</time>
<hdop>3.79</hdop>
</trkpt>
<trkpt lat="36.0548193" lon="127.8716553">
<ele>540.377</ele>
<time>2025-04-13T03:26:39Z</time>
<hdop>3.79</hdop>
</trkpt>
<trkpt lat="36.0548193" lon="127.8716553">
<ele>539.806</ele>
<time>2025-04-13T03:26:44Z</time>
<hdop>3.79</hdop>
</trkpt>
<trkpt lat="36.0548195" lon="127.8716582">
<ele>539.577</ele>
<time>2025-04-13T03:26:49Z</time>
<hdop>3.79</hdop>
</trkpt>
<trkpt lat="36.054859" lon="127.8716732">
<ele>539.421</ele>
<time>2025-04-13T03:26:54Z</time>
<hdop>3.79</hdop>
</trkpt>
<trkpt lat="36.0549244" lon="127.8716867">
<ele>540.525</ele>
<time>2025-04-13T03:26:59Z</time>
<hdop>3.79</hdop>
</trkpt>
<trkpt lat="36.0549642" lon="127.8716952">
<ele>540.265</ele>
<time>2025-04-13T03:27:04Z</time>
<hdop>3.79</hdop>
</trkpt>
<trkpt lat="36.0549642" lon="127.8716952">
<ele>540.224</ele>
<time>2025-04-13T03:27:09Z</time>
<hdop>3.79</hdop>
</trkpt>
<trkpt lat="36.055032" lon="127.8717231">
<ele>539.425</ele>
<time>2025-04-13T03:27:14Z</time>
<hdop>3.79</hdop>
</trkpt>
<trkpt lat="36.0551009" lon="127.8717599">
<ele>538.535</ele>
<time>2025-04-13T03:27:19Z</time>
<hdop>3.79</hdop>
</trkpt>
<trkpt lat="36.0551654" lon="127.8718157">
<ele>538.981</ele>
<time>2025-04-13T03:27:24Z</time>
<hdop>3.79</hdop>
</trkpt>
<trkpt lat="36.0552212" lon="127.8718749">
<ele>538.26</ele>
<time>2025-04-13T03:27:29Z</time>
<hdop>3.79</hdop>
</trkpt>
<trkpt lat="36.0552761" lon="127.8719331">
<ele>536.717</ele>
<time>2025-04-13T03:27:34Z</time>
<hdop>3.79</hdop>
</trkpt>
<trkpt lat="36.0552863" lon="127.871966">
<ele>536.924</ele>
<time>2025-04-13T03:27:39Z</time>
<hdop>3.79</hdop>
</trkpt>
<trkpt lat="36.055282" lon="127.8719697">
<ele>537.045</ele>
<time>2025-04-13T03:27:44Z</time>
<hdop>3.79</hdop>
</trkpt>
<trkpt lat="36.055282" lon="127.8719697">
<ele>536.971</ele>
<time>2025-04-13T03:27:49Z</time>
<hdop>3.79</hdop>
</trkpt>
<trkpt lat="36.0553234" lon="127.8719734">
<ele>536.458</ele>
<time>2025-04-13T03:27:54Z</time>
<hdop>3.79</hdop>
</trkpt>
<trkpt lat="36.0553723" lon="127.8720445">
<ele>534.128</ele>
<time>2025-04-13T03:27:59Z</time>
<hdop>3.79</hdop>
</trkpt>
<trkpt lat="36.0554034" lon="127.8721199">
<ele>534.271</ele>
<time>2025-04-13T03:28:04Z</time>
<hdop>3.79</hdop>
</trkpt>
<trkpt lat="36.0554425" lon="127.8721945">
<ele>532.744</ele>
<time>2025-04-13T03:28:09Z</time>
<hdop>3.79</hdop>
</trkpt>
<trkpt lat="36.0554962" lon="127.872233">
<ele>532.164</ele>
<time>2025-04-13T03:28:14Z</time>
<hdop>3.79</hdop>
</trkpt>
<trkpt lat="36.0555444" lon="127.8722611">
<ele>529.372</ele>
<time>2025-04-13T03:28:19Z</time>
<hdop>3.79</hdop>
</trkpt>
<trkpt lat="36.0556093" lon="127.8722691">
<ele>528.69</ele>
<time>2025-04-13T03:28:24Z</time>
<hdop>3.79</hdop>
</trkpt>
<trkpt lat="36.0556593" lon="127.8722804">
<ele>528.061</ele>
<time>2025-04-13T03:28:29Z</time>
<hdop>3.79</hdop>
</trkpt>
<trkpt lat="36.0556593" lon="127.8722804">
<ele>528.709</ele>
<time>2025-04-13T03:28:34Z</time>
<hdop>3.79</hdop>
</trkpt>
<trkpt lat="36.0556593" lon="127.8722804">
<ele>528.59</ele>
<time>2025-04-13T03:28:39Z</time>
<hdop>3.79</hdop>
</trkpt>
<trkpt lat="36.0556593" lon="127.8722804">
<ele>528.101</ele>
<time>2025-04-13T03:28:44Z</time>
<hdop>3.79</hdop>
</trkpt>
<trkpt lat="36.0556593" lon="127.8722804">
<ele>527.969</ele>
<time>2025-04-13T03:28:49Z</time>
<hdop>3.79</hdop>
</trkpt>
<trkpt lat="36.0556593" lon="127.8722804">
<ele>528.874</ele>
<time>2025-04-13T03:28:54Z</time>
<hdop>3.79</hdop>
</trkpt>
<trkpt lat="36.0556593" lon="127.8722804">
<ele>530.351</ele>
<time>2025-04-13T03:28:59Z</time>
<hdop>3.79</hdop>
</trkpt>
<trkpt lat="36.0556593" lon="127.8722804">
<ele>530.465</ele>
<time>2025-04-13T03:29:04Z</time>
<hdop>3.79</hdop>
</trkpt>
<trkpt lat="36.0556593" lon="127.8722804">
<ele>530.459</ele>
<time>2025-04-13T03:29:09Z</time>
<hdop>3.79</hdop>
</trkpt>
<trkpt lat="36.0556593" lon="127.8722804">
<ele>529.737</ele>
<time>2025-04-13T03:29:14Z</time>
<hdop>3.79</hdop>
</trkpt>
<trkpt lat="36.0556593" lon="127.8722804">
<ele>529.781</ele>
<time>2025-04-13T03:29:19Z</time>
<hdop>3.79</hdop>
</trkpt>
<trkpt lat="36.0556593" lon="127.8722804">
<ele>529.719</ele>
<time>2025-04-13T03:29:24Z</time>
<hdop>3.79</hdop>
</trkpt>
<trkpt lat="36.0556593" lon="127.8722804">
<ele>530.609</ele>
<time>2025-04-13T03:29:29Z</time>
<hdop>3.79</hdop>
</trkpt>
<trkpt lat="36.0556593" lon="127.8722804">
<ele>530.188</ele>
<time>2025-04-13T03:29:34Z</time>
<hdop>3.79</hdop>
</trkpt>
<trkpt lat="36.0556593" lon="127.8722804">
<ele>529.306</ele>
<time>2025-04-13T03:29:39Z</time>
<hdop>3.79</hdop>
</trkpt>
<trkpt lat="36.0556593" lon="127.8722804">
<ele>527.929</ele>
<time>2025-04-13T03:29:44Z</time>
<hdop>3.79</hdop>
</trkpt>
<trkpt lat="36.0556593" lon="127.8722804">
<ele>529.532</ele>
<time>2025-04-13T03:29:49Z</time>
<hdop>3.79</hdop>
</trkpt>
<trkpt lat="36.0557374" lon="127.8723515">
<ele>529.893</ele>
<time>2025-04-13T03:29:54Z</time>
<hdop>3.79</hdop>
</trkpt>
<trkpt lat="36.0557415" lon="127.8723561">
<ele>529.766</ele>
<time>2025-04-13T03:29:59Z</time>
<hdop>3.79</hdop>
</trkpt>
<trkpt lat="36.0557965" lon="127.8723779">
<ele>528.289</ele>
<time>2025-04-13T03:30:04Z</time>
<hdop>3.79</hdop>
</trkpt>
<trkpt lat="36.0558432" lon="127.8724045">
<ele>526.061</ele>
<time>2025-04-13T03:30:09Z</time>
<hdop>3.79</hdop>
</trkpt>
<trkpt lat="36.0558937" lon="127.8724463">
<ele>526.68</ele>
<time>2025-04-13T03:30:14Z</time>
<hdop>3.79</hdop>
</trkpt>
<trkpt lat="36.055947" lon="127.8724825">
<ele>526.85</ele>
<time>2025-04-13T03:30:19Z</time>
<hdop>3.79</hdop>
</trkpt>
<trkpt lat="36.0559962" lon="127.8725231">
<ele>527.138</ele>
<time>2025-04-13T03:30:24Z</time>
<hdop>3.79</hdop>
</trkpt>
<trkpt lat="36.056044" lon="127.8725607">
<ele>527.876</ele>
<time>2025-04-13T03:30:29Z</time>
<hdop>3.79</hdop>
</trkpt>
<trkpt lat="36.056086" lon="127.872597">
<ele>527.763</ele>
<time>2025-04-13T03:30:34Z</time>
<hdop>3.79</hdop>
</trkpt>
<trkpt lat="36.0561311" lon="127.8726417">
<ele>527.194</ele>
<time>2025-04-13T03:30:39Z</time>
<hdop>3.79</hdop>
</trkpt>
<trkpt lat="36.0561785" lon="127.8726801">
<ele>528.097</ele>
<time>2025-04-13T03:30:44Z</time>
<hdop>3.79</hdop>
</trkpt>
<trkpt lat="36.0562268" lon="127.8727142">
<ele>528.114</ele>
<time>2025-04-13T03:30:49Z</time>
<hdop>3.79</hdop>
</trkpt>
<trkpt lat="36.0562709" lon="127.8727456">
<ele>527.443</ele>
<time>2025-04-13T03:30:54Z</time>
<hdop>3.79</hdop>
</trkpt>
<trkpt lat="36.0563298" lon="127.8727523">
<ele>527.271</ele>
<time>2025-04-13T03:30:59Z</time>
<hdop>3.79</hdop>
</trkpt>
<trkpt lat="36.0563806" lon="127.8727772">
<ele>526.793</ele>
<time>2025-04-13T03:31:04Z</time>
<hdop>3.79</hdop>
</trkpt>
<trkpt lat="36.0564327" lon="127.8727996">
<ele>525.614</ele>
<time>2025-04-13T03:31:09Z</time>
<hdop>3.79</hdop>
</trkpt>
<trkpt lat="36.0564833" lon="127.8728237">
<ele>525.873</ele>
<time>2025-04-13T03:31:14Z</time>
<hdop>3.79</hdop>
</trkpt>
<trkpt lat="36.0565375" lon="127.8728419">
<ele>525.134</ele>
<time>2025-04-13T03:31:19Z</time>
<hdop>3.79</hdop>
</trkpt>
<trkpt lat="36.0565926" lon="127.8728693">
<ele>524.853</ele>
<time>2025-04-13T03:31:24Z</time>
<hdop>3.79</hdop>
</trkpt>
<trkpt lat="36.0566501" lon="127.8728941">
<ele>523.862</ele>
<time>2025-04-13T03:31:29Z</time>
<hdop>3.79</hdop>
</trkpt>
<trkpt lat="36.0567015" lon="127.8729223">
<ele>523.397</ele>
<time>2025-04-13T03:31:34Z</time>
<hdop>3.79</hdop>
</trkpt>
<trkpt lat="36.0567592" lon="127.8729472">
<ele>523.373</ele>
<time>2025-04-13T03:31:39Z</time>
<hdop>3.79</hdop>
</trkpt>
<trkpt lat="36.056817" lon="127.8729673">
<ele>522.778</ele>
<time>2025-04-13T03:31:44Z</time>
<hdop>3.79</hdop>
</trkpt>
<trkpt lat="36.056878" lon="127.8729822">
<ele>522.177</ele>
<time>2025-04-13T03:31:49Z</time>
<hdop>3.79</hdop>
</trkpt>
<trkpt lat="36.0569417" lon="127.8729971">
<ele>521.907</ele>
<time>2025-04-13T03:31:54Z</time>
<hdop>3.79</hdop>
</trkpt>
<trkpt lat="36.056997" lon="127.8730146">
<ele>520.244</ele>
<time>2025-04-13T03:31:59Z</time>
<hdop>3.79</hdop>
</trkpt>
<trkpt lat="36.0570405" lon="127.8730524">
<ele>519.561</ele>
<time>2025-04-13T03:32:04Z</time>
<hdop>3.79</hdop>
</trkpt>
<trkpt lat="36.0570669" lon="127.8731276">
<ele>519.795</ele>
<time>2025-04-13T03:32:09Z</time>
<hdop>3.79</hdop>
</trkpt>
<trkpt lat="36.0570947" lon="127.8731961">
<ele>518.575</ele>
<time>2025-04-13T03:32:14Z</time>
<hdop>3.79</hdop>
</trkpt>
<trkpt lat="36.0571413" lon="127.8732526">
<ele>518.144</ele>
<time>2025-04-13T03:32:19Z</time>
<hdop>3.79</hdop>
</trkpt>
<trkpt lat="36.057201" lon="127.8732871">
<ele>517.93</ele>
<time>2025-04-13T03:32:24Z</time>
<hdop>3.79</hdop>
</trkpt>
<trkpt lat="36.0572584" lon="127.873301">
<ele>518.199</ele>
<time>2025-04-13T03:32:29Z</time>
<hdop>3.79</hdop>
</trkpt>
<trkpt lat="36.0573193" lon="127.8733275">
<ele>518.043</ele>
<time>2025-04-13T03:32:34Z</time>
<hdop>3.79</hdop>
</trkpt>
<trkpt lat="36.0573826" lon="127.8733463">
<ele>517.597</ele>
<time>2025-04-13T03:32:39Z</time>
<hdop>3.79</hdop>
</trkpt>
<trkpt lat="36.057444" lon="127.8733727">
<ele>517.101</ele>
<time>2025-04-13T03:32:44Z</time>
<hdop>3.79</hdop>
</trkpt>
<trkpt lat="36.0574989" lon="127.8734049">
<ele>515.619</ele>
<time>2025-04-13T03:32:49Z</time>
<hdop>3.79</hdop>
</trkpt>
<trkpt lat="36.0575527" lon="127.8734398">
<ele>516.644</ele>
<time>2025-04-13T03:32:54Z</time>
<hdop>3.79</hdop>
</trkpt>
<trkpt lat="36.0575923" lon="127.8734357">
<ele>516.994</ele>
<time>2025-04-13T03:32:59Z</time>
<hdop>3.79</hdop>
</trkpt>
<trkpt lat="36.0576051" lon="127.8733836">
<ele>515.526</ele>
<time>2025-04-13T03:33:03Z</time>
<hdop>3.79</hdop>
</trkpt>
<trkpt lat="36.0576051" lon="127.8733836">
<ele>515.332</ele>
<time>2025-04-13T03:33:13Z</time>
<hdop>3.79</hdop>
</trkpt>
<trkpt lat="36.0576051" lon="127.8733836">
<ele>515.797</ele>
<time>2025-04-13T03:33:18Z</time>
<hdop>3.79</hdop>
</trkpt>
<trkpt lat="36.0576051" lon="127.8733836">
<ele>515.669</ele>
<time>2025-04-13T03:33:21Z</time>
<hdop>3.79</hdop>
</trkpt>
<trkpt lat="36.0576261" lon="127.8734276">
<ele>515.345</ele>
<time>2025-04-13T03:33:31Z</time>
<hdop>3.79</hdop>
</trkpt>
<trkpt lat="36.0576688" lon="127.8734691">
<ele>514.945</ele>
<time>2025-04-13T03:33:36Z</time>
<hdop>3.79</hdop>
</trkpt>
<trkpt lat="36.0577064" lon="127.8734958">
<ele>514.693</ele>
<time>2025-04-13T03:33:41Z</time>
<hdop>3.79</hdop>
</trkpt>
<trkpt lat="36.0577361" lon="127.8735429">
<ele>515.484</ele>
<time>2025-04-13T03:33:50Z</time>
<hdop>3.79</hdop>
</trkpt>
<trkpt lat="36.0577813" lon="127.8735616">
<ele>516.59</ele>
<time>2025-04-13T03:33:55Z</time>
<hdop>3.79</hdop>
</trkpt>
<trkpt lat="36.0577961" lon="127.8735701">
<ele>516.02</ele>
<time>2025-04-13T03:34:00Z</time>
<hdop>3.79</hdop>
</trkpt>
<trkpt lat="36.0577961" lon="127.8735701">
<ele>516.9</ele>
<time>2025-04-13T03:34:04Z</time>
<hdop>3.79</hdop>
</trkpt>
<trkpt lat="36.0577961" lon="127.8735701">
<ele>517.412</ele>
<time>2025-04-13T03:34:14Z</time>
<hdop>3.79</hdop>
</trkpt>
<trkpt lat="36.0577961" lon="127.8735701">
<ele>517.273</ele>
<time>2025-04-13T03:34:19Z</time>
<hdop>3.79</hdop>
</trkpt>
<trkpt lat="36.0577961" lon="127.8735701">
<ele>516.928</ele>
<time>2025-04-13T03:34:24Z</time>
<hdop>3.79</hdop>
</trkpt>
<trkpt lat="36.0577961" lon="127.8735701">
<ele>515.8</ele>
<time>2025-04-13T03:34:29Z</time>
<hdop>3.79</hdop>
</trkpt>
<trkpt lat="36.0577961" lon="127.8735701">
<ele>514.828</ele>
<time>2025-04-13T03:34:34Z</time>
<hdop>3.79</hdop>
</trkpt>
<trkpt lat="36.0577961" lon="127.8735701">
<ele>514.908</ele>
<time>2025-04-13T03:34:39Z</time>
<hdop>3.79</hdop>
</trkpt>
<trkpt lat="36.0577961" lon="127.8735701">
<ele>514.959</ele>
<time>2025-04-13T03:34:44Z</time>
<hdop>3.79</hdop>
</trkpt>
<trkpt lat="36.0577709" lon="127.8736028">
<ele>514.69</ele>
<time>2025-04-13T03:34:49Z</time>
<hdop>3.79</hdop>
</trkpt>
<trkpt lat="36.0577701" lon="127.8736049">
<ele>514.379</ele>
<time>2025-04-13T03:34:54Z</time>
<hdop>3.79</hdop>
</trkpt>
<trkpt lat="36.0577689" lon="127.8736061">
<ele>514.411</ele>
<time>2025-04-13T03:34:59Z</time>
<hdop>3.79</hdop>
</trkpt>
<trkpt lat="36.057769" lon="127.8736071">
<ele>514.437</ele>
<time>2025-04-13T03:35:04Z</time>
<hdop>3.79</hdop>
</trkpt>
<trkpt lat="36.0578133" lon="127.8736273">
<ele>513.541</ele>
<time>2025-04-13T03:35:09Z</time>
<hdop>3.79</hdop>
</trkpt>
<trkpt lat="36.057852" lon="127.8736541">
<ele>513.564</ele>
<time>2025-04-13T03:35:14Z</time>
<hdop>3.79</hdop>
</trkpt>
<trkpt lat="36.0578943" lon="127.8736955">
<ele>513.115</ele>
<time>2025-04-13T03:35:19Z</time>
<hdop>3.79</hdop>
</trkpt>
<trkpt lat="36.0579367" lon="127.8737438">
<ele>513.358</ele>
<time>2025-04-13T03:35:24Z</time>
<hdop>3.79</hdop>
</trkpt>
<trkpt lat="36.05798" lon="127.8737995">
<ele>513.214</ele>
<time>2025-04-13T03:35:29Z</time>
<hdop>3.79</hdop>
</trkpt>
<trkpt lat="36.0580112" lon="127.8738449">
<ele>513.603</ele>
<time>2025-04-13T03:35:34Z</time>
<hdop>3.79</hdop>
</trkpt>
<trkpt lat="36.0580385" lon="127.8739009">
<ele>513.015</ele>
<time>2025-04-13T03:35:39Z</time>
<hdop>3.79</hdop>
</trkpt>
<trkpt lat="36.0580621" lon="127.8739581">
<ele>513.662</ele>
<time>2025-04-13T03:35:44Z</time>
<hdop>3.79</hdop>
</trkpt>
<trkpt lat="36.0580621" lon="127.8739581">
<ele>509.073</ele>
<time>2025-04-13T03:35:49Z</time>
<hdop>3.79</hdop>
</trkpt>
<trkpt lat="36.0580621" lon="127.8739581">
<ele>508.648</ele>
<time>2025-04-13T03:35:54Z</time>
<hdop>3.79</hdop>
</trkpt>
<trkpt lat="36.0580659" lon="127.8740194">
<ele>508.631</ele>
<time>2025-04-13T03:35:59Z</time>
<hdop>3.79</hdop>
</trkpt>
<trkpt lat="36.0581015" lon="127.8740732">
<ele>508.014</ele>
<time>2025-04-13T03:36:04Z</time>
<hdop>3.79</hdop>
</trkpt>
<trkpt lat="36.0581409" lon="127.8741238">
<ele>506.703</ele>
<time>2025-04-13T03:36:09Z</time>
<hdop>3.79</hdop>
</trkpt>
<trkpt lat="36.0581795" lon="127.8741811">
<ele>506.356</ele>
<time>2025-04-13T03:36:14Z</time>
<hdop>3.79</hdop>
</trkpt>
<trkpt lat="36.058213" lon="127.87424">
<ele>505.95</ele>
<time>2025-04-13T03:36:19Z</time>
<hdop>3.79</hdop>
</trkpt>
<trkpt lat="36.0582524" lon="127.8742992">
<ele>506.022</ele>
<time>2025-04-13T03:36:24Z</time>
<hdop>3.79</hdop>
</trkpt>
<trkpt lat="36.0582895" lon="127.8743585">
<ele>505.413</ele>
<time>2025-04-13T03:36:29Z</time>
<hdop>3.79</hdop>
</trkpt>
<trkpt lat="36.0583297" lon="127.8744193">
<ele>506.006</ele>
<time>2025-04-13T03:36:34Z</time>
<hdop>3.79</hdop>
</trkpt>
<trkpt lat="36.0583726" lon="127.8744706">
<ele>506.131</ele>
<time>2025-04-13T03:36:39Z</time>
<hdop>3.79</hdop>
</trkpt>
<trkpt lat="36.0584216" lon="127.8745164">
<ele>505.828</ele>
<time>2025-04-13T03:36:44Z</time>
<hdop>3.79</hdop>
</trkpt>
<trkpt lat="36.058471" lon="127.8745527">
<ele>506.168</ele>
<time>2025-04-13T03:36:49Z</time>
<hdop>3.79</hdop>
</trkpt>
<trkpt lat="36.0585208" lon="127.8745985">
<ele>506.214</ele>
<time>2025-04-13T03:36:54Z</time>
<hdop>3.79</hdop>
</trkpt>
<trkpt lat="36.0585723" lon="127.8746422">
<ele>507.093</ele>
<time>2025-04-13T03:36:59Z</time>
<hdop>3.79</hdop>
</trkpt>
<trkpt lat="36.058626" lon="127.8746854">
<ele>507.233</ele>
<time>2025-04-13T03:37:04Z</time>
<hdop>3.79</hdop>
</trkpt>
<trkpt lat="36.0586847" lon="127.8747266">
<ele>507.777</ele>
<time>2025-04-13T03:37:09Z</time>
<hdop>3.79</hdop>
</trkpt>
<trkpt lat="36.0587392" lon="127.874766">
<ele>507.587</ele>
<time>2025-04-13T03:37:14Z</time>
<hdop>3.79</hdop>
</trkpt>
<trkpt lat="36.0587942" lon="127.8747988">
<ele>507.34</ele>
<time>2025-04-13T03:37:19Z</time>
<hdop>3.79</hdop>
</trkpt>
<trkpt lat="36.0588459" lon="127.8748403">
<ele>507.181</ele>
<time>2025-04-13T03:37:24Z</time>
<hdop>3.79</hdop>
</trkpt>
<trkpt lat="36.0588928" lon="127.8748776">
<ele>506.929</ele>
<time>2025-04-13T03:37:29Z</time>
<hdop>3.79</hdop>
</trkpt>
<trkpt lat="36.0589438" lon="127.8749148">
<ele>504.814</ele>
<time>2025-04-13T03:37:34Z</time>
<hdop>3.79</hdop>
</trkpt>
<trkpt lat="36.0590001" lon="127.8749476">
<ele>505.903</ele>
<time>2025-04-13T03:37:39Z</time>
<hdop>3.79</hdop>
</trkpt>
<trkpt lat="36.059049" lon="127.8749755">
<ele>505.701</ele>
<time>2025-04-13T03:37:44Z</time>
<hdop>3.79</hdop>
</trkpt>
<trkpt lat="36.0590973" lon="127.8749998">
<ele>505.937</ele>
<time>2025-04-13T03:37:49Z</time>
<hdop>3.79</hdop>
</trkpt>
<trkpt lat="36.0591569" lon="127.875028">
<ele>506.19</ele>
<time>2025-04-13T03:37:54Z</time>
<hdop>3.79</hdop>
</trkpt>
<trkpt lat="36.0592127" lon="127.8750531">
<ele>506.564</ele>
<time>2025-04-13T03:37:59Z</time>
<hdop>3.79</hdop>
</trkpt>
<trkpt lat="36.0592709" lon="127.8750816">
<ele>506.242</ele>
<time>2025-04-13T03:38:04Z</time>
<hdop>3.79</hdop>
</trkpt>
<trkpt lat="36.0593263" lon="127.8751062">
<ele>505.8</ele>
<time>2025-04-13T03:38:09Z</time>
<hdop>3.79</hdop>
</trkpt>
<trkpt lat="36.0593793" lon="127.875133">
<ele>505.493</ele>
<time>2025-04-13T03:38:14Z</time>
<hdop>3.79</hdop>
</trkpt>
<trkpt lat="36.059437" lon="127.8751501">
<ele>505.168</ele>
<time>2025-04-13T03:38:19Z</time>
<hdop>3.79</hdop>
</trkpt>
<trkpt lat="36.0594801" lon="127.8751691">
<ele>504.916</ele>
<time>2025-04-13T03:38:23Z</time>
<hdop>3.79</hdop>
</trkpt>
<trkpt lat="36.0595411" lon="127.8751966">
<ele>503.901</ele>
<time>2025-04-13T03:38:33Z</time>
<hdop>3.79</hdop>
</trkpt>
<trkpt lat="36.0595988" lon="127.8752156">
<ele>503.361</ele>
<time>2025-04-13T03:38:38Z</time>
<hdop>3.79</hdop>
</trkpt>
<trkpt lat="36.0596405" lon="127.875232">
<ele>504.173</ele>
<time>2025-04-13T03:38:43Z</time>
<hdop>3.79</hdop>
</trkpt>
<trkpt lat="36.0596914" lon="127.8752004">
<ele>503.824</ele>
<time>2025-04-13T03:38:48Z</time>
<hdop>3.79</hdop>
</trkpt>
<trkpt lat="36.0597133" lon="127.8751738">
<ele>503.377</ele>
<time>2025-04-13T03:38:58Z</time>
<hdop>3.79</hdop>
</trkpt>
<trkpt lat="36.0597247" lon="127.875189">
<ele>502.693</ele>
<time>2025-04-13T03:39:03Z</time>
<hdop>3.79</hdop>
</trkpt>
<trkpt lat="36.059794" lon="127.875221">
<ele>502.185</ele>
<time>2025-04-13T03:39:08Z</time>
<hdop>3.79</hdop>
</trkpt>
<trkpt lat="36.0598582" lon="127.875222">
<ele>501.193</ele>
<time>2025-04-13T03:39:13Z</time>
<hdop>3.79</hdop>
</trkpt>
<trkpt lat="36.0599187" lon="127.8752217">
<ele>501.049</ele>
<time>2025-04-13T03:39:18Z</time>
<hdop>3.79</hdop>
</trkpt>
<trkpt lat="36.0599583" lon="127.87522">
<ele>499.865</ele>
<time>2025-04-13T03:39:22Z</time>
<hdop>3.79</hdop>
</trkpt>
<trkpt lat="36.0599583" lon="127.87522">
<ele>498.783</ele>
<time>2025-04-13T03:39:32Z</time>
<hdop>3.79</hdop>
</trkpt>
<trkpt lat="36.0599544" lon="127.8752095">
<ele>500.166</ele>
<time>2025-04-13T03:39:37Z</time>
<hdop>3.79</hdop>
</trkpt>
<trkpt lat="36.0599467" lon="127.8751949">
<ele>501.61</ele>
<time>2025-04-13T03:39:42Z</time>
<hdop>3.79</hdop>
</trkpt>
<trkpt lat="36.0599469" lon="127.8751943">
<ele>501.673</ele>
<time>2025-04-13T03:39:47Z</time>
<hdop>3.79</hdop>
</trkpt>
<trkpt lat="36.0599484" lon="127.8751942">
<ele>501.814</ele>
<time>2025-04-13T03:39:52Z</time>
<hdop>3.79</hdop>
</trkpt>
<trkpt lat="36.0599489" lon="127.875195">
<ele>501.991</ele>
<time>2025-04-13T03:39:57Z</time>
<hdop>3.79</hdop>
</trkpt>
<trkpt lat="36.059951" lon="127.8751946">
<ele>502.543</ele>
<time>2025-04-13T03:40:02Z</time>
<hdop>3.79</hdop>
</trkpt>
</trkseg>
</trk>
</gpx>
